user_id,city_raw,signup_at,referral_source,age_band,preferred_language,primary_device,status,lessons_completed_raw,first_video_at,last_lesson_completed_at,course_completed_at,last_seen_at,last_logged_in_at,engagement_7d_minutes,engagement_3d_minutes,has_training_plan,plan_created_at,plan_lessons_per_week,plan_study_days,plan_study_time,plan_hours_per_week,plan_target_permit_date,plan_has_transport_to_dmv,joined_group_chat,study_hall_sessions_attended,coach_calls_completed,permit_exam_date,permit_result,permit_attempts,lessons_completed,first_video_clean,course_complete_clean,city,engagement_3d_unreliable
u_105634,Boston,2026-03-02 00:33:16,paid_social,18-24,en,laptop,not_started,0,,,,2026-03-02 04:46:42,2026-03-02 00:33:16,0,0,yes,2026-03-02 01:57:16,3.0,Mon|Sun,evening,1.7,2026-05-13,unsure,no,0,0,,,0,0,False,False,Boston,False
u_103906,NYC,2026-03-02 04:45:09,reentry_org,25-34,en,laptop,inactive,9,2026-03-02 04:55:05,2026-03-15 22:59:00,,2026-03-27 13:12:24,2026-03-22 23:25:08,0,0,yes,2026-03-02 05:19:09,5.0,Mon|Thu|Fri,late_night,1.9,2026-04-22,no,yes,4,2,,,0,9,True,False,NYC,False
u_102896,NYC,2026-03-02 04:58:55,paid_social,35-44,en,phone,not_started,0,,,,2026-03-02 14:52:16,2026-03-02 04:58:55,0,0,yes,2026-03-02 05:42:55,3.0,Wed|Sat,late_night,2.7,2026-04-27,no,yes,0,0,,,0,0,False,False,NYC,False
u_104052,Sacramento,2026-03-02 06:34:55,paid_social,55+,en,laptop,permit_passed,21,2026-03-05 23:24:00,2026-04-19 22:44:00,2026-04-19 22:44:00,2026-05-07 15:44:00,2026-04-20 05:46:20,0,0,no,,,,,,,,yes,2,2,2026-05-07,passed,1,21,True,True,Sacramento,False
u_104385,Sacramento,2026-03-02 08:18:13,reentry_org,25-34,en,phone,not_started,0,,,,2026-03-05 09:53:00,2026-03-03 11:50:41,0,0,yes,2026-03-02 09:21:13,5.0,Mon|Wed|Fri,afternoon,3.6,,unsure,yes,0,0,,,0,0,False,False,Sacramento,False
u_100880,NYC,2026-03-02 11:08:37,workforce_center,25-34,en,tablet,withdrawn,3,2026-03-02 14:05:52,2026-03-05 18:03:00,,2026-03-08 08:25:23,2026-03-02 11:08:37,0,0,no,,,,,,,,yes,2,1,,,0,3,True,False,NYC,False
u_102937,NYC,2026-03-02 12:31:58,parole_probation_officer,45-54,en,phone,inactive,3,2026-03-06 18:59:00,2026-03-08 21:42:00,,2026-03-11 01:32:06,2026-03-10 20:01:52,0,0,yes,2026-03-02 12:52:58,10.0,Mon|Tue|Wed|Thu|Fri|Sat|Sun,evening,4.4,2026-03-23,unsure,no,0,2,,,0,3,True,False,NYC,False
u_101454,NYC,2026-03-02 12:39:55,workforce_center,25-34,en,phone,not_started,0,,,,2026-03-03 00:19:56,2026-03-02 12:39:55,0,0,no,,,,,,,,no,0,0,,,0,0,False,False,NYC,False
u_101630,NYC,2026-03-02 13:03:09,workforce_center,25-34,en,phone,not_started,0,,,,2026-03-04 00:55:02,2026-03-02 13:03:09,0,0,yes,2026-03-02 13:17:09,10.0,Mon|Tue|Wed|Thu|Fri|Sat|Sun,late_night,4.3,2026-04-10,unsure,yes,0,0,,,0,0,False,False,NYC,False
u_104056,Sacramento,2026-03-02 13:36:53,reentry_org,25-34,es,phone,withdrawn,14,2026-03-02 14:00:53,2026-03-30 23:21:00,,2026-04-01 23:49:22,2026-03-18 04:07:31,0,0,yes,2026-03-02 14:21:53,5.0,Mon|Fri|Sat,late_night,3.7,,yes,no,0,1,,,0,14,True,False,Sacramento,False
u_105487,Boston,2026-03-02 14:19:26,parole_probation_officer,35-44,en,phone,not_started,0,,,,2026-03-02 18:52:46,2026-03-02 14:19:26,0,0,yes,2026-03-02 14:56:26,3.0,Wed|Sun,evening,1.6,2026-05-02,yes,no,0,0,,,0,0,False,False,Boston,False
u_101463,NYC,2026-03-02 17:50:39,parole_probation_officer,45-54,en,phone,not_started,0,,,,2026-03-03 03:23:31,2026-03-02 17:50:39,0,0,no,,,,,,,,no,0,0,,,0,0,False,False,NYC,False
u_100405,NYC,2026-03-03 00:18:10,reentry_org,45-54,en,phone,permit_passed,21,2026-03-03 10:54:44,2026-04-04 13:34:00,2026-04-04 13:34:00,2026-05-03 15:34:00,2026-03-29 18:42:25,0,0,no,,,,,,,,yes,4,1,2026-05-03,passed,2,21,True,True,NYC,False
u_105598,Boston,2026-03-03 00:53:45,reentry_org,35-44,en,tablet,inactive,2,2026-03-05 18:30:00,2026-03-07 18:57:00,,2026-03-08 16:36:49,2026-03-06 16:30:31,0,0,yes,2026-03-03 01:55:45,3.0,Wed|Thu,evening,0.9,2026-05-11,yes,no,0,2,,,0,2,True,False,Boston,False
u_104934,Sacramento,2026-03-03 02:06:41,reentry_org,25-34,es,phone,inactive,4,2026-03-04 10:04:00,2026-03-18 07:23:00,,2026-03-24 13:15:00,2026-03-24 06:58:15,0,0,yes,2026-03-03 03:26:41,5.0,Fri|Sat|Sun,morning,3.1,2026-04-13,unsure,no,0,2,,,0,4,True,False,Sacramento,False
u_101303,NYC,2026-03-03 03:13:09,reentry_org,25-34,en,shared_computer,inactive,15,2026-03-03 03:52:33,2026-03-24 18:57:00,,2026-03-25 07:13:10,2026-03-24 22:29:05,0,0,no,,,,,,,,no,0,1,,,0,15,True,False,NYC,False
u_100808,NYC,2026-03-03 03:20:53,paid_social,25-34,en,tablet,inactive,1,2026-03-03 03:27:21,2026-03-03 03:27:21,,2026-03-08 12:02:39,2026-03-03 03:20:53,0,0,no,,,,,,,,no,0,1,,,0,1,True,False,NYC,False
u_102684,NYC,2026-03-03 05:33:21,reentry_org,25-34,es,phone,not_started,0,,,,2026-03-04 11:03:32,2026-03-03 21:52:08,0,0,yes,2026-03-03 06:15:21,3.0,Sat|Sun,morning,1.3,,yes,no,0,0,,,0,0,False,False,NYC,False
u_102960,NYC,2026-03-03 07:01:33,friend_family,35-44,en,phone,permit_passed,21,2026-03-03 09:23:48,2026-04-04 23:21:00,2026-04-04 23:21:00,2026-05-08 15:21:00,2026-04-06 05:55:12,0,0,no,,,,,,,,yes,4,2,2026-05-08,passed,1,21,True,True,NYC,False
u_102839,NYC,2026-03-03 07:54:38,reentry_org,35-44,en,phone,not_started,0,,,,2026-03-03 22:41:30,2026-03-03 07:54:38,0,0,yes,2026-03-03 08:43:38,3.0,Sat|Sun,afternoon,2.6,2026-05-05,yes,no,0,0,,,0,0,False,False,NYC,False
u_100778,NYC,2026-03-03 10:10:26,paid_social,35-44,en,phone,not_started,0,,,,2026-03-03 23:36:28,2026-03-03 10:10:26,0,0,yes,2026-03-03 11:10:26,3.0,Mon|Fri,afternoon,1.2,2026-05-06,no,yes,0,0,,,0,0,False,False,NYC,False
u_101086,NYC,2026-03-03 10:27:01,paid_social,25-34,en,phone,inactive,4,2026-03-03 10:51:37,2026-03-22 13:06:00,,2026-03-30 23:45:08,2026-03-16 19:05:27,0,0,no,,,,,,,,yes,2,0,,,0,4,True,False,NYC,False
u_100840,NYC,2026-03-03 10:28:53,paid_social,35-44,en,laptop,inactive,3,2026-03-06 23:00:00,2026-03-10 22:44:00,,2026-03-12 07:33:03,2026-03-03 10:28:53,0,0,no,,,,,,,,no,0,0,,,0,3,True,False,NYC,False
u_105559,Boston,2026-03-03 11:27:16,reentry_org,35-44,en,phone,withdrawn,1,2026-03-03 14:12:21,2026-03-03 14:12:21,,2026-03-08 01:43:01,2026-03-06 18:24:16,0,0,yes,2026-03-03 11:46:16,3.0,Mon|Thu,evening,2.5,,yes,no,0,0,,,0,1,True,False,Boston,False
u_100653,NYC,2026-03-03 22:12:38,paid_social,45-54,en,phone,not_started,0,,,,2026-03-06 23:24:01,2026-03-04 10:13:24,0,0,no,,,,,,,,yes,0,0,,,0,0,False,False,NYC,False
u_102139,NYC,2026-03-03 23:28:23,paid_social,18-24,es,tablet,not_started,0,,,,2026-03-06 19:15:47,2026-03-05 03:10:08,0,0,no,,,,,,,,no,0,0,,,0,0,False,False,NYC,False
u_102705,NYC,2026-03-03 23:55:24,paid_social,18-24,en,phone,course_complete,21,2026-03-04 17:18:00,2026-04-23 18:25:00,2026-04-23 18:25:00,2026-05-07 07:02:58,2026-05-01 22:13:16,0,0,yes,2026-03-04 00:54:24,5.0,Wed|Thu|Fri,evening,3.4,2026-04-22,yes,no,0,3,,,0,21,True,True,NYC,False
u_100217,NYC,2026-03-04 02:45:56,parole_probation_officer,55+,en,phone,inactive,1,2026-03-15 20:30:00,2026-03-15 20:30:00,,2026-03-17 16:05:20,2026-03-15 01:21:52,0,0,yes,2026-03-04 03:00:56,10.0,Mon|Tue|Wed|Thu|Fri|Sat|Sun,evening,5.8,2026-04-09,unsure,yes,1,0,,,0,1,True,False,NYC,False
u_104243,Sacramento,2026-03-04 07:48:09,parole_probation_officer,45-54,en,phone,course_complete,21,2026-03-04 10:11:34,2026-04-13 10:31:00,2026-04-13 10:31:00,2026-04-23 10:15:23,2026-04-22 13:17:26,0,0,yes,2026-03-04 08:17:09,3.0,Wed|Fri,morning,1.4,2026-05-05,yes,yes,0,1,,,0,21,True,True,Sacramento,False
u_101765,NYC,2026-03-04 08:04:00,paid_social,35-44,en,phone,inactive,3,2026-03-10 07:54:00,2026-03-12 11:26:00,,2026-03-16 12:44:02,2026-03-11 09:39:34,0,0,yes,2026-03-04 09:17:00,7.0,Mon|Tue|Thu|Fri|Sat,morning,3.0,2026-04-11,yes,no,0,0,,,0,3,True,False,NYC,False
u_101267,NYC,2026-03-04 09:01:00,paid_social,35-44,en,phone,inactive,3,2026-03-08 18:38:00,2026-03-10 19:29:00,,2026-03-20 23:06:10,2026-03-20 19:19:38,0,0,yes,2026-03-04 09:29:00,3.0,Thu|Sun,evening,2.0,2026-05-18,no,no,0,2,,,0,3,True,False,NYC,False
u_103230,NYC,2026-03-04 09:31:53,friend_family,45-54,en,phone,not_started,0,,,,2026-03-04 14:05:44,2026-03-04 09:31:53,0,0,yes,2026-03-04 10:35:53,5.0,Mon|Wed|Sun,morning,3.6,,yes,no,0,0,,,0,0,False,False,NYC,False
u_104764,Sacramento,2026-03-04 09:32:11,friend_family,18-24,en,phone,not_started,0,,,,2026-03-05 16:27:10,2026-03-04 09:32:11,0,0,yes,2026-03-04 09:52:11,3.0,Tue|Sat,morning,1.8,,yes,no,0,0,,,0,0,False,False,Sacramento,False
u_101217,NYC,2026-03-04 11:11:58,paid_social,45-54,en,laptop,not_started,0,,,,2026-03-05 04:31:41,2026-03-04 11:11:58,0,0,yes,2026-03-04 11:49:58,7.0,Mon|Wed|Thu|Fri|Sun,evening,3.0,2026-04-09,no,no,0,0,,,0,0,False,False,NYC,False
u_100703,NYC,2026-03-04 12:59:51,workforce_center,18-24,en,phone,not_started,0,,,,2026-03-04 16:47:38,2026-03-04 14:27:19,0,0,no,,,,,,,,no,0,0,,,0,0,False,False,NYC,False
u_104049,Sacramento,2026-03-04 13:23:18,reentry_org,25-34,es,phone,inactive,2,2026-03-06 12:23:00,2026-03-06 16:05:00,,2026-03-08 21:31:51,2026-03-06 23:29:04,0,0,no,,,,,,,,no,0,0,,,0,2,True,False,Sacramento,False
u_101725,NYC,2026-03-04 15:21:37,friend_family,25-34,en,phone,inactive,4,2026-03-07 06:09:00,2026-03-15 10:17:00,,2026-03-18 23:02:15,2026-03-15 05:57:44,0,0,no,,,,,,,,yes,2,1,,,0,4,True,False,NYC,False
u_105876,Boston,2026-03-04 16:03:09,workforce_center,25-34,en,laptop,not_started,0,,,,2026-03-05 02:25:46,2026-03-04 16:03:09,0,0,yes,2026-03-04 16:54:09,7.0,Mon|Wed|Thu|Fri|Sun,late_night,3.4,,yes,no,0,0,,,0,0,False,False,Boston,False
u_101872,NYC,2026-03-04 16:08:18,friend_family,35-44,en,phone,not_started,0,,,,2026-03-06 11:46:52,2026-03-04 18:15:40,0,0,yes,2026-03-04 17:06:18,3.0,Thu|Sat,evening,2.8,,unsure,no,0,0,,,0,0,False,False,NYC,False
u_102829,NYC,2026-03-04 17:50:04,parole_probation_officer,25-34,en,phone,inactive,2,2026-03-04 19:59:12,2026-03-05 06:36:00,,2026-03-06 02:30:38,2026-03-05 14:20:37,0,0,yes,2026-03-04 17:55:04,10.0,Mon|Tue|Wed|Thu|Fri|Sat|Sun,morning,4.3,2026-03-26,yes,no,0,1,,,0,2,True,False,NYC,False
u_101048,NYC,2026-03-04 19:16:52,paid_social,35-44,en,phone,inactive,3,2026-03-04 20:00:25,2026-03-08 13:19:00,,2026-03-10 10:16:26,2026-03-10 02:13:33,0,0,yes,2026-03-04 19:40:52,7.0,Mon|Wed|Thu|Fri|Sun,afternoon,4.0,2026-04-21,yes,no,0,2,,,0,3,True,False,NYC,False
u_102473,NYC,2026-03-04 20:22:21,friend_family,35-44,en,phone,inactive,16,2026-03-06 22:19:00,2026-04-05 23:15:00,,2026-04-07 03:19:12,2026-04-04 12:23:16,0,0,no,,,,,,,,no,0,2,,,0,16,True,False,NYC,False
u_101917,NYC,2026-03-04 21:02:56,workforce_center,35-44,en,phone,inactive,2,2026-03-14 12:19:00,2026-03-14 15:48:00,,2026-03-15 05:02:00,2026-03-09 18:56:48,0,0,no,,,,,,,,no,0,1,,,0,2,True,False,NYC,False
u_103307,NYC,2026-03-05 01:13:05,parole_probation_officer,18-24,en,phone,inactive,2,2026-03-05 21:16:42,2026-03-06 17:11:00,,2026-03-07 19:15:04,2026-03-05 01:13:05,0,0,yes,2026-03-05 01:43:05,5.0,Tue|Wed|Sun,evening,3.1,,yes,no,0,2,,,0,2,True,False,NYC,False
u_105793,Boston,2026-03-05 02:07:55,parole_probation_officer,25-34,es,phone,not_started,0,,,,2026-03-06 06:38:03,2026-03-05 02:07:55,0,0,yes,2026-03-05 03:20:55,10.0,Mon|Tue|Wed|Thu|Fri|Sat|Sun,afternoon,5.0,2026-04-10,yes,no,0,0,,,0,0,False,False,Boston,False
u_101027,NYC,2026-03-05 03:40:40,friend_family,35-44,en,shared_computer,not_started,0,,,,2026-03-10 08:18:46,2026-03-09 14:30:51,0,0,no,,,,,,,,yes,0,0,,,0,0,False,False,NYC,False
u_105355,Sacramento,2026-03-05 03:46:15,parole_probation_officer,18-24,en,laptop,not_started,0,,,,2026-03-06 12:59:50,2026-03-06 08:27:30,0,0,no,,,,,,,,yes,0,0,,,0,0,False,False,Sacramento,False
u_103253,NYC,2026-03-05 04:50:05,paid_social,35-44,en,shared_computer,inactive,4,2026-03-10 18:48:00,2026-03-15 19:22:00,,2026-03-16 06:08:16,2026-03-12 04:34:46,0,0,yes,2026-03-05 06:15:05,10.0,Mon|Tue|Wed|Thu|Fri|Sat|Sun,evening,4.1,2026-04-06,yes,no,0,0,,,0,4,True,False,NYC,False
u_102513,NYC,2026-03-05 10:19:18,friend_family,55+,en,phone,permit_failed,21,2026-03-05 12:28:13,2026-04-16 19:21:00,2026-04-16 19:21:00,2026-05-22 15:21:00,2026-04-28 04:39:11,0,0,yes,2026-03-05 10:25:18,5.0,Wed|Sat|Sun,evening,1.9,2026-04-24,yes,no,0,1,2026-05-22,failed,2,21,True,True,NYC,False
u_105699,Boston,2026-03-05 11:06:23,parole_probation_officer,35-44,en,phone,course_complete,21,2026-03-05 11:32:11,2026-04-10 22:50:00,2026-04-10 22:50:00,2026-04-21 21:18:23,2026-04-18 08:49:50,0,0,yes,2026-03-05 11:37:23,5.0,Mon|Wed|Thu,late_night,3.4,,yes,no,0,2,,,0,21,True,True,Boston,False
u_105900,Boston,2026-03-05 11:26:53,reentry_org,35-44,en,phone,course_complete,21,2026-03-05 11:42:49,2026-04-18 19:28:00,2026-04-18 19:28:00,2026-04-21 19:34:43,2026-04-20 00:47:00,0,0,yes,2026-03-05 11:46:53,5.0,Wed|Sat|Sun,evening,2.6,2026-04-24,yes,yes,1,3,,,0,21,True,True,Boston,False
u_102101,NYC,2026-03-05 11:57:20,reentry_org,25-34,en,phone,not_started,0,,,,2026-03-07 10:02:27,2026-03-05 11:57:20,0,0,no,,,,,,,,no,0,0,,,0,0,False,False,NYC,False
u_100663,NYC,2026-03-05 13:57:12,reentry_org,25-34,en,laptop,inactive,3,2026-03-13 23:11:00,2026-03-17 22:47:00,,2026-03-21 11:52:25,2026-03-14 15:34:28,0,0,yes,2026-03-05 14:33:12,5.0,Mon|Sat|Sun,late_night,3.5,,yes,no,0,1,,,0,3,True,False,NYC,False
u_103765,NYC,2026-03-05 14:23:47,parole_probation_officer,25-34,es,phone,inactive,1,2026-03-06 10:23:00,2026-03-06 10:23:00,,2026-03-08 16:06:19,2026-03-06 17:54:45,0,0,yes,2026-03-05 14:57:47,7.0,Mon|Wed|Thu|Fri|Sat,morning,3.1,2026-04-18,yes,no,0,2,,,0,1,True,False,NYC,False
u_100505,NYC,2026-03-05 18:43:08,workforce_center,35-44,en,phone,not_started,0,,,,2026-03-07 04:29:50,2026-03-05 18:43:08,0,0,no,,,,,,,,yes,0,0,,,0,0,False,False,NYC,False
u_102164,NYC,2026-03-05 21:28:30,parole_probation_officer,25-34,es,laptop,not_started,0,,,,2026-03-06 04:24:46,2026-03-05 21:28:30,0,0,yes,2026-03-05 22:29:30,10.0,Mon|Tue|Wed|Thu|Fri|Sat|Sun,evening,4.3,,yes,no,0,0,,,0,0,False,False,NYC,False
u_105916,Boston,2026-03-05 21:43:59,workforce_center,18-24,en,phone,inactive,3,2026-03-15 20:37:00,2026-03-31 17:54:00,,2026-04-03 11:41:48,2026-04-03 09:04:32,0,0,yes,2026-03-05 22:31:59,3.0,Wed|Fri,evening,1.4,2026-05-18,yes,no,0,0,,,0,3,True,False,Boston,False
u_102030,NYC,2026-03-05 21:55:01,parole_probation_officer,18-24,en,laptop,not_started,0,,,,2026-03-14 11:39:51,2026-03-12 15:22:25,0,0,yes,2026-03-05 23:19:01,3.0,Wed|Thu,afternoon,2.8,,yes,yes,0,0,,,0,0,False,False,NYC,False
u_100034,NYC,2026-03-06 02:05:15,workforce_center,25-34,en,phone,permit_passed,21,2026-03-08 20:50:00,2026-04-13 19:28:00,2026-04-13 19:28:00,2026-04-23 19:21:50,2026-04-12 03:57:10,0,0,yes,2026-03-06 02:56:15,5.0,Mon|Sat|Sun,evening,2.9,2026-04-28,yes,yes,1,1,2026-04-23,passed,1,21,True,True,NYC,False
u_105492,Boston,2026-03-06 03:21:59,paid_social,35-44,en,phone,permit_passed,21,2026-03-07 12:32:00,2026-04-17 12:23:00,2026-04-17 12:23:00,2026-05-04 15:23:00,2026-04-15 23:49:55,0,0,yes,2026-03-06 04:26:59,3.0,Sat|Sun,afternoon,2.2,2026-05-18,yes,no,0,3,2026-05-04,passed,1,21,True,True,Boston,False
u_101766,NYC,2026-03-06 05:00:42,paid_social,35-44,en,phone,inactive,7,2026-03-12 11:56:00,2026-03-25 08:55:00,,2026-03-29 06:22:33,2026-03-26 20:13:39,0,0,no,,,,,,,,no,0,1,,,0,7,True,False,NYC,False
u_105321,Sacramento,2026-03-06 05:12:32,workforce_center,35-44,en,phone,course_complete,21,2026-03-06 07:13:00,2026-04-30 09:26:00,2026-04-30 09:26:00,2026-05-22 00:26:26,2026-05-13 18:31:49,0,0,yes,2026-03-06 06:22:32,3.0,Thu|Fri,morning,0.9,2026-05-17,yes,yes,0,1,,,0,21,True,True,Sacramento,False
u_105375,Sacramento,2026-03-06 12:03:43,paid_social,35-44,en,phone,inactive,1,2026-03-06 12:46:12,2026-03-06 12:46:12,,2026-03-12 05:44:30,2026-03-09 22:52:23,0,0,no,,,,,,,,no,0,2,,,0,1,True,False,Sacramento,False
u_103563,NYC,2026-03-06 12:20:57,reentry_org,18-24,en,phone,permit_passed,21,2026-03-08 08:02:00,2026-03-24 15:15:00,2026-03-24 15:15:00,2026-04-11 15:15:00,2026-03-24 04:58:44,0,0,yes,2026-03-06 13:08:57,10.0,Mon|Tue|Wed|Thu|Fri|Sat|Sun,morning,5.0,2026-04-16,yes,yes,0,2,2026-04-11,passed,1,21,True,True,NYC,False
u_103455,NYC,2026-03-06 12:42:43,reentry_org,25-34,es,laptop,inactive,4,2026-03-06 13:08:04,2026-03-13 21:35:00,,2026-03-14 12:19:49,2026-03-06 12:42:43,0,0,yes,2026-03-06 13:37:43,3.0,Tue|Sat,evening,2.4,2026-05-11,no,yes,1,0,,,0,4,True,False,NYC,False
u_104215,Sacramento,2026-03-06 13:45:20,reentry_org,35-44,en,phone,course_complete,21,2026-03-12 07:41:00,2026-04-04 10:54:00,2026-04-04 10:54:00,2026-04-08 23:03:33,2026-04-07 11:44:29,0,0,yes,2026-03-06 14:12:20,10.0,Mon|Tue|Wed|Thu|Fri|Sat|Sun,morning,5.5,2026-04-14,no,no,0,1,,,0,21,True,True,Sacramento,False
u_101544,NYC,2026-03-06 14:04:02,reentry_org,25-34,en,phone,withdrawn,0,,,,2026-03-06 14:17:44,2026-03-06 14:04:02,0,0,no,,,,,,,,no,0,0,,,0,0,False,False,NYC,False
u_100835,NYC,2026-03-06 15:17:22,parole_probation_officer,45-54,en,phone,permit_passed,21,2026-03-06 15:50:53,2026-04-09 21:05:00,2026-04-09 21:05:00,2026-04-20 15:05:00,2026-04-13 01:46:37,0,0,no,,,,,,,,yes,4,1,2026-04-20,passed,1,21,True,True,NYC,False
u_101615,NYC,2026-03-06 15:36:28,workforce_center,35-44,en,laptop,inactive,3,2026-03-06 17:48:29,2026-03-09 22:42:00,,2026-03-11 16:48:51,2026-03-08 20:32:19,0,0,yes,2026-03-06 16:22:28,5.0,Tue|Sat|Sun,late_night,2.6,,yes,yes,1,1,,,0,3,True,False,NYC,False
u_102255,NYC,2026-03-06 15:55:41,paid_social,35-44,en,laptop,permit_passed,21,2026-03-06 17:53:05,2026-04-08 16:52:00,2026-04-08 16:52:00,2026-05-21 15:52:00,2026-04-13 02:38:53,0,0,yes,2026-03-06 17:07:41,3.0,Mon|Sat,afternoon,1.1,2026-05-15,yes,no,0,2,2026-05-21,passed,2,21,True,True,NYC,False
u_105432,Sacramento,2026-03-06 16:07:54,paid_social,45-54,en,laptop,course_complete,21,2026-03-07 15:51:00,2026-04-16 18:18:00,2026-04-16 18:18:00,2026-04-19 20:01:36,2026-04-12 17:30:20,0,0,no,,,,,,,,no,0,1,,,0,21,True,True,Sacramento,False
u_104357,Sacramento,2026-03-06 16:36:30,friend_family,35-44,en,phone,inactive,11,2026-03-11 23:07:00,2026-03-28 22:58:00,,2026-03-29 15:46:13,2026-03-24 06:49:39,0,0,yes,2026-03-06 17:11:30,7.0,Mon|Tue|Wed|Thu|Fri,late_night,3.6,2026-04-20,yes,no,0,2,,,0,11,True,False,Sacramento,False
u_100139,NYC,2026-03-06 16:54:58,paid_social,35-44,en,phone,not_started,0,,,,2026-03-07 03:02:55,2026-03-06 16:54:58,0,0,yes,2026-03-06 18:18:58,5.0,Tue|Wed|Sun,evening,3.0,2026-04-20,yes,no,0,0,,,0,0,False,False,NYC,False
u_103717,NYC,2026-03-06 17:17:56,reentry_org,35-44,en,phone,inactive,1,2026-03-06 19:52:25,2026-03-06 19:52:25,,2026-03-07 10:09:14,2026-03-06 17:17:56,0,0,no,,,,,,,,yes,2,1,,,0,1,True,False,NYC,False
u_100647,NYC,2026-03-06 19:15:07,reentry_org,25-34,en,phone,not_started,0,,,,2026-03-07 14:27:21,2026-03-06 19:15:07,0,0,no,,,,,,,,yes,0,0,,,0,0,False,False,NYC,False
u_100226,NYC,2026-03-06 23:48:29,paid_social,35-44,en,laptop,inactive,4,2026-03-07 21:49:00,2026-03-10 17:36:00,,2026-03-11 12:45:31,2026-03-10 21:32:19,0,0,yes,2026-03-07 00:13:29,3.0,Mon|Sun,evening,1.8,2026-05-02,yes,no,0,1,,,0,4,True,False,NYC,False
u_101403,NYC,2026-03-07 00:20:24,workforce_center,35-44,en,laptop,course_complete,21,2026-03-07 17:23:45,2026-04-20 23:54:00,2026-04-20 23:54:00,2026-04-22 12:03:57,2026-04-17 05:26:01,0,0,yes,2026-03-07 01:01:24,5.0,Tue|Wed|Sun,late_night,2.0,,no,yes,0,3,,,0,21,True,True,NYC,False
u_102614,NYC,2026-03-07 00:50:19,reentry_org,25-34,en,phone,inactive,4,2026-03-14 12:51:00,2026-03-26 16:45:00,,2026-03-29 23:34:47,2026-03-28 03:49:38,0,0,yes,2026-03-07 01:19:19,3.0,Tue|Sun,afternoon,1.3,2026-05-10,unsure,no,0,2,,,0,4,True,False,NYC,False
u_102920,NYC ,2026-03-07 02:12:42,friend_family,45-54,en,laptop,inactive,2,2026-03-14 23:21:00,2026-03-15 23:13:00,,2026-03-26 10:40:22,2026-03-24 14:45:54,0,0,no,,,,,,,,no,0,0,,,0,2,True,False,NYC,False
u_105111,Sacramento,2026-03-07 06:05:01,reentry_org,45-54,en,phone,course_complete,21,2026-03-07 06:48:04,2026-03-31 11:04:00,2026-03-31 11:04:00,2026-04-08 02:16:18,2026-04-07 05:55:44,0,0,no,,,,,,,,yes,2,2,,,0,21,True,True,Sacramento,False
u_103573,NYC,2026-03-07 06:25:07,friend_family,35-44,en,phone,inactive,1,2026-03-10 23:43:00,2026-03-10 23:43:00,,2026-03-13 04:27:48,2026-03-12 16:21:50,0,0,no,,,,,,,,no,0,1,,,0,1,True,False,NYC,False
u_100327,NYC,2026-03-07 08:26:17,paid_social,18-24,en,laptop,inactive,3,2026-03-07 09:59:55,2026-03-14 22:31:00,,2026-03-18 04:25:30,2026-03-10 00:20:34,0,0,no,,,,,,,,yes,4,2,,,0,3,True,False,NYC,False
u_100048,NYC,2026-03-07 08:29:35,friend_family,25-34,en,phone,permit_passed,21,2026-03-07 08:39:37,2026-04-27 23:55:00,2026-04-27 23:55:00,2026-05-16 15:55:00,2026-05-02 04:21:39,0,0,yes,2026-03-07 09:37:35,5.0,Thu|Fri|Sun,late_night,2.0,,unsure,no,0,2,2026-05-16,passed,1,21,True,True,NYC,False
u_105293,Sacramento,2026-03-07 12:02:04,paid_social,25-34,es,phone,inactive,4,2026-03-08 23:53:00,2026-03-20 23:41:00,,2026-03-22 07:37:44,2026-03-20 17:41:53,0,0,no,,,,,,,,no,0,0,,,0,4,True,False,Sacramento,False
u_101754,NYC,2026-03-07 12:26:11,reentry_org,35-44,en,laptop,inactive,18,2026-03-09 22:13:00,2026-03-31 22:53:00,,2026-04-06 14:39:11,2026-03-25 03:49:45,0,0,yes,2026-03-07 13:10:11,10.0,Mon|Tue|Wed|Thu|Fri|Sat|Sun,late_night,4.5,2026-04-03,yes,yes,6,3,,,0,18,True,False,NYC,False
u_101546,NYC,2026-03-07 12:40:47,reentry_org,35-44,en,phone,not_started,0,,,,2026-03-09 20:47:19,2026-03-09 14:05:14,0,0,no,,,,,,,,yes,0,0,,,0,0,False,False,NYC,False
u_105241,Sacramento,2026-03-07 15:45:56,paid_social,25-34,en,phone,inactive,1,2026-03-19 17:21:00,2026-03-19 17:21:00,,2026-03-21 20:49:13,2026-03-19 08:54:59,0,0,no,,,,,,,,no,0,1,,,0,1,True,False,Sacramento,False
u_100441,New York,2026-03-07 17:56:59,parole_probation_officer,45-54,en,laptop,inactive,3,2026-03-13 09:37:00,2026-03-17 08:42:00,,2026-03-18 03:41:34,2026-03-14 16:43:13,0,0,no,,,,,,,,yes,1,1,,,0,3,True,False,NYC,False
u_100936,NYC,2026-03-07 18:01:12,paid_social,35-44,en,phone,inactive,4,2026-03-08 12:30:00,2026-03-15 14:38:00,,2026-03-19 07:05:32,2026-03-09 06:12:15,0,0,yes,2026-03-07 18:48:12,5.0,Mon|Tue|Wed,afternoon,3.7,,no,no,0,0,,,0,4,True,False,NYC,False
u_104297,Sacramento,2026-03-07 19:35:13,friend_family,35-44,en,phone,inactive,1,2026-03-08 08:34:00,2026-03-08 08:34:00,,2026-03-10 11:19:32,2026-03-09 08:45:01,0,0,no,,,,,,,,no,0,0,,,0,1,True,False,Sacramento,False
u_105345,Sacramento,2026-03-07 21:59:14,reentry_org,25-34,es,shared_computer,inactive,3,2026-03-13 22:50:00,2026-03-20 23:49:00,,2026-03-22 21:17:53,2026-03-16 21:20:39,0,0,no,,,,,,,,no,0,0,,,0,3,True,False,Sacramento,False
u_105221,Sacramento,2026-03-07 23:30:31,friend_family,25-34,en,phone,inactive,3,2026-03-08 22:58:00,2026-03-14 23:09:00,,2026-03-28 19:17:06,2026-03-22 23:23:09,0,0,no,,,,,,,,yes,1,1,,,0,3,True,False,Sacramento,False
u_101117,NYC,2026-03-08 03:33:19,paid_social,35-44,es,phone,not_started,0,,,,2026-03-08 16:44:12,2026-03-08 03:33:19,0,0,yes,2026-03-08 04:41:19,5.0,Mon|Tue|Thu,evening,2.3,2026-04-22,yes,no,0,0,,,0,0,False,False,NYC,False
u_100651,NYC,2026-03-08 03:42:32,reentry_org,45-54,en,laptop,inactive,1,2026-03-08 04:12:26,2026-03-08 04:12:26,,2026-03-08 22:11:21,2026-03-08 03:42:32,0,0,no,,,,,,,,no,0,0,,,0,1,True,False,NYC,False
u_104610,Sacramento,2026-03-08 03:52:26,parole_probation_officer,25-34,en,phone,inactive,3,2026-03-09 06:41:00,2026-03-11 07:15:00,,2026-03-12 10:49:53,2026-03-08 11:24:58,0,0,yes,2026-03-08 04:33:26,7.0,Mon|Thu|Fri|Sat|Sun,morning,4.5,2026-04-14,unsure,no,0,0,,,0,3,True,False,Sacramento,False
u_101892,NYC,2026-03-08 05:08:25,reentry_org,35-44,en,phone,inactive,4,2026-03-15 17:05:00,2026-03-25 18:17:00,,2026-03-25 22:35:35,2026-03-23 06:32:48,0,0,yes,2026-03-08 06:31:25,3.0,Mon|Sat,evening,1.2,2026-05-08,yes,yes,4,1,,,0,4,True,False,NYC,False
u_100076,NYC,2026-03-08 05:32:42,paid_social,18-24,en,shared_computer,inactive,4,2026-03-08 05:40:11,2026-03-15 19:15:00,,2026-03-21 14:59:42,2026-03-15 18:44:59,0,0,yes,2026-03-08 06:30:42,3.0,Thu|Sun,evening,2.7,2026-05-18,no,no,0,0,,,0,4,True,False,NYC,False
u_102831,NYC,2026-03-08 07:04:04,friend_family,18-24,en,laptop,not_started,0,,,,2026-03-10 09:52:41,2026-03-08 07:04:04,0,0,yes,2026-03-08 08:30:04,5.0,Tue|Wed|Sun,morning,3.6,2026-05-04,no,no,0,0,,,0,0,False,False,NYC,False
u_101300,NYC,2026-03-08 07:37:34,parole_probation_officer,45-54,en,laptop,course_complete,21,2026-03-08 08:51:49,2026-05-13 22:52:00,2026-05-13 22:52:00,2026-05-19 09:20:18,2026-05-18 14:27:03,0,0,yes,2026-03-08 08:32:34,3.0,Mon|Sat,late_night,2.0,2026-05-05,unsure,yes,6,2,,,0,21,True,True,NYC,False
u_102811,NYC,2026-03-08 09:16:52,friend_family,25-34,en,phone,inactive,1,2026-03-08 10:36:33,2026-03-08 10:36:33,,2026-03-09 13:51:09,2026-03-09 08:45:52,0,0,no,,,,,,,,no,0,2,,,0,1,True,False,NYC,False
u_101876,NYC,2026-03-08 10:46:00,paid_social,35-44,en,laptop,permit_failed,21,2026-03-08 11:00:40,2026-04-21 13:40:00,2026-04-21 13:40:00,2026-05-15 15:40:00,2026-04-18 21:58:56,0,0,no,,,,,,,,yes,3,2,2026-05-15,failed,1,21,True,True,NYC,False
u_102106,NYC,2026-03-08 15:19:10,workforce_center,35-44,en,phone,inactive,1,2026-03-09 18:57:00,2026-03-09 18:57:00,,2026-03-12 03:39:39,2026-03-10 09:01:05,0,0,no,,,,,,,,no,0,0,,,0,1,True,False,NYC,False
u_102008,NYC,2026-03-08 16:32:00,reentry_org,25-34,en,phone,inactive,1,2026-03-14 23:54:00,2026-03-14 23:54:00,,2026-03-21 18:29:27,2026-03-21 18:09:10,0,0,no,,,,,,,,no,0,2,,,0,1,True,False,NYC,False
u_105365,Sacramento,2026-03-08 16:54:08,paid_social,35-44,en,phone,inactive,2,2026-03-16 14:57:00,2026-03-30 13:17:00,,2026-03-31 06:26:24,2026-03-19 12:24:32,0,0,yes,2026-03-08 17:41:08,5.0,Mon|Sat|Sun,afternoon,2.6,2026-04-15,yes,no,0,0,,,0,2,True,False,Sacramento,False
u_104145,Sacramento,2026-03-09 00:00:30,reentry_org,18-24,en,shared_computer,inactive,14,2026-03-11 10:38:00,2026-03-30 10:13:00,,2026-03-30 21:14:45,2026-03-26 15:03:03,0,0,yes,2026-03-09 00:51:30,7.0,Tue|Wed|Fri|Sat|Sun,morning,3.0,,no,no,0,1,,,0,14,True,False,Sacramento,False
u_102096,NYC,2026-03-09 00:55:21,friend_family,25-34,en,laptop,not_started,0,,,,2026-03-12 17:44:23,2026-03-10 12:09:02,0,0,yes,2026-03-09 01:53:21,3.0,Thu|Fri,morning,1.2,,unsure,yes,0,0,,,0,0,False,False,NYC,False
u_103674,NYC,2026-03-09 01:13:51,paid_social,35-44,en,phone,permit_failed,21,2026-03-13 21:59:00,2026-04-23 18:29:00,2026-04-23 18:29:00,2026-05-12 15:29:00,2026-04-27 23:23:28,0,0,no,,,,,,,,no,0,2,2026-05-12,failed,1,21,True,True,NYC,False
u_105158,Sacramento,2026-03-09 01:17:51,paid_social,35-44,en,laptop,course_complete,21,2026-03-09 01:27:06,2026-04-08 20:37:00,2026-04-08 20:37:00,2026-04-23 10:50:29,2026-04-20 12:23:11,0,0,yes,2026-03-09 01:37:51,5.0,Tue|Wed|Sat,evening,1.9,2026-04-19,yes,no,0,3,,,0,21,True,True,Sacramento,False
u_105343,Sacramento,2026-03-09 03:40:41,parole_probation_officer,35-44,en,phone,course_complete,21,2026-03-10 09:31:00,2026-04-10 08:41:00,2026-04-10 08:41:00,2026-04-15 15:18:37,2026-04-05 21:52:19,0,0,no,,,,,,,,yes,0,2,,,0,21,True,True,Sacramento,False
u_105548,Boston,2026-03-09 04:05:29,reentry_org,35-44,en,phone,not_started,0,,,,2026-03-09 22:41:18,2026-03-09 04:05:29,0,0,yes,2026-03-09 04:09:29,5.0,Wed|Fri|Sat,evening,3.5,2026-04-25,unsure,no,0,0,,,0,0,False,False,Boston,False
u_100802,NYC,2026-03-09 08:02:57,reentry_org,25-34,en,phone,permit_passed,21,2026-03-09 08:11:01,2026-04-17 15:13:00,2026-04-17 15:13:00,2026-05-29 15:13:00,2026-04-27 20:18:03,0,0,yes,2026-03-09 08:55:57,7.0,Mon|Tue|Thu|Sat|Sun,afternoon,3.3,,yes,yes,1,1,2026-05-29,passed,2,21,True,True,NYC,False
u_104364,Sacramento,2026-03-09 08:27:02,reentry_org,35-44,en,phone,not_started,0,,,,2026-03-09 10:49:14,2026-03-09 08:27:02,0,0,no,,,,,,,,no,0,0,,,0,0,False,False,Sacramento,False
u_100914,NYC,2026-03-09 09:23:36,reentry_org,25-34,es,phone,inactive,2,2026-03-16 06:40:00,2026-03-17 09:04:00,,2026-03-21 15:53:12,2026-03-20 22:06:56,0,0,yes,2026-03-09 10:39:36,3.0,Tue|Sat,morning,1.3,2026-05-08,no,no,0,1,,,0,2,True,False,NYC,False
u_103013,NYC,2026-03-09 09:45:17,paid_social,45-54,en,phone,inactive,1,2026-03-09 10:11:56,2026-03-09 10:11:56,,2026-03-10 12:14:01,2026-03-09 09:45:17,0,0,yes,2026-03-09 10:37:17,5.0,Tue|Fri|Sun,afternoon,3.4,,yes,no,0,0,,,0,1,True,False,NYC,False
u_103682,NYC,2026-03-09 10:10:27,reentry_org,18-24,en,phone,permit_failed,21,2026-03-14 07:37:00,2026-04-14 06:12:00,2026-04-14 06:12:00,2026-05-18 15:12:00,2026-04-13 20:58:08,0,0,yes,2026-03-09 10:41:27,7.0,Tue|Wed|Thu|Fri|Sat,morning,3.3,2026-04-24,yes,no,0,2,2026-05-18,failed,2,21,True,True,NYC,False
u_100423,NYC,2026-03-09 10:22:51,reentry_org,35-44,en,phone,not_started,0,,,,2026-03-10 17:36:43,2026-03-09 10:22:51,0,0,yes,2026-03-09 11:35:51,10.0,Mon|Tue|Wed|Thu|Fri|Sat|Sun,evening,5.4,2026-04-07,no,no,0,0,,,0,0,False,False,NYC,False
u_100160,NYC,2026-03-09 11:40:58,reentry_org,25-34,en,phone,not_started,0,,,,2026-03-09 18:55:01,2026-03-09 11:40:58,0,0,yes,2026-03-09 12:37:58,5.0,Mon|Wed|Sat,late_night,2.5,2026-04-17,no,no,0,0,,,0,0,False,False,NYC,False
u_101709,NYC,2026-03-09 11:45:20,reentry_org,18-24,en,laptop,permit_passed,21,2026-03-09 12:12:40,2026-04-12 11:50:00,2026-04-12 11:50:00,2026-05-08 15:50:00,2026-04-23 09:04:19,0,0,no,,,,,,,,yes,3,1,2026-05-08,passed,1,21,True,True,NYC,False
u_102709,NYC,2026-03-09 11:57:06,workforce_center,35-44,es,phone,course_complete,21,2026-03-09 13:26:58,2026-04-13 22:22:00,2026-04-13 22:22:00,2026-04-17 16:12:50,2026-04-15 21:13:11,0,0,yes,2026-03-09 12:39:06,7.0,Mon|Tue|Wed|Thu|Fri,late_night,3.0,2026-04-27,yes,no,0,3,,,0,21,True,True,NYC,False
u_103221,NYC,2026-03-09 14:35:46,reentry_org,45-54,en,phone,not_started,0,,,,2026-03-15 04:37:31,2026-03-13 05:09:22,0,0,yes,2026-03-09 15:49:46,5.0,Wed|Thu|Sat,evening,2.1,2026-04-30,no,no,0,0,,,0,0,False,False,NYC,False
u_104155,Sacramento,2026-03-09 14:45:13,parole_probation_officer,35-44,en,phone,not_started,0,,,,2026-03-11 01:52:33,2026-03-09 14:45:13,0,0,no,,,,,,,,no,0,0,,,0,0,False,False,Sacramento,False
u_105303,Sacramento,2026-03-09 15:32:07,reentry_org,25-34,en,laptop,inactive,7,2026-03-09 15:43:17,2026-03-28 18:30:00,,2026-03-29 03:14:45,2026-03-25 10:02:51,0,0,no,,,,,,,,yes,0,1,,,0,7,True,False,Sacramento,False
u_101242,NYC,2026-03-09 16:07:32,reentry_org,35-44,en,phone,not_started,0,,,,2026-03-09 16:50:10,2026-03-09 16:07:32,0,0,yes,2026-03-09 16:40:32,10.0,Mon|Tue|Wed|Thu|Fri|Sat|Sun,late_night,5.6,,unsure,yes,0,0,,,0,0,False,False,NYC,False
u_102201,NYC,2026-03-09 16:47:43,parole_probation_officer,45-54,en,shared_computer,not_started,0,,,,2026-03-11 06:49:28,2026-03-09 16:47:43,0,0,no,,,,,,,,no,0,0,,,0,0,False,False,NYC,False
u_103856,NYC,2026-03-09 16:55:09,workforce_center,35-44,en,phone,not_started,0,,,,2026-03-10 00:36:42,2026-03-09 16:55:09,0,0,no,,,,,,,,no,0,0,,,0,0,False,False,NYC,False
u_102027,NYC,2026-03-09 17:26:47,workforce_center,55+,en,phone,inactive,2,2026-03-11 20:08:00,2026-03-13 19:05:00,,2026-03-15 16:49:55,2026-03-09 17:26:47,0,0,no,,,,,,,,yes,1,0,,,0,2,True,False,NYC,False
u_101087,NYC,2026-03-09 17:36:34,reentry_org,25-34,en,laptop,course_complete,21,2026-03-12 18:15:00,2026-04-26 20:59:00,2026-04-26 20:59:00,2026-04-30 05:53:18,2026-04-25 11:01:43,0,0,yes,2026-03-09 18:22:34,3.0,Mon|Wed,evening,1.2,2026-05-21,no,yes,3,1,,,0,21,True,True,NYC,False
u_100053,NYC,2026-03-09 17:52:54,paid_social,35-44,en,phone,permit_passed,21,2026-03-10 22:59:00,2026-05-11 22:01:00,2026-05-11 22:01:00,2026-06-08 15:01:00,2026-05-17 03:41:53,0,0,yes,2026-03-09 18:31:54,3.0,Fri|Sun,late_night,1.4,2026-05-13,unsure,no,0,2,2026-06-08,passed,2,21,True,True,NYC,False
u_104389,Sacramento,2026-03-09 18:29:00,reentry_org,25-34,en,shared_computer,permit_passed,21,2026-03-09 19:13:53,2026-04-07 20:11:00,2026-04-07 20:11:00,2026-04-22 15:11:00,2026-04-13 00:54:48,0,0,no,,,,,,,,yes,0,1,2026-04-22,passed,1,21,True,True,Sacramento,False
u_103695,NYC,2026-03-09 21:52:18,friend_family,18-24,en,laptop,withdrawn,1,2026-03-09 22:04:52,2026-03-09 22:04:52,,2026-03-19 13:16:54,2026-03-15 17:19:49,0,0,no,,,,,,,,no,0,1,,,0,1,True,False,NYC,False
u_103156,NYC,2026-03-09 22:00:48,friend_family,25-34,en,phone,permit_passed,21,2026-03-09 23:44:09,2026-04-04 10:21:00,2026-04-04 10:21:00,2026-04-26 15:21:00,2026-04-04 14:14:09,0,0,no,,,,,,,,yes,3,2,2026-04-26,passed,1,21,True,True,NYC,False
u_104178,Sacramento,2026-03-09 22:10:53,friend_family,35-44,en,phone,permit_passed,21,2026-03-09 22:22:09,2026-03-24 06:25:00,2026-03-24 06:25:00,2026-04-02 04:17:55,2026-03-25 16:33:11,0,0,yes,2026-03-09 22:24:53,10.0,Mon|Tue|Wed|Thu|Fri|Sat|Sun,morning,5.4,2026-04-08,unsure,yes,0,1,2026-04-01,passed,1,21,True,True,Sacramento,False
u_100890,NYC,2026-03-09 22:27:08,reentry_org,18-24,es,phone,inactive,4,2026-03-10 18:39:00,2026-03-20 18:34:00,,2026-03-21 08:45:44,2026-03-18 04:29:55,0,0,yes,2026-03-09 23:11:08,3.0,Mon|Thu,evening,2.8,2026-05-21,unsure,no,0,1,,,0,4,True,False,NYC,False
u_101122,NYC,2026-03-09 22:38:52,friend_family,45-54,en,phone,not_started,0,,,,2026-03-11 18:12:38,2026-03-09 22:38:52,0,0,no,,,,,,,,yes,0,0,,,0,0,False,False,NYC,False
u_104437,Sacramento,2026-03-09 22:45:37,paid_social,35-44,en,phone,course_complete,21,2026-03-10 17:19:00,2026-04-08 17:31:00,2026-04-08 17:31:00,2026-04-19 22:35:57,2026-04-11 23:13:47,0,0,yes,2026-03-09 23:57:37,5.0,Thu|Fri|Sun,evening,2.0,2026-04-29,no,no,0,2,,,0,21,True,True,Sacramento,False
u_105514,Boston,2026-03-10 03:02:23,paid_social,35-44,en,phone,not_started,0,,,,2026-03-10 11:14:21,2026-03-10 03:02:23,0,0,yes,2026-03-10 04:20:23,10.0,Mon|Tue|Wed|Thu|Fri|Sat|Sun,evening,5.0,2026-04-07,unsure,yes,0,0,,,0,0,False,False,Boston,False
u_103888,NYC,2026-03-10 03:59:29,reentry_org,55+,en,laptop,not_started,0,,,,2026-03-12 20:48:18,2026-03-10 03:59:29,0,0,no,,,,,,,,no,0,0,,,0,0,False,False,NYC,False
u_105333,Sacramento,2026-03-10 04:13:03,workforce_center,25-34,es,laptop,inactive,2,2026-03-10 18:20:35,2026-03-15 19:58:00,,2026-03-16 10:35:51,2026-03-10 04:13:03,0,0,yes,2026-03-10 05:12:03,3.0,Tue|Thu,evening,1.2,2026-05-21,yes,no,0,2,,,0,2,True,False,Sacramento,False
u_101566,NYC,2026-03-10 06:33:59,paid_social,35-44,en,laptop,inactive,16,2026-03-10 08:31:53,2026-04-08 22:25:00,,2026-04-14 03:30:16,2026-03-30 05:53:04,0,0,yes,2026-03-10 07:14:59,5.0,Tue|Fri|Sun,late_night,2.6,2026-04-16,yes,yes,0,2,,,0,16,True,False,NYC,False
u_103036,NYC,2026-03-10 06:40:01,friend_family,18-24,en,laptop,not_started,0,,,,2026-03-11 04:38:26,2026-03-10 06:40:01,0,0,no,,,,,,,,no,0,0,,,0,0,False,False,NYC,False
u_101689,NYC,2026-03-10 08:36:31,paid_social,18-24,en,phone,not_started,0,,,,2026-03-11 08:15:04,2026-03-10 08:36:31,0,0,no,,,,,,,,no,0,0,,,0,0,False,False,NYC,False
u_105726,Boston,2026-03-10 11:16:58,paid_social,35-44,en,phone,withdrawn,0,,,,2026-03-13 16:03:57,2026-03-13 09:25:22,0,0,yes,2026-03-10 12:21:58,7.0,Tue|Thu|Fri|Sat|Sun,evening,3.3,2026-04-23,yes,yes,0,0,,,0,0,False,False,Boston,False
u_101065,NYC,2026-03-10 11:57:11,workforce_center,45-54,es,phone,permit_passed,21,2026-03-10 12:14:06,2026-04-25 22:22:00,2026-04-25 22:22:00,2026-05-07 15:22:00,2026-04-27 14:17:33,0,0,yes,2026-03-10 13:15:11,10.0,Mon|Tue|Wed|Thu|Fri|Sat|Sun,late_night,4.4,2026-04-11,no,no,0,1,2026-05-07,passed,1,21,True,True,NYC,False
u_102024,NYC,2026-03-10 11:59:19,reentry_org,25-34,es,phone,inactive,10,2026-03-10 14:25:58,2026-03-26 19:59:00,,2026-03-26 20:00:45,2026-03-16 23:50:20,0,0,yes,2026-03-10 12:19:19,7.0,Mon|Tue|Wed|Sat|Sun,evening,4.0,2026-04-19,unsure,yes,3,3,,,0,10,True,False,NYC,False
u_104552,Sacramento,2026-03-10 12:09:48,friend_family,35-44,en,tablet,not_started,0,,,,2026-03-11 13:26:23,2026-03-11 09:12:33,0,0,yes,2026-03-10 12:14:48,3.0,Mon|Fri,evening,1.5,,yes,yes,0,0,,,0,0,False,False,Sacramento,False
u_102334,NYC,2026-03-10 12:43:06,paid_social,25-34,en,laptop,permit_passed,21,2026-03-10 12:56:17,2026-04-19 16:17:00,2026-04-19 16:17:00,2026-05-13 15:17:00,2026-04-16 12:39:55,0,0,yes,2026-03-10 14:00:06,10.0,Mon|Tue|Wed|Thu|Fri|Sat|Sun,afternoon,4.7,2026-04-04,yes,no,0,1,2026-05-13,passed,1,21,True,True,NYC,False
u_103838,NYC,2026-03-10 12:51:25,parole_probation_officer,35-44,es,laptop,inactive,3,2026-03-10 23:58:53,2026-03-14 22:07:00,,2026-03-15 12:24:25,2026-03-11 21:54:17,0,0,no,,,,,,,,no,0,0,,,0,3,True,False,NYC,False
u_102362,NYC,2026-03-10 13:56:26,paid_social,25-34,en,phone,not_started,0,,,,2026-03-14 16:52:35,2026-03-14 08:09:15,0,0,yes,2026-03-10 14:24:26,3.0,Mon|Sun,evening,1.2,,yes,no,0,0,,,0,0,False,False,NYC,False
u_104073,Sacramento,2026-03-10 14:35:14,parole_probation_officer,25-34,en,laptop,permit_passed,21,2026-03-11 22:31:00,2026-04-20 23:37:00,2026-04-20 23:37:00,2026-05-05 15:37:00,2026-04-26 19:10:59,0,0,yes,2026-03-10 14:40:14,3.0,Wed|Thu,late_night,1.0,,no,yes,0,3,2026-05-05,passed,1,21,True,True,Sacramento,False
u_100782,NYC,2026-03-10 15:00:11,reentry_org,45-54,en,phone,course_complete,21,2026-03-10 17:31:55,2026-04-06 10:16:00,2026-04-06 10:16:00,2026-04-06 19:30:50,2026-04-04 10:24:55,0,0,yes,2026-03-10 15:59:11,5.0,Mon|Wed|Thu,morning,3.5,,yes,yes,4,1,,,0,21,True,True,NYC,False
u_104027,Sacramento,2026-03-10 15:27:24,paid_social,25-34,en,phone,not_started,0,,,,2026-03-10 22:23:11,2026-03-10 15:27:24,0,0,no,,,,,,,,no,0,0,,,0,0,False,False,Sacramento,False
u_104758,Sacramento,2026-03-10 16:59:11,parole_probation_officer,45-54,en,phone,not_started,0,,,,2026-03-11 13:02:46,2026-03-10 16:59:11,0,0,yes,2026-03-10 18:12:11,7.0,Mon|Tue|Fri|Sat|Sun,evening,4.2,2026-04-22,no,no,0,0,,,0,0,False,False,Sacramento,False
u_103667,NYC,2026-03-10 17:03:15,parole_probation_officer,45-54,en,phone,not_started,0,,,,2026-03-12 08:33:46,2026-03-10 17:03:15,0,0,yes,2026-03-10 18:04:15,10.0,Mon|Tue|Wed|Thu|Fri|Sat|Sun,late_night,5.8,2026-04-16,yes,yes,0,0,,,0,0,False,False,NYC,False
u_104853,Sacramento,2026-03-10 18:20:39,friend_family,45-54,en,phone,course_complete,21,2026-03-10 19:43:22,2026-04-13 23:43:00,2026-04-13 23:43:00,2026-04-30 21:59:12,2026-04-29 19:35:03,0,0,yes,2026-03-10 19:09:39,10.0,Mon|Tue|Wed|Thu|Fri|Sat|Sun,late_night,4.5,2026-04-06,yes,no,0,2,,,0,21,True,True,Sacramento,False
u_103065,NYC,2026-03-10 18:48:32,parole_probation_officer,35-44,en,phone,course_complete,21,2026-03-13 08:10:00,2026-04-04 09:49:00,2026-04-04 09:49:00,2026-04-23 21:01:51,2026-04-20 08:54:40,0,0,yes,2026-03-10 19:35:32,10.0,Mon|Tue|Wed|Thu|Fri|Sat|Sun,morning,5.1,2026-04-21,yes,yes,1,3,,,0,21,True,True,NYC,False
u_103374,NYC,2026-03-10 18:52:56,paid_social,25-34,en,tablet,course_complete,21,2026-03-10 19:28:43,2026-04-18 21:41:00,2026-04-18 21:41:00,2026-04-21 05:34:55,2026-04-09 18:57:25,0,0,no,,,,,,,,no,0,2,,,0,21,True,True,NYC,False
u_101927,NYC,2026-03-10 19:04:29,paid_social,35-44,en,laptop,course_complete,21,2026-03-10 19:15:27,2026-04-10 16:07:00,2026-04-10 16:07:00,2026-04-16 15:45:43,2026-04-16 03:52:22,0,0,no,,,,,,,,no,0,2,,,0,21,True,True,NYC,False
u_103446,NYC,2026-03-11 00:40:04,reentry_org,18-24,en,phone,inactive,4,2026-03-21 22:37:00,2026-03-28 22:58:00,,2026-04-02 16:31:41,2026-03-18 04:58:33,0,0,yes,2026-03-11 00:50:04,3.0,Tue|Wed,late_night,1.6,2026-05-20,unsure,no,0,1,,,0,4,True,False,NYC,False
u_103875,NYC,2026-03-11 02:08:52,workforce_center,18-24,en,phone,not_started,0,,,,2026-03-11 04:04:03,2026-03-11 02:08:52,0,0,no,,,,,,,,yes,0,0,,,0,0,False,False,NYC,False
u_100611,New York,2026-03-11 03:13:10,reentry_org,25-34,es,phone,inactive,4,2026-03-17 15:12:00,2026-03-25 13:11:00,,2026-03-25 23:01:57,2026-03-19 07:22:27,0,0,yes,2026-03-11 04:41:10,5.0,Mon|Thu|Sat,afternoon,2.5,2026-05-07,no,no,0,1,,,0,4,True,False,NYC,False
u_101893,NYC,2026-03-11 04:46:48,paid_social,35-44,es,tablet,not_started,0,,,,2026-03-16 15:14:33,2026-03-13 23:24:35,0,0,no,,,,,,,,no,0,0,,,0,0,False,False,NYC,False
u_101869,NYC,2026-03-11 10:02:00,paid_social,35-44,en,phone,not_started,0,,,,2026-03-14 03:18:54,2026-03-11 19:31:01,0,0,yes,2026-03-11 11:20:00,5.0,Mon|Tue|Sun,morning,2.2,,yes,no,0,0,,,0,0,False,False,NYC,False
u_100500,NYC,2026-03-11 11:08:21,reentry_org,35-44,en,shared_computer,not_started,0,,,,2026-03-13 02:02:22,2026-03-11 11:08:21,0,0,yes,2026-03-11 11:31:21,3.0,Mon|Thu,afternoon,2.7,2026-05-09,yes,no,0,0,,,0,0,False,False,NYC,False
u_101418,NYC,2026-03-11 11:22:14,reentry_org,25-34,en,laptop,course_complete,21,2026-03-12 09:49:00,2026-04-30 09:15:00,2026-04-30 09:15:00,2026-05-07 15:17:03,2026-05-05 21:31:33,0,0,yes,2026-03-11 12:19:14,3.0,Fri|Sun,morning,1.5,2026-05-09,yes,no,0,2,,,0,21,True,True,NYC,False
u_101466,NYC,2026-03-11 13:31:47,reentry_org,18-24,en,phone,permit_passed,21,2026-03-13 20:42:00,2026-04-22 21:43:00,2026-04-22 21:43:00,2026-05-09 15:43:00,2026-05-02 08:34:09,0,0,no,,,,,,,,yes,1,3,2026-05-09,passed,1,21,True,True,NYC,False
u_102957,NYC,2026-03-11 16:36:24,paid_social,25-34,en,phone,withdrawn,2,2026-03-11 16:47:30,2026-03-14 15:41:00,,2026-03-16 10:36:04,2026-03-11 16:36:24,0,0,no,,,,,,,,no,0,1,,,0,2,True,False,NYC,False
u_100456,NYC,2026-03-11 17:15:44,paid_social,55+,en,phone,not_started,0,,,,2026-03-13 04:14:43,2026-03-11 17:15:44,0,0,no,,,,,,,,no,0,0,,,0,0,False,False,NYC,False
u_104095,Sacramento,2026-03-11 19:38:14,paid_social,45-54,en,phone,inactive,1,2026-03-11 19:52:08,2026-03-11 19:52:08,,2026-03-13 09:32:32,2026-03-11 19:38:14,0,0,no,,,,,,,,no,0,0,,,0,1,True,False,Sacramento,False
u_100117,NYC,2026-03-11 19:48:02,reentry_org,35-44,en,laptop,inactive,2,2026-03-14 16:21:00,2026-03-22 15:59:00,,2026-03-23 10:55:29,2026-03-21 21:17:51,0,0,no,,,,,,,,no,0,0,,,0,2,True,False,NYC,False
u_101787,NYC,2026-03-11 21:35:04,workforce_center,18-24,en,laptop,not_started,0,,,,2026-03-15 06:07:30,2026-03-14 08:15:19,0,0,no,,,,,,,,no,0,0,,,0,0,False,False,NYC,False
u_100333,NYC,2026-03-11 21:45:32,parole_probation_officer,18-24,en,phone,not_started,0,,,,2026-03-14 20:46:05,2026-03-13 21:36:16,0,0,yes,2026-03-11 22:11:32,5.0,Mon|Thu|Fri,evening,2.0,,no,yes,0,0,,,0,0,False,False,NYC,False
u_100922,NYC,2026-03-11 22:04:56,workforce_center,18-24,en,tablet,not_started,0,,,,2026-03-14 09:46:20,2026-03-11 22:04:56,0,0,no,,,,,,,,no,0,0,,,0,0,False,False,NYC,False
u_100312,NYC,2026-03-11 22:13:37,workforce_center,45-54,en,phone,inactive,2,2026-03-12 09:10:00,2026-03-14 08:52:00,,2026-03-15 21:45:54,2026-03-15 11:16:30,0,0,no,,,,,,,,no,0,1,,,0,2,True,False,NYC,False
u_104886,Sacramento,2026-03-11 22:31:22,workforce_center,45-54,es,phone,not_started,0,,,,2026-03-12 13:36:32,2026-03-11 22:31:22,0,0,yes,2026-03-11 23:42:22,10.0,Mon|Tue|Wed|Thu|Fri|Sat|Sun,evening,4.0,2026-04-01,yes,no,0,0,,,0,0,False,False,Sacramento,False
u_100243,NYC,2026-03-11 23:31:19,paid_social,25-34,en,phone,course_complete,21,2026-03-15 23:49:00,2026-04-15 22:18:00,2026-04-15 22:18:00,2026-04-23 22:24:29,2026-04-17 13:45:37,0,0,yes,2026-03-11 23:40:19,7.0,Tue|Wed|Thu|Fri|Sun,late_night,3.6,,unsure,no,0,1,,,0,21,True,True,NYC,False
u_104615,Sacramento,2026-03-12 04:57:18,parole_probation_officer,45-54,en,phone,not_started,0,,,,2026-03-13 17:31:39,2026-03-12 04:57:18,0,0,yes,2026-03-12 05:07:18,7.0,Tue|Thu|Fri|Sat|Sun,late_night,2.7,2026-04-09,yes,no,0,0,,,0,0,False,False,Sacramento,False
u_104695,Sacramento,2026-03-12 06:29:56,reentry_org,35-44,en,laptop,permit_failed,21,2026-03-12 07:52:36,2026-04-09 21:50:00,2026-04-09 21:50:00,2026-04-21 07:56:38,2026-04-10 11:14:28,0,0,no,,,,,,,,no,0,1,2026-04-16,failed,1,21,True,True,Sacramento,False
u_100290,NYC,2026-03-12 08:41:31,reentry_org,25-34,en,phone,course_complete,21,2026-03-12 09:12:16,2026-04-14 14:05:00,2026-04-14 14:05:00,2026-04-23 09:06:11,2026-04-21 18:02:02,0,0,yes,2026-03-12 09:09:31,7.0,Mon|Thu|Fri|Sat|Sun,afternoon,4.2,2026-04-09,no,no,0,1,,,0,21,True,True,NYC,False
u_100246,NYC,2026-03-12 09:31:20,friend_family,45-54,en,phone,course_complete,21,2026-03-16 17:38:00,2026-05-01 19:01:00,2026-05-01 19:01:00,2026-05-03 14:44:10,2026-05-03 10:39:40,0,0,yes,2026-03-12 09:43:20,3.0,Wed|Sun,evening,2.4,2026-05-24,yes,yes,0,1,,,0,21,True,True,NYC,False
u_101252,NYC,2026-03-12 09:42:17,friend_family,25-34,en,phone,inactive,1,2026-03-16 17:37:00,2026-03-16 17:37:00,,2026-03-18 00:45:08,2026-03-14 09:07:19,0,0,yes,2026-03-12 10:36:17,5.0,Mon|Tue|Wed,evening,3.0,2026-04-28,unsure,no,0,1,,,0,1,True,False,NYC,False
u_104021,Sacramento,2026-03-12 16:32:57,workforce_center,35-44,en,phone,inactive,4,2026-03-23 15:32:00,2026-03-26 14:07:00,,2026-03-30 20:39:15,2026-03-30 00:15:14,0,0,yes,2026-03-12 17:49:57,10.0,Mon|Tue|Wed|Thu|Fri|Sat|Sun,afternoon,4.8,,no,no,0,0,,,0,4,True,False,Sacramento,False
u_101150,NYC,2026-03-12 17:20:29,reentry_org,35-44,en,tablet,inactive,1,2026-03-12 17:38:26,2026-03-12 17:38:26,,2026-03-16 03:21:54,2026-03-14 21:31:18,0,0,no,,,,,,,,no,0,1,,,0,1,True,False,NYC,False
u_102785,NYC,2026-03-12 20:36:42,friend_family,25-34,en,laptop,inactive,1,2026-03-19 20:47:00,2026-03-19 20:47:00,,2026-03-20 23:34:18,2026-03-17 21:07:16,0,0,no,,,,,,,,yes,1,2,,,0,1,True,False,NYC,False
u_103635,New York,2026-03-12 21:11:28,paid_social,35-44,en,laptop,permit_passed,21,2026-03-12 21:23:46,2026-04-17 14:02:00,2026-04-17 14:02:00,2026-05-07 15:02:00,2026-04-21 03:13:52,0,0,yes,2026-03-12 22:38:28,5.0,Thu|Fri|Sun,afternoon,1.9,2026-04-26,unsure,no,0,3,2026-05-07,passed,1,21,True,True,NYC,False
u_104969,Sacramento,2026-03-12 21:17:07,paid_social,35-44,en,phone,inactive,4,2026-03-13 13:37:00,2026-03-30 14:55:00,,2026-04-01 04:35:43,2026-03-28 16:14:38,0,0,no,,,,,,,,no,0,0,,,0,4,True,False,Sacramento,False
u_102233,NYC,2026-03-12 21:31:00,reentry_org,25-34,en,phone,course_complete,21,2026-03-12 21:47:33,2026-04-11 23:14:00,2026-04-11 23:14:00,2026-04-30 18:44:38,2026-04-28 11:19:11,0,0,no,,,,,,,,no,0,1,,,0,21,True,True,NYC,False
u_100925,NYC,2026-03-12 23:12:35,workforce_center,25-34,es,phone,not_started,0,,,,2026-03-16 02:54:30,2026-03-14 12:54:51,0,0,yes,2026-03-12 23:44:35,7.0,Mon|Tue|Wed|Thu|Fri,evening,4.2,2026-04-23,yes,no,0,0,,,0,0,False,False,NYC,False
u_105219,Sacramento,2026-03-13 00:20:39,paid_social,25-34,en,laptop,permit_passed,21,2026-03-13 03:07:26,2026-04-21 22:31:00,2026-04-21 22:31:00,2026-05-05 15:31:00,2026-04-22 22:45:01,0,0,no,,,,,,,,no,0,2,2026-05-05,passed,1,21,True,True,Sacramento,False
u_104629,Sacramento,2026-03-13 01:18:30,paid_social,18-24,en,phone,inactive,1,2026-03-13 02:59:21,2026-03-13 02:59:21,,2026-03-18 13:54:39,2026-03-14 08:27:38,0,0,yes,2026-03-13 01:48:30,10.0,Mon|Tue|Wed|Thu|Fri|Sat|Sun,evening,4.4,,yes,no,0,0,,,0,1,True,False,Sacramento,False
u_101211,NYC,2026-03-13 04:41:34,paid_social,25-34,en,phone,permit_passed,21,2026-03-13 06:33:02,2026-04-17 16:02:00,2026-04-17 16:02:00,2026-04-28 15:02:00,2026-04-19 12:09:42,0,0,yes,2026-03-13 05:26:34,5.0,Wed|Sat|Sun,afternoon,2.2,,yes,no,0,2,2026-04-28,passed,1,21,True,True,NYC,False
u_103828,NYC,2026-03-13 05:56:03,reentry_org,35-44,es,phone,inactive,1,2026-03-13 06:23:31,2026-03-13 06:23:31,,2026-03-15 03:38:11,2026-03-13 05:56:03,0,0,yes,2026-03-13 06:23:03,5.0,Mon|Wed|Fri,late_night,2.5,,unsure,yes,1,1,,,0,1,True,False,NYC,False
u_105042,Sacramento,2026-03-13 06:04:59,friend_family,55+,en,phone,not_started,0,,,,2026-03-13 08:39:16,2026-03-13 06:04:59,0,0,yes,2026-03-13 06:48:59,5.0,Wed|Sat|Sun,evening,1.8,2026-04-24,yes,yes,0,0,,,0,0,False,False,Sacramento,False
u_104780,Sacramento,2026-03-13 08:56:00,friend_family,25-34,en,phone,inactive,4,2026-03-16 16:25:00,2026-03-27 14:24:00,,2026-04-04 14:38:51,2026-04-01 01:43:16,0,0,yes,2026-03-13 09:06:00,5.0,Tue|Wed|Sat,afternoon,3.3,2026-05-04,yes,no,0,1,,,0,4,True,False,Sacramento,False
u_100900,NYC,2026-03-13 10:36:21,reentry_org,25-34,en,laptop,inactive,3,2026-03-14 19:18:00,2026-03-23 20:11:00,,2026-03-24 01:46:16,2026-03-21 09:26:58,0,0,yes,2026-03-13 11:20:21,7.0,Tue|Thu|Fri|Sat|Sun,evening,2.7,,yes,no,0,1,,,0,3,True,False,NYC,False
u_104542,Sacramento,2026-03-13 10:56:40,reentry_org,45-54,es,phone,inactive,4,2026-03-13 11:36:18,2026-03-20 21:37:00,,2026-03-22 06:56:49,2026-03-19 21:32:52,0,0,yes,2026-03-13 11:05:40,7.0,Mon|Tue|Thu|Fri|Sun,evening,4.4,,yes,yes,4,0,,,0,4,True,False,Sacramento,False
u_104814,Sacramento,2026-03-13 14:43:16,paid_social,25-34,en,phone,permit_passed,21,2026-03-13 14:54:41,2026-04-21 20:40:00,2026-04-21 20:40:00,2026-04-30 13:27:40,2026-04-25 11:29:59,0,0,yes,2026-03-13 15:38:16,7.0,Tue|Wed|Thu|Fri|Sun,evening,4.5,2026-04-30,yes,yes,1,3,2026-04-28,passed,1,21,True,True,Sacramento,False
u_101070,NYC,2026-03-13 15:12:35,paid_social,45-54,en,phone,not_started,0,,,,2026-03-13 20:04:53,2026-03-13 15:12:35,0,0,no,,,,,,,,no,0,0,,,0,0,False,False,NYC,False
u_105706,Boston,2026-03-13 18:07:20,parole_probation_officer,25-34,en,phone,course_complete,21,2026-03-14 06:18:00,2026-04-06 09:31:00,2026-04-06 09:31:00,2026-04-09 22:17:28,2026-04-09 09:45:19,0,0,no,,,,,,,,yes,1,1,,,0,21,True,True,Boston,False
u_103855,NYC,2026-03-13 20:57:56,parole_probation_officer,25-34,en,laptop,not_started,0,,,,2026-03-16 09:35:54,2026-03-13 20:57:56,0,0,no,,,,,,,,no,0,0,,,0,0,False,False,NYC,False
u_104415,Sacramento,2026-03-13 21:47:23,reentry_org,25-34,en,phone,not_started,0,,,,2026-03-14 01:50:50,2026-03-13 21:47:23,0,0,yes,2026-03-13 22:12:23,5.0,Tue|Wed|Sat,morning,3.2,2026-04-29,no,no,0,0,,,0,0,False,False,Sacramento,False
u_101853,NYC,2026-03-14 01:08:22,friend_family,25-34,en,laptop,not_started,0,,,,2026-03-14 13:18:50,2026-03-14 01:08:22,0,0,yes,2026-03-14 01:21:22,5.0,Mon|Fri|Sat,morning,1.9,2026-05-02,yes,no,0,0,,,0,0,False,False,NYC,False
u_103461,NYC,2026-03-14 01:47:46,paid_social,25-34,en,laptop,not_started,0,,,,2026-03-16 20:18:12,2026-03-15 12:06:06,0,0,yes,2026-03-14 02:11:46,3.0,Wed|Fri,evening,2.5,2026-05-10,yes,no,0,0,,,0,0,False,False,NYC,False
u_104812,Sacramento,2026-03-14 03:40:40,reentry_org,25-34,en,phone,permit_passed,21,2026-03-14 04:06:48,2026-04-30 07:17:00,2026-04-30 07:17:00,2026-05-12 15:17:00,2026-05-02 15:09:33,0,0,no,,,,,,,,no,0,2,2026-05-12,passed,1,21,True,True,Sacramento,False
u_102606,NYC,2026-03-14 04:30:48,paid_social,45-54,en,phone,inactive,1,2026-03-19 08:23:00,2026-03-19 08:23:00,,2026-03-22 12:21:19,2026-03-19 22:39:32,0,0,yes,2026-03-14 05:50:48,5.0,Mon|Tue|Sun,morning,2.2,,yes,no,0,1,,,0,1,True,False,NYC,False
u_104558,Sacramento,2026-03-14 04:37:28,workforce_center,35-44,en,phone,not_started,0,,,,2026-03-17 04:04:56,2026-03-14 04:37:28,0,0,yes,2026-03-14 05:29:28,3.0,Wed|Sat,afternoon,2.0,,unsure,no,0,0,,,0,0,False,False,Sacramento,False
u_100398,NYC,2026-03-14 08:48:01,paid_social,25-34,en,phone,inactive,3,2026-03-19 22:48:00,2026-03-29 22:24:00,,2026-03-30 00:20:00,2026-03-29 11:19:04,0,0,no,,,,,,,,no,0,0,,,0,3,True,False,NYC,False
u_101650,NYC,2026-03-14 10:00:35,workforce_center,35-44,en,laptop,not_started,0,,,,2026-03-14 15:33:55,2026-03-14 10:00:35,0,0,yes,2026-03-14 10:54:35,5.0,Thu|Fri|Sat,evening,2.3,,no,no,0,0,,,0,0,False,False,NYC,False
u_101885,NYC,2026-03-14 10:48:23,reentry_org,35-44,es,phone,permit_passed,21,2026-03-14 11:06:02,2026-04-10 15:21:00,2026-04-10 15:21:00,2026-05-07 15:21:00,2026-04-13 08:59:28,0,0,no,,,,,,,,yes,6,3,2026-05-07,passed,1,21,True,True,NYC,False
u_101216,NYC,2026-03-14 12:46:22,parole_probation_officer,25-34,en,phone,not_started,0,,,,2026-03-14 21:33:50,2026-03-14 12:46:22,0,0,yes,2026-03-14 13:06:22,3.0,Tue|Sat,afternoon,2.8,2026-05-24,no,yes,0,0,,,0,0,False,False,NYC,False
u_102172,NYC,2026-03-14 14:29:09,friend_family,35-44,en,laptop,inactive,2,2026-03-15 18:27:00,2026-03-18 21:18:00,,2026-03-24 04:25:18,2026-03-22 02:05:17,0,0,yes,2026-03-14 15:16:09,7.0,Tue|Thu|Fri|Sat|Sun,evening,3.4,2026-04-11,yes,no,0,0,,,0,2,True,False,NYC,False
u_105058,Sacramento,2026-03-14 16:35:57,friend_family,18-24,en,laptop,inactive,1,2026-03-16 12:46:00,2026-03-16 12:46:00,,2026-03-18 08:57:17,2026-03-14 23:05:50,0,0,yes,2026-03-14 17:41:57,7.0,Wed|Thu|Fri|Sat|Sun,afternoon,3.7,2026-04-29,unsure,no,0,2,,,0,1,True,False,Sacramento,False
u_102737,NYC,2026-03-14 17:25:53,reentry_org,18-24,es,phone,course_complete,21,2026-03-14 19:05:31,2026-04-15 23:07:00,2026-04-15 23:07:00,2026-04-19 00:38:28,2026-04-17 13:08:16,0,0,yes,2026-03-14 18:37:53,5.0,Mon|Sat|Sun,late_night,2.2,2026-04-24,no,yes,3,2,,,0,21,True,True,NYC,False
u_105156,Sacramento,2026-03-14 19:22:06,reentry_org,18-24,es,phone,inactive,3,2026-03-15 14:34:00,2026-03-27 16:09:00,,2026-03-28 09:37:46,2026-03-27 21:05:27,0,0,no,,,,,,,,no,0,0,,,0,3,True,False,Sacramento,False
u_100953,NYC,2026-03-14 21:58:34,friend_family,25-34,es,phone,inactive,1,2026-03-16 23:06:00,2026-03-16 23:06:00,,2026-03-17 01:05:59,2026-03-16 06:10:19,0,0,yes,2026-03-14 23:25:34,5.0,Tue|Sat|Sun,late_night,3.4,2026-05-10,no,no,0,0,,,0,1,True,False,NYC,False
u_103291,NYC,2026-03-14 22:32:48,paid_social,25-34,en,phone,inactive,4,2026-03-15 06:51:00,2026-03-19 06:02:00,,2026-03-21 18:11:28,2026-03-20 11:35:15,0,0,yes,2026-03-14 23:03:48,5.0,Mon|Wed|Fri,morning,1.9,2026-05-08,unsure,no,0,1,,,0,4,True,False,NYC,False
u_104922,Sacramento,2026-03-14 22:41:22,friend_family,25-34,en,laptop,permit_passed,21,2026-03-15 14:44:00,2026-04-23 15:04:00,2026-04-23 15:04:00,2026-05-02 15:04:00,2026-04-28 11:35:43,0,0,yes,2026-03-14 23:18:22,3.0,Tue|Thu,afternoon,1.5,2026-05-25,yes,no,0,1,2026-05-02,passed,1,21,True,True,Sacramento,False
u_102648,NYC,2026-03-15 01:37:03,friend_family,35-44,en,laptop,course_complete,21,2026-03-15 01:54:34,2026-04-14 19:05:00,2026-04-14 19:05:00,2026-05-06 16:57:41,2026-04-21 22:05:31,0,0,yes,2026-03-15 02:09:03,7.0,Mon|Tue|Wed|Thu|Sat,evening,4.4,2026-04-16,no,yes,1,3,,,0,21,True,True,NYC,False
u_100791,NYC,2026-03-15 03:12:42,parole_probation_officer,25-34,en,phone,inactive,4,2026-03-22 07:18:00,2026-03-25 08:34:00,,2026-03-27 11:16:22,2026-03-26 18:19:35,0,0,yes,2026-03-15 04:29:42,3.0,Mon|Sun,morning,2.3,2026-05-20,yes,no,0,1,,,0,4,True,False,NYC,False
u_100171,NYC,2026-03-15 03:55:14,paid_social,35-44,en,phone,not_started,0,,,,2026-03-16 13:33:38,2026-03-15 19:23:13,0,0,yes,2026-03-15 04:00:14,5.0,Wed|Fri|Sat,late_night,3.7,2026-05-11,yes,no,0,0,,,0,0,False,False,NYC,False
u_103636,NYC,2026-03-15 04:06:23,parole_probation_officer,45-54,en,laptop,course_complete,21,2026-03-16 22:16:00,2026-04-24 22:58:00,2026-04-24 22:58:00,2026-04-27 17:00:16,2026-04-27 16:08:41,0,0,no,,,,,,,,yes,0,2,,,0,21,True,True,NYC,False
u_103185,NYC,2026-03-15 04:13:14,workforce_center,18-24,en,laptop,course_complete,21,2026-03-24 16:01:00,2026-04-20 14:10:00,2026-04-20 14:10:00,2026-04-29 12:52:04,2026-04-29 06:18:30,0,0,no,,,,,,,,no,0,2,,,0,21,True,True,NYC,False
u_105346,Sacramento,2026-03-15 04:26:10,parole_probation_officer,35-44,en,phone,not_started,0,,,,2026-03-15 15:10:45,2026-03-15 04:26:10,0,0,yes,2026-03-15 04:55:10,3.0,Tue|Fri,late_night,1.0,2026-05-30,unsure,yes,0,0,,,0,0,False,False,Sacramento,False
u_102378,NYC,2026-03-15 05:13:12,paid_social,25-34,en,phone,inactive,3,2026-03-18 20:58:00,2026-04-07 18:18:00,,2026-04-09 08:32:57,2026-04-07 03:11:59,0,0,yes,2026-03-15 05:24:12,5.0,Mon|Wed|Sun,evening,3.6,2026-05-06,unsure,no,0,0,,,0,3,True,False,NYC,False
u_102728,NYC,2026-03-15 09:24:53,friend_family,18-24,en,laptop,course_complete,21,2026-03-17 22:19:00,2026-04-27 23:59:00,2026-04-27 23:59:00,2026-05-01 03:37:48,2026-04-27 14:47:04,0,0,no,,,,,,,,yes,1,1,,,0,21,True,True,NYC,False
u_101314,NYC,2026-03-15 10:42:31,paid_social,35-44,en,phone,not_started,0,,,,2026-03-21 03:31:09,2026-03-15 10:42:31,0,0,no,,,,,,,,no,0,0,,,0,0,False,False,NYC,False
u_100995,NYC,2026-03-15 11:21:36,reentry_org,25-34,en,phone,not_started,0,,,,2026-03-16 16:09:44,2026-03-15 11:21:36,0,0,yes,2026-03-15 11:29:36,3.0,Fri|Sat,evening,2.3,2026-05-24,unsure,no,0,0,,,0,0,False,False,NYC,False
u_104227,Sacramento,2026-03-15 14:23:46,paid_social,35-44,en,laptop,permit_passed,21,2026-03-22 11:46:00,2026-04-16 11:34:00,2026-04-16 11:34:00,2026-04-29 15:34:00,2026-04-28 00:08:15,0,0,yes,2026-03-15 15:13:46,5.0,Tue|Thu|Sun,morning,3.6,2026-04-20,yes,yes,4,1,2026-04-29,passed,1,21,True,True,Sacramento,False
u_100107,NYC,2026-03-15 15:40:38,paid_social,35-44,en,phone,not_started,0,,,,2026-03-15 18:23:35,2026-03-15 15:40:38,0,0,no,,,,,,,,no,0,0,,,0,0,False,False,NYC,False
u_103333,NYC,2026-03-15 16:44:36,parole_probation_officer,25-34,es,tablet,course_complete,21,2026-03-15 16:59:28,2026-04-09 11:52:00,2026-04-09 11:52:00,2026-04-17 08:03:21,2026-04-09 11:01:39,0,0,yes,2026-03-15 17:36:36,7.0,Mon|Wed|Fri|Sat|Sun,morning,3.7,2026-04-12,yes,no,0,2,,,0,21,True,True,NYC,False
u_104635,Sacramento,2026-03-15 17:58:51,reentry_org,18-24,en,phone,not_started,0,,,,2026-03-17 08:12:28,2026-03-15 17:58:51,0,0,yes,2026-03-15 18:13:51,10.0,Mon|Tue|Wed|Thu|Fri|Sat|Sun,morning,4.2,2026-04-24,unsure,yes,0,0,,,0,0,False,False,Sacramento,False
u_103167,NYC,2026-03-15 18:36:26,reentry_org,25-34,en,tablet,inactive,4,2026-03-16 07:25:00,2026-03-25 10:16:00,,2026-03-25 20:14:57,2026-03-21 04:02:22,0,0,no,,,,,,,,no,0,1,,,0,4,True,False,NYC,False
u_101066,NYC,2026-03-15 19:21:18,paid_social,18-24,en,phone,inactive,3,2026-03-18 18:36:00,2026-03-18 19:12:00,,2026-03-20 01:07:24,2026-03-18 12:39:39,0,0,no,,,,,,,,no,0,0,,,0,3,True,False,NYC,False
u_105162,Sacramento,2026-03-15 20:17:32,paid_social,25-34,en,phone,course_complete,21,2026-03-15 21:34:19,2026-05-15 17:16:00,2026-05-15 17:16:00,2026-05-16 07:07:15,2026-05-03 22:39:05,0,0,yes,2026-03-15 20:28:32,3.0,Mon|Sat,evening,2.0,2026-05-30,unsure,no,0,3,,,0,21,True,True,Sacramento,False
u_100841,NYC,2026-03-15 21:11:42,workforce_center,35-44,es,laptop,not_started,0,,,,2026-03-15 22:24:16,2026-03-15 21:11:42,0,0,no,,,,,,,,no,0,0,,,0,0,False,False,NYC,False
u_103103,NYC,2026-03-15 22:08:59,paid_social,45-54,en,laptop,course_complete,21,2026-03-20 11:10:00,2026-05-17 06:16:00,2026-05-17 06:16:00,2026-05-23 21:55:27,2026-05-20 15:46:39,0,0,yes,2026-03-15 23:06:59,3.0,Mon|Sat,morning,1.1,2026-05-20,unsure,no,0,2,,,0,21,True,True,NYC,False
u_104159,Sacramento,2026-03-15 22:26:07,paid_social,35-44,en,phone,not_started,0,,,,2026-03-16 01:02:00,2026-03-15 22:26:07,0,0,no,,,,,,,,yes,0,0,,,0,0,False,False,Sacramento,False
u_104855,Sacramento,2026-03-15 23:03:59,parole_probation_officer,45-54,en,shared_computer,not_started,0,,,,2026-03-16 14:32:46,2026-03-15 23:03:59,0,0,no,,,,,,,,yes,0,0,,,0,0,False,False,Sacramento,False
u_102962,NYC,2026-03-16 00:40:39,workforce_center,35-44,en,phone,course_complete,21,2026-03-16 02:22:34,2026-04-27 23:23:00,2026-04-27 23:23:00,2026-05-06 23:59:52,2026-05-06 22:01:30,0,0,yes,2026-03-16 01:41:39,5.0,Tue|Sat|Sun,late_night,1.9,,yes,no,0,3,,,0,21,True,True,NYC,False
u_100318,NYC,2026-03-16 01:32:32,parole_probation_officer,35-44,en,phone,not_started,0,,,,2026-03-16 03:49:10,2026-03-16 01:32:32,0,0,no,,,,,,,,yes,0,0,,,0,0,False,False,NYC,False
u_102945,NYC,2026-03-16 02:45:55,friend_family,25-34,en,laptop,permit_passed,21,2026-03-21 14:45:00,2026-05-04 13:19:00,2026-05-04 13:19:00,2026-06-01 15:19:00,2026-05-04 00:21:09,0,0,yes,2026-03-16 03:17:55,5.0,Tue|Sat|Sun,afternoon,1.8,,yes,yes,0,2,2026-06-01,passed,1,21,True,True,NYC,False
u_103732,nyc,2026-03-16 02:59:16,friend_family,25-34,es,phone,not_started,0,,,,2026-03-16 16:00:29,2026-03-16 02:59:16,0,0,no,,,,,,,,no,0,0,,,0,0,False,False,NYC,False
u_103594,NYC,2026-03-16 03:01:31,parole_probation_officer,35-44,en,phone,not_started,0,,,,2026-03-16 21:42:26,2026-03-16 03:01:31,0,0,no,,,,,,,,yes,0,0,,,0,0,False,False,NYC,False
u_100686,NYC,2026-03-16 06:01:08,paid_social,25-34,en,phone,permit_passed,21,2026-03-18 10:26:00,2026-04-18 08:54:00,2026-04-18 08:54:00,2026-05-31 15:54:00,2026-04-18 01:32:40,0,0,yes,2026-03-16 06:17:08,5.0,Tue|Wed|Sun,morning,2.1,2026-04-24,yes,no,0,3,2026-05-31,passed,2,21,True,True,NYC,False
u_101569,nyc,2026-03-16 07:34:20,reentry_org,25-34,en,phone,inactive,4,2026-03-16 07:43:59,2026-03-20 06:39:00,,2026-03-23 06:14:40,2026-03-23 06:02:15,0,0,no,,,,,,,,no,0,2,,,0,4,True,False,NYC,False
u_103458,NYC,2026-03-16 11:26:02,workforce_center,18-24,en,phone,inactive,1,2026-03-19 23:25:00,2026-03-19 23:25:00,,2026-03-22 04:58:27,2026-03-18 03:21:58,0,0,yes,2026-03-16 11:45:02,5.0,Mon|Tue|Sun,late_night,3.6,2026-04-28,unsure,no,0,1,,,0,1,True,False,NYC,False
u_101728,NYC,2026-03-16 11:34:05,reentry_org,35-44,en,laptop,inactive,4,2026-03-17 08:51:00,2026-03-17 11:35:00,,2026-03-23 05:36:47,2026-03-16 11:34:05,0,0,yes,2026-03-16 12:44:05,5.0,Tue|Wed|Sat,morning,2.4,,yes,no,0,0,,,0,4,True,False,NYC,False
u_105651,Boston,2026-03-16 14:19:46,parole_probation_officer,25-34,es,phone,inactive,20,2026-03-16 14:28:42,2026-05-08 20:31:00,,2026-05-09 15:54:13,2026-05-04 16:31:16,0,0,yes,2026-03-16 15:35:46,3.0,Mon|Fri,evening,1.3,2026-05-23,unsure,no,0,1,,,0,20,True,False,Boston,False
u_103432,NYC,2026-03-16 15:31:30,paid_social,35-44,en,phone,permit_passed,21,2026-03-21 23:40:00,2026-04-26 22:30:00,2026-04-26 22:30:00,2026-05-22 15:30:00,2026-04-29 16:08:18,0,0,yes,2026-03-16 16:14:30,3.0,Mon|Tue,late_night,1.5,2026-05-29,yes,no,0,1,2026-05-22,passed,1,21,True,True,NYC,False
u_104887,Sacramento,2026-03-16 15:48:50,paid_social,25-34,es,phone,not_started,0,,,,2026-03-18 16:13:25,2026-03-17 13:52:20,0,0,yes,2026-03-16 16:40:50,5.0,Fri|Sat|Sun,evening,2.5,2026-05-09,unsure,no,0,0,,,0,0,False,False,Sacramento,False
u_101618,NYC,2026-03-16 16:22:33,reentry_org,18-24,en,shared_computer,inactive,2,2026-03-16 19:02:56,2026-03-19 21:59:00,,2026-03-26 02:39:52,2026-03-25 06:19:04,0,0,no,,,,,,,,no,0,1,,,0,2,True,False,NYC,False
u_102341,NYC,2026-03-16 16:31:30,workforce_center,35-44,en,phone,withdrawn,0,,,,2026-03-16 21:29:14,2026-03-16 16:31:30,0,0,yes,2026-03-16 17:28:30,3.0,Mon|Wed,evening,1.2,2026-05-15,yes,no,0,0,,,0,0,False,False,NYC,False
u_101578,NYC,2026-03-16 19:51:53,friend_family,18-24,en,phone,inactive,1,2026-03-19 06:10:00,2026-03-19 06:10:00,,2026-03-26 17:26:02,2026-03-21 16:48:57,0,0,no,,,,,,,,no,0,2,,,0,1,True,False,NYC,False
u_103572,NYC,2026-03-16 20:13:33,paid_social,55+,en,phone,inactive,3,2026-03-16 20:23:46,2026-03-21 12:39:00,,2026-03-26 13:28:14,2026-03-25 08:41:14,0,0,no,,,,,,,,no,0,2,,,0,3,True,False,NYC,False
u_104793,Sacramento,2026-03-16 21:17:41,reentry_org,25-34,es,phone,inactive,1,2026-03-16 21:34:17,2026-03-16 21:34:17,,2026-03-17 01:36:25,2026-03-16 21:17:41,0,0,yes,2026-03-16 21:22:41,5.0,Tue|Wed|Fri,evening,2.7,,unsure,no,0,1,,,0,1,True,False,Sacramento,False
u_101102,NYC,2026-03-16 21:35:38,friend_family,18-24,en,laptop,inactive,1,2026-03-17 12:05:00,2026-03-17 12:05:00,,2026-03-23 13:38:48,2026-03-23 12:05:19,0,0,yes,2026-03-16 22:44:38,5.0,Mon|Fri|Sun,afternoon,2.2,2026-05-12,yes,no,0,1,,,0,1,True,False,NYC,False
u_101647,NYC,2026-03-16 22:13:54,paid_social,25-34,es,phone,permit_failed,21,2026-03-17 17:57:00,2026-04-19 18:12:00,2026-04-19 18:12:00,2026-05-13 15:12:00,2026-04-17 03:15:39,0,0,yes,2026-03-16 22:53:54,10.0,Mon|Tue|Wed|Thu|Fri|Sat|Sun,evening,5.2,2026-04-21,unsure,yes,1,2,2026-05-13,failed,1,21,True,True,NYC,False
u_102046,NYC,2026-03-16 22:56:19,friend_family,18-24,en,phone,course_complete,21,2026-03-17 18:35:00,2026-04-13 20:25:00,2026-04-13 20:25:00,2026-04-18 17:11:13,2026-04-14 21:41:16,0,0,yes,2026-03-16 23:23:19,7.0,Mon|Tue|Thu|Fri|Sun,evening,3.8,,unsure,no,0,1,,,0,21,True,True,NYC,False
u_102952,NYC,2026-03-16 23:19:12,reentry_org,55+,en,laptop,not_started,0,,,,2026-03-17 00:41:53,2026-03-16 23:19:12,0,0,no,,,,,,,,no,0,0,,,0,0,False,False,NYC,False
u_100427,NYC,2026-03-17 01:11:29,paid_social,25-34,en,phone,not_started,0,,,,2026-03-19 09:34:46,2026-03-17 01:11:29,0,0,yes,2026-03-17 01:15:29,5.0,Wed|Thu|Sun,evening,2.4,,no,no,0,0,,,0,0,False,False,NYC,False
u_101278,NYC,2026-03-17 01:41:40,paid_social,25-34,en,phone,permit_failed,21,2026-03-19 21:59:00,2026-05-09 19:37:00,2026-05-09 19:37:00,2026-06-03 15:37:00,2026-05-31 21:26:04,0,0,yes,2026-03-17 02:08:40,3.0,Fri|Sat,evening,1.9,2026-05-12,no,no,0,1,2026-06-03,failed,1,21,True,True,NYC,False
u_101414,NYC,2026-03-17 02:53:56,reentry_org,25-34,en,phone,inactive,1,2026-03-18 22:15:00,2026-03-18 22:15:00,,2026-03-21 03:49:15,2026-03-17 15:30:07,0,0,yes,2026-03-17 03:25:56,5.0,Mon|Tue|Sun,late_night,2.6,,unsure,no,0,2,,,0,1,True,False,NYC,False
u_100911,NYC,2026-03-17 04:52:36,parole_probation_officer,25-34,es,phone,course_complete,21,2026-03-17 16:15:11,2026-04-12 12:32:00,2026-04-12 12:32:00,2026-05-02 19:14:35,2026-04-27 21:49:09,0,0,no,,,,,,,,yes,1,1,,,0,21,True,True,NYC,False
u_103537,NYC,2026-03-17 05:01:51,reentry_org,18-24,en,phone,course_complete,21,2026-03-21 22:23:00,2026-04-20 22:38:00,2026-04-20 22:38:00,2026-04-26 04:15:21,2026-04-25 10:47:46,0,0,no,,,,,,,,yes,4,1,,,0,21,True,True,NYC,False
u_105090,Sacramento,2026-03-17 05:25:08,reentry_org,25-34,en,phone,not_started,0,,,,2026-03-17 17:04:52,2026-03-17 05:25:08,0,0,yes,2026-03-17 06:53:08,7.0,Mon|Thu|Fri|Sat|Sun,evening,3.2,2026-04-24,no,no,0,0,,,0,0,False,False,Sacramento,False
u_102966,NYC,2026-03-17 07:43:58,parole_probation_officer,45-54,en,laptop,course_complete,21,2026-03-18 21:54:00,2026-04-13 21:40:00,2026-04-13 21:40:00,2026-04-15 11:36:33,2026-04-14 22:25:34,0,0,yes,2026-03-17 08:03:58,10.0,Mon|Tue|Wed|Thu|Fri|Sat|Sun,evening,4.4,2026-04-24,yes,yes,4,1,,,0,21,True,True,NYC,False
u_105920,Boston,2026-03-17 08:16:49,paid_social,18-24,en,phone,not_started,0,,,,2026-03-18 20:38:47,2026-03-17 08:16:49,0,0,yes,2026-03-17 09:09:49,10.0,Mon|Tue|Wed|Thu|Fri|Sat|Sun,evening,5.3,2026-04-24,yes,no,0,0,,,0,0,False,False,Boston,False
u_104620,Sacramento,2026-03-17 09:23:35,reentry_org,25-34,en,phone,inactive,9,2026-03-17 09:41:08,2026-03-27 09:04:00,,2026-03-27 16:07:21,2026-03-17 09:23:35,0,0,yes,2026-03-17 10:32:35,5.0,Mon|Wed|Thu,morning,3.4,,no,yes,3,1,,,0,9,True,False,Sacramento,False
u_102652,NYC,2026-03-17 13:26:00,reentry_org,45-54,en,phone,inactive,3,2026-03-17 14:39:59,2026-03-22 18:35:00,,2026-03-28 08:25:41,2026-03-23 00:34:09,0,0,no,,,,,,,,no,0,0,,,0,3,True,False,NYC,False
u_101731,NYC,2026-03-17 13:42:39,parole_probation_officer,45-54,en,shared_computer,inactive,4,2026-03-17 14:07:33,2026-03-23 22:54:00,,2026-03-24 03:25:23,2026-03-18 15:49:25,0,0,yes,2026-03-17 13:53:39,5.0,Tue|Sat|Sun,late_night,3.2,2026-05-06,unsure,no,0,0,,,0,4,True,False,NYC,False
u_103201,NYC,2026-03-17 13:50:13,friend_family,45-54,en,phone,course_complete,21,2026-03-25 07:18:00,2026-05-15 08:49:00,2026-05-15 08:49:00,2026-05-17 07:00:01,2026-05-11 19:59:38,0,0,yes,2026-03-17 15:11:13,3.0,Tue|Sun,morning,1.2,2026-05-16,no,no,0,3,,,0,21,True,True,NYC,False
u_101982,NYC,2026-03-17 14:01:53,reentry_org,35-44,en,phone,inactive,12,2026-03-17 14:25:52,2026-04-07 18:24:00,,2026-04-10 01:45:45,2026-04-02 14:16:28,0,0,yes,2026-03-17 14:44:53,3.0,Tue|Sun,evening,1.4,2026-05-24,yes,no,0,1,,,0,11,True,False,NYC,False
u_102716,NYC,2026-03-17 14:38:22,reentry_org,18-24,es,phone,inactive,3,2026-03-17 16:34:38,2026-03-22 12:21:00,,2026-03-25 12:58:51,2026-03-19 16:09:50,0,0,yes,2026-03-17 15:04:22,10.0,Mon|Tue|Wed|Thu|Fri|Sat|Sun,afternoon,5.1,2026-04-20,unsure,no,0,1,,,0,3,True,False,NYC,False
u_103762,NYC,2026-03-17 15:26:13,friend_family,25-34,en,phone,permit_passed,21,2026-03-17 15:35:41,2026-04-20 20:06:00,2026-04-20 20:06:00,2026-05-15 15:06:00,2026-04-21 21:33:49,0,0,no,,,,,,,,yes,6,1,2026-05-15,passed,2,21,True,True,NYC,False
u_102476,NYC,2026-03-17 18:08:00,reentry_org,35-44,en,tablet,permit_passed,21,2026-03-17 20:11:21,2026-04-17 18:09:00,2026-04-17 18:09:00,2026-04-27 15:09:00,2026-04-26 17:44:01,0,0,yes,2026-03-17 18:42:00,5.0,Wed|Fri|Sun,evening,3.1,2026-05-01,yes,no,0,2,2026-04-27,passed,1,21,True,True,NYC,False
u_103413,NYC,2026-03-17 18:26:49,workforce_center,35-44,en,phone,inactive,4,2026-03-28 23:17:00,2026-04-10 22:40:00,,2026-04-13 11:57:23,2026-04-01 05:11:54,0,0,no,,,,,,,,no,0,0,,,0,4,True,False,NYC,False
u_100256,NYC,2026-03-17 18:40:05,paid_social,35-44,en,shared_computer,course_complete,21,2026-03-17 19:52:16,2026-04-20 21:59:00,2026-04-20 21:59:00,2026-04-21 10:15:43,2026-04-19 10:49:24,0,0,yes,2026-03-17 18:58:05,10.0,Mon|Tue|Wed|Thu|Fri|Sat|Sun,evening,4.4,2026-04-25,no,yes,3,1,,,0,21,True,True,NYC,False
u_104996,Sacramento,2026-03-17 20:42:16,reentry_org,45-54,es,phone,course_complete,21,2026-03-18 19:53:00,2026-04-30 19:37:00,2026-04-30 19:37:00,2026-05-02 22:57:25,2026-04-30 21:05:30,0,0,yes,2026-03-17 21:39:16,3.0,Sat|Sun,evening,1.4,2026-05-28,yes,no,0,2,,,0,21,True,True,Sacramento,False
u_103588,NYC,2026-03-17 21:43:12,paid_social,35-44,es,phone,not_started,0,,,,2026-03-19 16:21:33,2026-03-19 08:47:04,0,0,yes,2026-03-17 22:12:12,3.0,Fri|Sun,afternoon,1.0,2026-05-26,yes,yes,0,0,,,0,0,False,False,NYC,False
u_102017,NYC,2026-03-17 22:07:09,parole_probation_officer,25-34,en,phone,inactive,4,2026-03-17 22:47:47,2026-03-29 17:41:00,,2026-03-31 20:15:23,2026-03-31 13:12:23,0,0,no,,,,,,,,no,0,1,,,0,4,True,False,NYC,False
u_104463,Sacramento,2026-03-17 23:48:31,paid_social,35-44,en,phone,not_started,0,,,,2026-03-21 11:02:45,2026-03-17 23:48:31,0,0,yes,2026-03-18 00:13:31,5.0,Thu|Fri|Sat,afternoon,2.4,,no,no,0,0,,,0,0,False,False,Sacramento,False
u_103811,NYC,2026-03-17 23:53:23,paid_social,18-24,en,phone,not_started,0,,,,2026-03-18 05:18:59,2026-03-17 23:53:23,0,0,yes,2026-03-18 00:31:23,10.0,Mon|Tue|Wed|Thu|Fri|Sat|Sun,evening,4.6,,unsure,no,0,0,,,0,0,False,False,NYC,False
u_102816,NYC,2026-03-18 01:01:23,friend_family,25-34,en,phone,inactive,1,2026-03-18 19:52:32,2026-03-18 19:52:32,,2026-03-21 17:11:35,2026-03-18 01:01:23,0,0,no,,,,,,,,no,0,1,,,0,1,True,False,NYC,False
u_105570,Boston,2026-03-18 02:03:20,parole_probation_officer,45-54,es,phone,inactive,3,2026-03-24 23:17:00,2026-04-03 22:03:00,,2026-04-05 07:40:20,2026-04-02 04:30:43,0,0,yes,2026-03-18 03:03:20,3.0,Mon|Sun,late_night,2.5,,unsure,no,0,2,,,0,3,True,False,Boston,False
u_101718,NYC,2026-03-18 02:08:30,friend_family,35-44,en,phone,inactive,9,2026-03-18 02:24:55,2026-03-29 15:36:00,,2026-03-30 07:05:29,2026-03-18 02:08:30,0,0,no,,,,,,,,yes,4,1,,,0,9,True,False,NYC,False
u_100604,NYC,2026-03-18 02:55:39,parole_probation_officer,25-34,en,laptop,permit_failed,21,2026-03-18 03:06:17,2026-04-18 17:03:00,2026-04-18 17:03:00,2026-05-14 15:03:00,2026-04-28 14:20:48,0,0,yes,2026-03-18 03:33:39,5.0,Mon|Wed|Thu,afternoon,3.6,2026-05-05,no,yes,6,2,2026-05-14,failed,2,21,True,True,NYC,False
u_105046,Sacramento,2026-03-18 07:22:58,paid_social,25-34,en,phone,not_started,0,,,,2026-03-18 09:23:26,2026-03-18 07:22:58,0,0,yes,2026-03-18 07:34:58,5.0,Wed|Thu|Fri,late_night,3.7,2026-04-30,yes,no,0,0,,,0,0,False,False,Sacramento,False
u_101488,NYC,2026-03-18 07:32:45,reentry_org,25-34,es,phone,not_started,0,,,,2026-03-18 18:36:10,2026-03-18 07:32:45,0,0,yes,2026-03-18 08:27:45,7.0,Tue|Wed|Fri|Sat|Sun,late_night,3.3,,yes,yes,0,0,,,0,0,False,False,NYC,False
u_105295,Sacramento,2026-03-18 11:11:28,reentry_org,25-34,en,phone,inactive,4,2026-03-18 11:38:44,2026-03-25 13:58:00,,2026-03-26 00:48:41,2026-03-24 02:41:31,0,0,yes,2026-03-18 12:23:28,3.0,Wed|Fri,afternoon,2.6,,yes,no,0,1,,,0,4,True,False,Sacramento,False
u_101611,NYC,2026-03-18 11:16:40,workforce_center,18-24,en,laptop,inactive,17,2026-03-18 13:35:24,2026-04-22 22:31:00,,2026-04-25 14:45:50,2026-04-22 19:08:05,0,0,yes,2026-03-18 12:04:40,5.0,Mon|Tue|Fri,late_night,1.8,2026-04-24,yes,no,0,1,,,0,17,True,False,NYC,False
u_102635,NYC,2026-03-18 11:38:42,friend_family,25-34,en,phone,not_started,0,,,,2026-03-18 21:03:48,2026-03-18 11:38:42,0,0,yes,2026-03-18 12:40:42,5.0,Tue|Thu|Sat,morning,1.9,2026-04-27,yes,no,0,0,,,0,0,False,False,NYC,False
u_100780,NYC,2026-03-18 14:24:06,parole_probation_officer,25-34,en,phone,not_started,0,,,,2026-03-20 16:30:14,2026-03-19 18:55:41,0,0,yes,2026-03-18 15:15:06,3.0,Thu|Sat,evening,2.2,2026-05-20,yes,yes,0,0,,,0,0,False,False,NYC,False
u_104730,Sacramento,2026-03-18 16:03:01,reentry_org,35-44,en,shared_computer,inactive,1,2026-03-18 18:41:01,2026-03-18 18:41:01,,2026-03-19 00:47:24,2026-03-18 16:03:01,0,0,yes,2026-03-18 16:43:01,7.0,Mon|Tue|Wed|Fri|Sun,evening,3.2,,yes,no,0,2,,,0,1,True,False,Sacramento,False
u_100402,NYC,2026-03-18 17:28:41,paid_social,45-54,en,laptop,not_started,0,,,,2026-03-19 16:28:56,2026-03-18 17:28:41,0,0,yes,2026-03-18 18:56:41,5.0,Tue|Wed|Sat,morning,2.0,2026-05-09,no,no,0,0,,,0,0,False,False,NYC,False
u_104124,Sacramento,2026-03-18 18:16:21,workforce_center,25-34,en,phone,permit_passed,21,2026-03-30 11:38:00,2026-04-18 10:43:00,2026-04-18 10:43:00,2026-04-23 15:43:00,2026-04-22 20:26:56,0,0,yes,2026-03-18 18:22:21,7.0,Mon|Tue|Thu|Fri|Sun,morning,2.8,,unsure,no,0,2,2026-04-23,passed,1,21,True,True,Sacramento,False
u_105358,Sacramento,2026-03-18 20:44:51,friend_family,25-34,en,phone,not_started,0,,,,2026-03-19 11:31:11,2026-03-18 20:44:51,0,0,yes,2026-03-18 21:18:51,3.0,Tue|Sat,morning,2.1,2026-05-13,unsure,no,0,0,,,0,0,False,False,Sacramento,False
u_102398,NYC,2026-03-19 00:39:14,friend_family,25-34,en,laptop,permit_failed,21,2026-03-19 02:32:33,2026-04-06 06:04:00,2026-04-06 06:04:00,2026-04-19 15:04:00,2026-04-05 17:12:06,0,0,yes,2026-03-19 00:42:14,10.0,Mon|Tue|Wed|Thu|Fri|Sat|Sun,morning,5.4,2026-04-17,yes,no,0,2,2026-04-19,failed,1,21,True,True,NYC,False
u_104000,Sacramento,2026-03-19 00:52:04,reentry_org,45-54,en,tablet,permit_passed,21,2026-03-24 11:02:00,2026-04-13 10:53:00,2026-04-13 10:53:00,2026-04-21 15:53:00,2026-04-11 20:21:44,0,0,no,,,,,,,,yes,6,3,2026-04-21,passed,1,21,True,True,Sacramento,False
u_101249,NYC,2026-03-19 06:49:34,reentry_org,18-24,en,phone,not_started,0,,,,2026-03-19 07:21:29,2026-03-19 06:49:34,0,0,yes,2026-03-19 08:07:34,5.0,Wed|Thu|Fri,morning,3.1,,yes,yes,0,0,,,0,0,False,False,NYC,False
u_101145,NYC,2026-03-19 07:40:59,paid_social,25-34,en,phone,inactive,2,2026-03-20 14:05:00,2026-03-20 15:08:00,,2026-03-23 13:44:36,2026-03-20 21:49:57,0,0,yes,2026-03-19 08:13:59,10.0,Mon|Tue|Wed|Thu|Fri|Sat|Sun,afternoon,4.6,2026-04-23,yes,no,0,0,,,0,2,True,False,NYC,False
u_103195,NYC,2026-03-19 07:41:33,friend_family,35-44,es,phone,not_started,0,,,,2026-03-19 22:28:24,2026-03-19 13:58:33,0,0,no,,,,,,,,yes,0,0,,,0,0,False,False,NYC,False
u_100170,NYC,2026-03-19 11:16:45,parole_probation_officer,25-34,en,phone,not_started,0,,,,2026-03-19 14:43:06,2026-03-19 11:16:45,0,0,no,,,,,,,,yes,0,0,,,0,0,False,False,NYC,False
u_101055,NYC,2026-03-19 12:03:30,reentry_org,35-44,es,phone,permit_passed,21,2026-03-20 23:09:00,2026-04-26 22:37:00,2026-04-26 22:37:00,2026-05-13 15:37:00,2026-04-18 13:49:44,0,0,yes,2026-03-19 12:15:30,5.0,Tue|Wed|Sun,late_night,3.1,2026-04-25,yes,yes,2,1,2026-05-13,passed,1,21,True,True,NYC,False
u_103135,NYC,2026-03-19 12:13:33,friend_family,25-34,en,phone,permit_passed,21,2026-03-19 13:40:39,2026-04-27 19:38:00,2026-04-27 19:38:00,2026-05-16 15:38:00,2026-04-30 20:30:52,0,0,yes,2026-03-19 13:33:33,3.0,Wed|Sun,evening,2.8,2026-06-03,no,no,0,1,2026-05-16,passed,1,21,True,True,NYC,False
u_100667,NYC,2026-03-19 15:19:10,reentry_org,25-34,en,phone,not_started,0,,,,2026-03-19 17:44:33,2026-03-19 15:19:10,0,0,yes,2026-03-19 16:12:10,3.0,Wed|Thu,morning,1.5,,yes,no,0,0,,,0,0,False,False,NYC,False
u_104684,Sacramento,2026-03-19 15:32:22,reentry_org,25-34,en,laptop,not_started,0,,,,2026-03-19 22:50:21,2026-03-19 15:32:22,0,0,yes,2026-03-19 16:36:22,7.0,Mon|Tue|Thu|Sat|Sun,evening,4.3,2026-04-16,unsure,no,0,0,,,0,0,False,False,Sacramento,False
u_101308,NYC,2026-03-19 16:16:42,paid_social,35-44,en,laptop,not_started,0,,,,2026-03-21 15:35:34,2026-03-21 09:59:22,0,0,no,,,,,,,,no,0,0,,,0,0,False,False,NYC,False
u_105762,Boston,2026-03-19 16:58:24,workforce_center,35-44,en,phone,course_complete,21,2026-03-19 17:13:53,2026-04-21 22:26:00,2026-04-21 22:26:00,2026-05-01 07:19:17,2026-05-01 00:48:32,0,0,no,,,,,,,,yes,2,1,,,0,21,True,True,Boston,False
u_105735,Boston,2026-03-19 17:16:28,friend_family,25-34,ht,laptop,inactive,4,2026-03-27 19:25:00,2026-04-03 18:50:00,,2026-04-08 09:45:27,2026-03-26 17:09:05,0,0,yes,2026-03-19 18:31:28,7.0,Tue|Wed|Fri|Sat|Sun,evening,4.1,,yes,yes,0,0,,,0,4,True,False,Boston,False
u_104270,Sacramento,2026-03-19 17:47:23,friend_family,35-44,en,phone,permit_passed,21,2026-03-20 14:36:00,2026-05-29 16:32:00,2026-05-29 16:32:00,2026-06-09 15:32:00,2026-05-27 13:10:01,0,0,yes,2026-03-19 17:57:23,3.0,Wed|Sat,afternoon,2.8,,yes,yes,0,2,2026-06-09,passed,1,21,True,True,Sacramento,False
u_103938,NYC,2026-03-19 21:13:26,reentry_org,18-24,en,phone,course_complete,21,2026-03-24 22:36:00,2026-05-13 23:16:00,2026-05-13 23:16:00,2026-05-17 09:29:24,2026-05-14 05:14:14,0,0,no,,,,,,,,yes,3,2,,,0,21,True,True,NYC,False
u_101844,NYC,2026-03-19 23:05:37,paid_social,45-54,en,phone,permit_passed,21,2026-03-19 23:20:43,2026-05-13 22:44:00,2026-05-13 22:44:00,2026-06-05 15:44:00,2026-05-16 13:28:00,0,0,yes,2026-03-20 00:26:37,3.0,Mon|Wed,late_night,2.8,2026-05-25,yes,yes,1,2,2026-06-05,passed,1,21,True,True,NYC,False
u_104496,Sacramento,2026-03-19 23:48:00,friend_family,18-24,en,laptop,inactive,2,2026-03-20 08:05:00,2026-03-26 10:27:00,,2026-03-31 07:17:39,2026-03-31 00:44:06,0,0,yes,2026-03-20 00:53:00,3.0,Thu|Sun,morning,1.7,,no,yes,3,0,,,0,2,True,False,Sacramento,False
u_100381,NYC,2026-03-20 00:56:48,reentry_org,25-34,en,phone,course_complete,21,2026-04-01 06:00:00,2026-04-20 11:19:00,2026-04-20 11:19:00,2026-04-20 14:38:59,2026-04-15 13:24:53,0,0,yes,2026-03-20 01:52:48,7.0,Mon|Tue|Wed|Sat|Sun,morning,3.0,2026-04-19,yes,yes,2,3,,,0,21,True,True,NYC,False
u_104460,Sacramento,2026-03-20 02:06:51,reentry_org,45-54,en,phone,inactive,1,2026-03-20 02:22:41,2026-03-20 02:22:41,,2026-03-21 03:36:36,2026-03-20 02:06:51,0,0,no,,,,,,,,yes,1,0,,,0,1,True,False,Sacramento,False
u_101409,NYC,2026-03-20 04:20:19,paid_social,35-44,en,phone,permit_passed,21,2026-03-20 04:43:01,2026-04-17 14:49:00,2026-04-17 14:49:00,2026-05-11 15:49:00,2026-04-04 14:59:06,0,0,yes,2026-03-20 04:53:19,3.0,Thu|Sat,afternoon,2.5,2026-05-23,yes,yes,0,1,2026-05-11,passed,1,21,True,True,NYC,False
u_104651,Sacramento,2026-03-20 04:43:16,paid_social,25-34,es,phone,not_started,0,,,,2026-03-21 05:08:18,2026-03-20 04:43:16,0,0,yes,2026-03-20 05:28:16,7.0,Mon|Tue|Fri|Sat|Sun,morning,3.0,,yes,no,0,0,,,0,0,False,False,Sacramento,False
u_100189,NYC,2026-03-20 05:47:30,reentry_org,25-34,en,phone,not_started,0,,,,2026-03-20 18:36:51,2026-03-20 05:54:24,0,0,no,,,,,,,,yes,0,0,,,0,0,False,False,NYC,False
u_105784,Boston,2026-03-20 07:44:08,parole_probation_officer,25-34,en,laptop,permit_passed,21,2026-03-20 10:15:08,2026-04-20 18:11:00,2026-04-20 18:11:00,2026-05-16 15:11:00,2026-04-19 23:44:16,0,0,no,,,,,,,,yes,0,3,2026-05-16,passed,1,21,True,True,Boston,False
u_105186,Sacramento,2026-03-20 08:21:38,friend_family,25-34,en,phone,permit_failed,21,2026-03-23 18:45:00,2026-05-17 20:56:00,2026-05-17 20:56:00,2026-06-02 15:56:00,2026-05-20 22:23:53,0,0,yes,2026-03-20 09:17:38,3.0,Fri|Sun,evening,2.0,2026-05-31,yes,no,0,1,2026-06-02,failed,1,21,True,True,Sacramento,False
u_105392,Sacramento,2026-03-20 09:00:10,paid_social,18-24,en,phone,not_started,0,,,,2026-03-21 07:54:43,2026-03-20 09:00:10,0,0,yes,2026-03-20 09:16:10,3.0,Wed|Sat,late_night,1.0,2026-06-03,yes,no,0,0,,,0,0,False,False,Sacramento,False
u_100742,NYC,2026-03-20 13:14:17,parole_probation_officer,35-44,es,tablet,permit_passed,21,2026-03-25 19:40:00,2026-04-27 19:07:00,2026-04-27 19:07:00,2026-06-01 15:07:00,2026-04-27 16:04:14,0,0,yes,2026-03-20 13:30:17,10.0,Mon|Tue|Wed|Thu|Fri|Sat|Sun,evening,4.1,,yes,no,0,2,2026-06-01,passed,1,21,True,True,NYC,False
u_103987,Sacramento,2026-03-20 13:28:23,friend_family,25-34,en,phone,permit_passed,21,2026-03-20 13:45:37,2026-04-28 19:12:00,2026-04-28 19:12:00,2026-05-12 15:12:00,2026-04-28 18:58:51,0,0,yes,2026-03-20 14:02:23,5.0,Mon|Sat|Sun,evening,2.0,2026-04-27,yes,no,0,2,2026-05-12,passed,1,21,True,True,Sacramento,False
u_104632,Sacramento,2026-03-20 14:01:56,reentry_org,25-34,en,laptop,permit_passed,21,2026-03-20 14:45:09,2026-04-20 12:31:00,2026-04-20 12:31:00,2026-05-01 13:40:34,2026-05-01 00:38:16,0,0,yes,2026-03-20 15:17:56,5.0,Tue|Thu|Sun,morning,1.9,2026-04-26,unsure,yes,1,1,2026-04-29,passed,1,21,True,True,Sacramento,False
u_102807,NYC,2026-03-20 15:47:03,paid_social,35-44,en,phone,permit_failed,21,2026-03-24 22:59:00,2026-04-30 22:44:00,2026-04-30 22:44:00,2026-05-26 15:44:00,2026-05-02 08:45:37,0,0,yes,2026-03-20 16:27:03,5.0,Mon|Wed|Thu,late_night,2.1,2026-04-25,yes,yes,6,1,2026-05-26,failed,1,21,True,True,NYC,False
u_101075,NYC,2026-03-20 16:12:08,paid_social,25-34,en,phone,not_started,0,,,,2026-03-26 10:23:08,2026-03-24 01:10:02,0,0,yes,2026-03-20 17:01:08,10.0,Mon|Tue|Wed|Thu|Fri|Sat|Sun,evening,5.8,2026-04-29,no,no,0,0,,,0,0,False,False,NYC,False
u_104214,Sacramento,2026-03-20 16:32:05,friend_family,18-24,en,phone,permit_passed,21,2026-03-20 17:06:19,2026-05-11 20:31:00,2026-05-11 20:31:00,2026-05-17 15:31:00,2026-05-15 10:21:13,0,0,yes,2026-03-20 17:12:05,3.0,Wed|Thu,evening,0.9,2026-05-29,unsure,no,0,1,2026-05-17,passed,1,21,True,True,Sacramento,False
u_104544,Sacramento,2026-03-20 16:33:34,paid_social,25-34,en,tablet,not_started,0,,,,2026-03-27 08:44:30,2026-03-26 17:47:24,0,0,yes,2026-03-20 17:48:34,7.0,Tue|Wed|Fri|Sat|Sun,afternoon,3.0,2026-04-24,yes,no,0,0,,,0,0,False,False,Sacramento,False
u_105807,Boston,2026-03-20 16:43:00,friend_family,25-34,en,phone,course_complete,21,2026-03-26 07:21:00,2026-04-20 09:38:00,2026-04-20 09:38:00,2026-05-01 00:49:03,2026-04-29 20:48:44,0,0,yes,2026-03-20 16:46:00,5.0,Mon|Thu|Sun,morning,3.6,2026-05-10,yes,no,0,2,,,0,21,True,True,Boston,False
u_105191,Sacramento,2026-03-20 18:32:04,reentry_org,18-24,en,laptop,not_started,0,,,,2026-03-21 03:24:11,2026-03-20 22:39:15,0,0,yes,2026-03-20 18:51:04,3.0,Sat|Sun,evening,2.0,2026-06-04,yes,no,0,0,,,0,0,False,False,Sacramento,False
u_100059,NYC,2026-03-20 18:54:20,reentry_org,25-34,en,phone,inactive,1,2026-03-28 07:06:00,2026-03-28 07:06:00,,2026-04-03 20:57:54,2026-04-02 07:30:25,0,0,no,,,,,,,,no,0,0,,,0,1,True,False,NYC,False
u_100585,NYC,2026-03-20 19:15:59,reentry_org,35-44,en,laptop,inactive,2,2026-03-21 20:18:00,2026-03-22 19:08:00,,2026-03-24 05:40:15,2026-03-20 19:15:59,0,0,yes,2026-03-20 20:12:59,5.0,Tue|Thu|Sat,evening,2.2,2026-05-15,yes,no,0,1,,,0,2,True,False,NYC,False
u_100986,NYC,2026-03-20 21:50:01,reentry_org,18-24,en,phone,permit_passed,21,2026-03-21 21:50:00,2026-04-23 21:10:00,2026-04-23 21:10:00,2026-05-26 15:10:00,2026-04-26 09:45:00,0,0,yes,2026-03-20 22:32:01,5.0,Mon|Wed|Fri,evening,3.6,,yes,yes,6,1,2026-05-26,passed,1,21,True,True,NYC,False
u_100793,NYC,2026-03-20 22:48:26,paid_social,25-34,en,phone,not_started,0,,,,2026-03-21 15:45:16,2026-03-20 22:48:26,0,0,yes,2026-03-20 23:26:26,5.0,Tue|Fri|Sun,late_night,3.5,,yes,no,0,0,,,0,0,False,False,NYC,False
u_103512,NYC,2026-03-20 23:39:38,workforce_center,35-44,es,phone,not_started,0,,,,2026-03-23 12:40:47,2026-03-22 09:10:52,0,0,yes,2026-03-21 00:18:38,5.0,Tue|Wed|Sun,late_night,3.2,2026-04-27,unsure,yes,0,0,,,0,0,False,False,NYC,False
u_101606,NYC,2026-03-21 05:50:00,friend_family,18-24,en,phone,not_started,0,,,,2026-03-21 13:30:11,2026-03-21 05:50:00,0,0,no,,,,,,,,no,0,0,,,0,0,False,False,NYC,False
u_100632,NYC,2026-03-21 12:18:29,paid_social,18-24,en,laptop,inactive,4,2026-03-24 07:55:00,2026-04-01 11:29:00,,2026-04-01 23:29:53,2026-03-28 21:09:49,0,0,yes,2026-03-21 12:34:29,3.0,Tue|Sun,morning,2.6,2026-05-20,yes,no,0,0,,,0,4,True,False,NYC,False
u_101987,NYC,2026-03-21 13:10:36,friend_family,25-34,en,phone,inactive,2,2026-03-21 13:24:20,2026-03-22 12:55:00,,2026-03-23 10:02:33,2026-03-21 13:10:36,0,0,no,,,,,,,,no,0,0,,,0,2,True,False,NYC,False
u_100271,NYC,2026-03-21 14:19:00,reentry_org,55+,en,phone,course_complete,21,2026-03-21 14:35:07,2026-04-26 23:48:00,2026-04-26 23:48:00,2026-05-08 21:38:33,2026-05-03 15:38:21,0,0,yes,2026-03-21 15:40:00,5.0,Mon|Wed|Sun,late_night,3.0,2026-05-17,unsure,no,0,3,,,0,21,True,True,NYC,False
u_101711,NYC,2026-03-21 16:03:30,reentry_org,25-34,es,laptop,permit_passed,21,2026-03-22 08:41:00,2026-04-21 12:15:00,2026-04-21 12:15:00,2026-05-09 15:15:00,2026-04-24 11:04:30,0,0,yes,2026-03-21 17:09:30,5.0,Mon|Thu|Sat,morning,3.3,2026-05-17,unsure,no,0,1,2026-05-09,passed,1,21,True,True,NYC,False
u_105051,Sacramento,2026-03-21 16:21:51,friend_family,18-24,en,phone,inactive,3,2026-03-21 16:34:52,2026-03-22 09:56:00,,2026-03-28 01:11:23,2026-03-23 20:58:23,0,0,yes,2026-03-21 16:36:51,3.0,Sat|Sun,morning,2.8,2026-05-18,yes,no,0,1,,,0,3,True,False,Sacramento,False
u_101360,NYC,2026-03-21 18:51:58,reentry_org,35-44,en,phone,course_complete,21,2026-03-21 19:02:00,2026-03-29 10:56:00,2026-03-29 10:56:00,2026-03-30 16:10:10,2026-03-29 23:39:12,0,0,yes,2026-03-21 20:04:58,10.0,Mon|Tue|Wed|Thu|Fri|Sat|Sun,morning,4.8,2026-04-21,yes,no,0,3,,,0,21,True,True,NYC,False
u_102754,NYC,2026-03-21 19:54:55,parole_probation_officer,55+,en,phone,permit_passed,21,2026-03-26 18:55:00,2026-05-24 21:05:00,2026-05-24 21:05:00,2026-06-07 15:05:00,2026-05-23 09:10:19,0,0,yes,2026-03-21 20:16:55,3.0,Wed|Fri,evening,1.1,2026-05-19,yes,yes,3,1,2026-06-07,passed,1,21,True,True,NYC,False
u_102041,NYC,2026-03-21 22:19:47,paid_social,25-34,en,phone,course_complete,21,2026-03-22 22:38:00,2026-05-01 23:52:00,2026-05-01 23:52:00,2026-05-04 04:32:06,2026-05-03 11:14:33,0,0,yes,2026-03-21 23:15:47,10.0,Mon|Tue|Wed|Thu|Fri|Sat|Sun,late_night,5.4,2026-04-19,no,yes,0,2,,,0,21,True,True,NYC,False
u_101379,NYC,2026-03-22 00:49:41,parole_probation_officer,25-34,es,phone,not_started,0,,,,2026-03-22 19:40:01,2026-03-22 00:49:41,0,0,yes,2026-03-22 01:35:41,5.0,Mon|Thu|Fri,evening,3.6,2026-04-27,yes,yes,0,0,,,0,0,False,False,NYC,False
u_101374,NYC,2026-03-22 01:15:26,parole_probation_officer,25-34,es,phone,inactive,3,2026-03-22 14:32:28,2026-03-25 21:24:00,,2026-03-26 01:04:32,2026-03-22 01:15:26,0,0,yes,2026-03-22 02:31:26,10.0,Mon|Tue|Wed|Thu|Fri|Sat|Sun,evening,5.0,,yes,no,0,1,,,0,3,True,False,NYC,False
u_105101,Sacramento,2026-03-22 01:22:48,paid_social,18-24,es,phone,permit_passed,21,2026-03-27 21:50:00,2026-05-22 17:28:00,2026-05-22 17:28:00,2026-06-18 04:42:30,2026-06-09 16:21:05,0,0,yes,2026-03-22 02:36:48,5.0,Mon|Thu|Sat,evening,3.6,2026-05-11,yes,yes,1,3,2026-05-28,passed,1,21,True,True,Sacramento,False
u_105403,Sacramento,2026-03-22 03:44:09,paid_social,35-44,en,tablet,inactive,5,2026-03-30 20:19:00,2026-04-05 21:46:00,,2026-04-07 01:20:14,2026-04-04 01:46:00,0,0,yes,2026-03-22 05:03:09,3.0,Wed|Fri,evening,1.2,2026-05-30,yes,no,0,1,,,0,5,True,False,Sacramento,False
u_102959,NYC,2026-03-22 03:48:32,friend_family,25-34,en,phone,inactive,2,2026-03-26 15:20:00,2026-03-29 14:25:00,,2026-03-31 15:13:42,2026-03-31 07:29:38,0,0,no,,,,,,,,no,0,0,,,0,2,True,False,NYC,False
u_105004,Sacramento,2026-03-22 05:18:29,parole_probation_officer,25-34,en,phone,course_complete,21,2026-03-22 05:47:18,2026-04-30 22:02:00,2026-04-30 22:02:00,2026-05-04 20:35:38,2026-04-30 10:32:51,0,0,yes,2026-03-22 05:53:29,7.0,Tue|Wed|Thu|Fri|Sat,late_night,3.0,2026-05-07,no,yes,0,2,,,0,21,True,True,Sacramento,False
u_105284,Sacramento,2026-03-22 06:00:47,paid_social,35-44,en,phone,course_complete,21,2026-03-27 23:09:00,2026-06-11 22:08:00,2026-06-11 22:08:00,2026-06-18 11:33:50,2026-06-17 20:36:07,0,0,yes,2026-03-22 07:14:47,3.0,Mon|Fri,late_night,2.2,,yes,no,0,2,,,0,21,True,True,Sacramento,False
u_101366,NYC,2026-03-22 06:15:06,paid_social,25-34,en,phone,not_started,0,,,,2026-03-23 00:11:01,2026-03-22 06:15:06,0,0,yes,2026-03-22 06:45:06,10.0,Mon|Tue|Wed|Thu|Fri|Sat|Sun,morning,4.1,,unsure,no,0,0,,,0,0,False,False,NYC,False
u_102009,NYC,2026-03-22 08:41:30,paid_social,25-34,en,laptop,permit_passed,21,2026-03-22 08:56:45,2026-04-18 19:26:00,2026-04-18 19:26:00,2026-05-25 15:26:00,2026-04-15 13:12:05,0,0,yes,2026-03-22 09:12:30,10.0,Mon|Tue|Wed|Thu|Fri|Sat|Sun,evening,5.9,,yes,no,0,2,2026-05-25,passed,2,21,True,True,NYC,False
u_100362,NYC,2026-03-22 09:32:10,paid_social,45-54,en,laptop,permit_passed,21,2026-03-22 10:08:01,2026-04-20 17:44:00,2026-04-20 17:44:00,2026-05-10 15:44:00,2026-04-17 23:03:31,0,0,no,,,,,,,,no,0,2,2026-05-10,passed,1,21,True,True,NYC,False
u_102759,NYC,2026-03-22 09:55:38,parole_probation_officer,35-44,en,phone,inactive,1,2026-03-22 10:07:03,2026-03-22 10:07:03,,2026-03-24 07:51:49,2026-03-22 11:34:43,0,0,no,,,,,,,,no,0,1,,,0,1,True,False,NYC,False
u_102662,NYC,2026-03-22 11:04:59,workforce_center,35-44,en,phone,inactive,2,2026-03-28 13:21:00,2026-03-28 15:01:00,,2026-03-29 15:15:19,2026-03-28 20:56:48,0,0,no,,,,,,,,no,0,0,,,0,2,True,False,NYC,False
u_103341,NYC,2026-03-22 16:00:09,paid_social,45-54,en,phone,not_started,0,,,,2026-03-23 14:35:50,2026-03-22 21:14:46,0,0,yes,2026-03-22 16:52:09,7.0,Mon|Wed|Thu|Fri|Sun,morning,4.1,,yes,no,0,0,,,0,0,False,False,NYC,False
u_103493,NYC,2026-03-22 16:49:28,friend_family,45-54,en,phone,not_started,0,,,,2026-03-23 00:05:51,2026-03-22 16:49:28,0,0,no,,,,,,,,yes,0,0,,,0,0,False,False,NYC,False
u_102692,NYC,2026-03-22 17:03:20,paid_social,18-24,en,phone,not_started,0,,,,2026-03-24 18:25:01,2026-03-24 14:17:16,0,0,yes,2026-03-22 17:34:20,3.0,Tue|Sun,evening,1.1,,unsure,yes,0,0,,,0,0,False,False,NYC,False
u_100749,NYC,2026-03-22 18:29:40,paid_social,25-34,en,phone,not_started,0,,,,2026-03-23 00:20:19,2026-03-22 18:29:40,0,0,no,,,,,,,,no,0,0,,,0,0,False,False,NYC,False
u_104392,Sacramento,2026-03-22 19:27:21,paid_social,35-44,en,phone,not_started,0,,,,2026-03-23 14:22:11,2026-03-22 19:27:21,0,0,yes,2026-03-22 19:43:21,3.0,Thu|Fri,evening,1.8,2026-06-06,unsure,yes,0,0,,,0,0,False,False,Sacramento,False
u_105028,Sacramento,2026-03-22 20:37:44,reentry_org,18-24,en,phone,not_started,0,,,,2026-03-23 12:51:44,2026-03-22 20:37:44,0,0,no,,,,,,,,no,0,0,,,0,0,False,False,Sacramento,False
u_104810,Sacramento,2026-03-22 23:13:13,friend_family,35-44,en,phone,not_started,0,,,,2026-03-23 14:25:50,2026-03-22 23:13:13,0,0,no,,,,,,,,no,0,0,,,0,0,False,False,Sacramento,False
u_105309,Sacramento,2026-03-23 00:39:59,paid_social,55+,en,phone,not_started,0,,,,2026-03-24 07:22:55,2026-03-23 00:39:59,0,0,no,,,,,,,,no,0,0,,,0,0,False,False,Sacramento,False
u_103703,NYC,2026-03-23 01:37:50,reentry_org,45-54,en,phone,course_complete,21,2026-03-23 01:46:52,2026-04-14 10:48:00,2026-04-14 10:48:00,2026-04-16 00:02:43,2026-04-14 21:10:57,0,0,yes,2026-03-23 02:55:50,5.0,Tue|Fri|Sun,morning,3.7,2026-05-03,yes,no,0,1,,,0,21,True,True,NYC,False
u_100727,NYC,2026-03-23 02:50:27,workforce_center,35-44,en,phone,permit_passed,21,2026-03-28 07:07:00,2026-05-10 11:45:00,2026-05-10 11:45:00,2026-05-23 15:45:00,2026-05-14 10:19:52,0,0,yes,2026-03-23 03:43:27,3.0,Tue|Thu,morning,2.0,,yes,no,0,2,2026-05-23,passed,1,21,True,True,NYC,False
u_104556,Sacramento,2026-03-23 02:53:03,workforce_center,25-34,es,phone,inactive,3,2026-03-27 08:17:00,2026-04-08 11:57:00,,2026-04-08 18:57:28,2026-04-01 16:30:52,0,0,no,,,,,,,,no,0,0,,,0,3,True,False,Sacramento,False
u_105270,Sacramento,2026-03-23 06:36:22,paid_social,55+,en,phone,inactive,3,2026-03-23 08:53:39,2026-03-27 07:52:00,,2026-03-28 10:45:14,2026-03-23 06:36:22,0,0,yes,2026-03-23 07:10:22,5.0,Wed|Thu|Fri,morning,3.1,2026-05-07,yes,no,0,0,,,0,3,True,False,Sacramento,False
u_104807,Sacramento,2026-03-23 06:53:44,parole_probation_officer,55+,en,phone,permit_passed,21,2026-04-03 10:23:00,2026-05-13 06:36:00,2026-05-13 06:36:00,2026-05-30 15:36:00,2026-05-27 01:56:37,0,0,yes,2026-03-23 08:17:44,5.0,Fri|Sat|Sun,morning,2.2,2026-05-07,yes,yes,4,2,2026-05-30,passed,1,21,True,True,Sacramento,False
u_104749,Sacramento,2026-03-23 10:01:23,paid_social,25-34,en,shared_computer,inactive,1,2026-03-26 22:07:00,2026-03-26 22:07:00,,2026-03-31 08:12:09,2026-03-26 22:00:03,0,0,yes,2026-03-23 11:26:23,3.0,Tue|Wed,late_night,1.1,,unsure,yes,0,0,,,0,1,True,False,Sacramento,False
u_103735,NYC,2026-03-23 16:24:13,friend_family,35-44,en,phone,inactive,1,2026-03-23 18:11:19,2026-03-23 18:11:19,,2026-03-25 05:56:30,2026-03-23 16:24:13,0,0,yes,2026-03-23 17:51:13,10.0,Mon|Tue|Wed|Thu|Fri|Sat|Sun,morning,5.6,2026-04-24,yes,no,0,0,,,0,1,True,False,NYC,False
u_102315,NYC,2026-03-23 16:25:06,parole_probation_officer,18-24,en,shared_computer,course_complete,21,2026-03-23 16:34:06,2026-04-29 20:10:00,2026-04-29 20:10:00,2026-04-30 19:49:26,2026-04-26 22:06:55,0,0,yes,2026-03-23 16:28:06,5.0,Mon|Wed|Fri,evening,2.5,2026-05-18,unsure,no,0,2,,,0,21,True,True,NYC,False
u_103950,NYC,2026-03-23 19:21:14,parole_probation_officer,18-24,es,phone,inactive,1,2026-03-27 14:59:00,2026-03-27 14:59:00,,2026-03-28 19:27:07,2026-03-28 04:33:29,0,0,yes,2026-03-23 20:35:14,3.0,Tue|Sun,afternoon,2.2,2026-05-22,yes,no,0,0,,,0,1,True,False,NYC,False
u_100289,NYC,2026-03-23 19:46:23,friend_family,45-54,en,phone,permit_passed,21,2026-03-23 20:50:35,2026-04-07 17:05:00,2026-04-07 17:05:00,2026-05-05 15:05:00,2026-04-13 23:00:21,0,0,yes,2026-03-23 20:05:23,10.0,Mon|Tue|Wed|Thu|Fri|Sat|Sun,afternoon,4.8,2026-04-20,yes,no,0,2,2026-05-05,passed,1,21,True,True,NYC,False
u_105330,Sacramento,2026-03-23 19:52:53,paid_social,45-54,en,phone,permit_failed,21,2026-03-24 06:44:00,2026-04-08 07:41:00,2026-04-08 07:41:00,2026-04-20 15:41:00,2026-04-10 06:22:24,0,0,yes,2026-03-23 20:36:53,5.0,Mon|Wed|Sat,morning,2.7,,yes,yes,6,3,2026-04-20,failed,1,21,True,True,Sacramento,False
u_100738,NYC,2026-03-23 20:47:08,workforce_center,45-54,en,phone,inactive,2,2026-03-23 22:55:41,2026-03-24 22:26:00,,2026-04-01 16:37:18,2026-03-30 21:33:44,0,0,yes,2026-03-23 21:11:08,3.0,Tue|Fri,late_night,2.4,2026-05-23,unsure,no,0,0,,,0,2,True,False,NYC,False
u_105822,Boston,2026-03-23 23:01:07,paid_social,25-34,en,phone,inactive,1,2026-03-23 23:18:28,2026-03-23 23:18:28,,2026-03-24 12:04:24,2026-03-23 23:01:07,0,0,yes,2026-03-23 23:50:07,10.0,Mon|Tue|Wed|Thu|Fri|Sat|Sun,evening,5.6,2026-04-14,no,yes,0,2,,,0,1,True,False,Boston,False
u_102530,NYC,2026-03-24 03:01:27,paid_social,18-24,es,phone,inactive,4,2026-04-04 23:33:00,2026-04-14 22:29:00,,2026-04-20 01:04:05,2026-04-16 01:05:12,0,0,yes,2026-03-24 03:04:27,7.0,Mon|Tue|Wed|Thu|Sat,late_night,3.6,2026-05-09,yes,no,0,0,,,0,4,True,False,NYC,False
u_101702,NYC,2026-03-24 06:06:25,paid_social,18-24,es,phone,permit_passed,21,2026-04-01 17:30:00,2026-05-19 18:59:00,2026-05-19 18:59:00,2026-06-20 15:59:00,2026-05-19 09:39:54,0,0,yes,2026-03-24 06:26:25,3.0,Wed|Sat,evening,2.7,2026-06-07,yes,no,0,3,2026-06-20,passed,1,21,True,True,NYC,False
u_104834,Sacramento,2026-03-24 06:13:39,reentry_org,35-44,en,phone,inactive,6,2026-03-24 06:48:05,2026-04-14 23:56:00,,2026-04-17 02:36:44,2026-04-14 06:20:09,0,0,no,,,,,,,,yes,0,1,,,0,6,True,False,Sacramento,False
u_102545,NYC,2026-03-24 06:15:04,parole_probation_officer,25-34,en,phone,not_started,0,,,,2026-03-26 15:22:49,2026-03-26 08:15:33,0,0,yes,2026-03-24 07:25:04,5.0,Wed|Fri|Sat,evening,2.8,2026-05-16,unsure,no,0,0,,,0,0,False,False,NYC,False
u_101919,NYC,2026-03-24 08:56:49,workforce_center,25-34,en,phone,course_complete,21,2026-03-24 09:22:48,2026-04-17 06:21:00,2026-04-17 06:21:00,2026-04-19 07:36:10,2026-03-30 17:04:29,0,0,yes,2026-03-24 09:30:49,5.0,Mon|Wed|Sat,morning,2.4,,no,no,0,3,,,0,21,True,True,NYC,False
u_100800,NYC,2026-03-24 09:25:43,reentry_org,25-34,es,phone,permit_failed,21,2026-03-24 11:27:11,2026-04-23 18:17:00,2026-04-23 18:17:00,2026-05-21 15:17:00,2026-04-24 02:48:54,0,0,yes,2026-03-24 10:22:43,5.0,Tue|Thu|Sun,evening,2.2,,unsure,yes,4,1,2026-05-21,failed,2,21,True,True,NYC,False
u_100984,NYC,2026-03-24 11:05:10,paid_social,45-54,es,phone,inactive,18,2026-03-24 13:47:42,2026-05-04 18:41:00,,2026-05-05 15:06:27,2026-05-02 00:27:45,0,0,yes,2026-03-24 12:35:10,3.0,Wed|Fri,evening,2.7,,yes,yes,1,2,,,0,18,True,False,NYC,False
u_102438,NYC,2026-03-24 16:10:41,parole_probation_officer,45-54,es,phone,not_started,0,,,,2026-03-24 16:30:45,2026-03-24 16:10:41,0,0,yes,2026-03-24 16:54:41,3.0,Tue|Fri,afternoon,2.7,2026-05-22,yes,no,0,0,,,0,0,False,False,NYC,False
u_100223,NYC,2026-03-24 18:20:50,parole_probation_officer,18-24,en,phone,course_complete,21,2026-03-24 18:28:49,2026-04-28 23:38:00,2026-04-28 23:38:00,2026-04-30 22:36:28,2026-04-28 06:14:12,0,0,yes,2026-03-24 18:33:50,7.0,Mon|Tue|Wed|Thu|Fri,late_night,4.4,2026-05-07,unsure,yes,3,3,,,0,21,True,True,NYC,False
u_105412,Sacramento,2026-03-24 20:11:12,paid_social,35-44,en,phone,inactive,3,2026-03-28 13:33:00,2026-03-31 14:56:00,,2026-04-06 05:53:27,2026-04-05 21:30:09,0,0,yes,2026-03-24 20:42:12,7.0,Mon|Tue|Fri|Sat|Sun,afternoon,4.3,2026-05-09,unsure,no,0,1,,,0,3,True,False,Sacramento,False
u_101493,NYC,2026-03-24 20:34:13,paid_social,55+,en,phone,inactive,2,2026-04-04 21:40:00,2026-04-06 19:10:00,,2026-04-08 06:14:42,2026-04-03 09:37:54,0,0,yes,2026-03-24 21:54:13,3.0,Tue|Sun,evening,2.7,,unsure,no,0,1,,,0,2,True,False,NYC,False
u_101570,NYC,2026-03-24 20:36:50,reentry_org,55+,en,phone,inactive,8,2026-03-29 18:39:00,2026-04-09 18:48:00,,2026-04-11 23:10:38,2026-04-07 01:54:37,0,0,no,,,,,,,,yes,0,3,,,0,8,True,False,NYC,False
u_103236,NYC,2026-03-24 22:04:40,reentry_org,18-24,en,tablet,withdrawn,0,,,,2026-03-25 22:27:36,2026-03-25 06:40:01,0,0,yes,2026-03-24 23:14:40,5.0,Wed|Fri|Sat,evening,3.1,2026-05-12,no,no,0,0,,,0,0,False,False,NYC,False
u_102177,NYC,2026-03-24 22:47:06,paid_social,25-34,en,tablet,inactive,3,2026-04-02 20:34:00,2026-04-11 17:25:00,,2026-04-13 12:07:22,2026-04-10 04:33:33,0,0,yes,2026-03-24 23:30:06,5.0,Tue|Sat|Sun,evening,3.0,,yes,no,0,1,,,0,3,True,False,NYC,False
u_103797,NYC,2026-03-25 00:28:43,friend_family,25-34,en,phone,inactive,2,2026-03-25 00:40:28,2026-03-25 18:53:00,,2026-03-27 19:40:56,2026-03-25 16:25:25,0,0,no,,,,,,,,yes,1,0,,,0,2,True,False,NYC,False
u_105518,Boston,2026-03-25 01:46:46,paid_social,25-34,en,phone,inactive,1,2026-03-27 23:26:00,2026-03-27 23:26:00,,2026-03-30 08:46:22,2026-03-29 15:30:33,0,0,yes,2026-03-25 03:03:46,7.0,Tue|Wed|Thu|Sat|Sun,late_night,3.4,2026-05-06,yes,no,0,0,,,0,1,True,False,Boston,False
u_104139,Sacramento,2026-03-25 02:01:16,friend_family,55+,es,phone,inactive,1,2026-03-25 03:46:24,2026-03-25 03:46:24,,2026-03-26 21:50:30,2026-03-25 02:01:16,0,0,no,,,,,,,,no,0,1,,,0,1,True,False,Sacramento,False
u_101083,NYC,2026-03-25 02:32:23,friend_family,25-34,en,phone,not_started,0,,,,2026-03-26 09:18:07,2026-03-25 02:32:23,0,0,yes,2026-03-25 03:18:23,3.0,Mon|Tue,afternoon,1.4,2026-05-21,yes,yes,0,0,,,0,0,False,False,NYC,False
u_104022,Sacramento,2026-03-25 03:59:50,friend_family,25-34,en,phone,inactive,3,2026-03-25 06:56:06,2026-03-29 15:39:00,,2026-03-31 04:11:56,2026-03-25 03:59:50,0,0,yes,2026-03-25 05:10:50,5.0,Mon|Wed|Thu,afternoon,2.8,,no,yes,3,1,,,0,3,True,False,Sacramento,False
u_102199,NYC,2026-03-25 04:08:42,paid_social,45-54,en,phone,inactive,2,2026-03-27 20:48:00,2026-03-27 20:28:00,,2026-04-02 02:51:17,2026-03-25 22:09:32,0,0,yes,2026-03-25 05:18:42,3.0,Wed|Thu,evening,1.3,2026-05-21,yes,yes,0,0,,,0,2,True,False,NYC,False
u_105351,Sacramento,2026-03-25 04:09:44,friend_family,25-34,en,laptop,not_started,0,,,,2026-03-25 21:17:31,2026-03-25 04:09:44,0,0,no,,,,,,,,no,0,0,,,0,0,False,False,Sacramento,False
u_105194,Sacramento,2026-03-25 04:26:29,friend_family,35-44,en,phone,not_started,0,,,,2026-03-26 03:27:34,2026-03-25 04:26:29,0,0,yes,2026-03-25 05:39:29,3.0,Tue|Thu,evening,2.8,,unsure,yes,0,0,,,0,0,False,False,Sacramento,False
u_103284,NYC,2026-03-25 04:45:32,reentry_org,18-24,es,phone,course_complete,21,2026-03-25 05:27:53,2026-04-13 08:03:00,2026-04-13 08:03:00,2026-04-16 18:47:54,2026-04-13 16:20:27,0,0,no,,,,,,,,yes,6,1,,,0,21,True,True,NYC,False
u_104499,Sacramento,2026-03-25 05:02:46,reentry_org,35-44,en,tablet,inactive,3,2026-03-28 07:01:00,2026-03-30 10:05:00,,2026-04-03 00:36:10,2026-03-29 13:38:27,0,0,yes,2026-03-25 06:15:46,7.0,Wed|Thu|Fri|Sat|Sun,morning,3.5,,no,no,0,0,,,0,3,True,False,Sacramento,False
u_104999,Sacramento,2026-03-25 05:23:21,parole_probation_officer,18-24,en,laptop,not_started,0,,,,2026-03-28 23:18:29,2026-03-26 18:58:50,0,0,no,,,,,,,,no,0,0,,,0,0,False,False,Sacramento,False
u_100035,NYC,2026-03-25 07:16:13,parole_probation_officer,55+,es,phone,course_complete,21,2026-03-27 23:28:00,2026-05-30 22:18:00,2026-05-30 22:18:00,2026-06-03 12:46:52,2026-06-03 11:59:52,0,0,yes,2026-03-25 08:27:13,3.0,Wed|Sat,late_night,1.2,2026-05-23,unsure,yes,2,2,,,0,21,True,True,NYC,False
u_105240,Sacramento,2026-03-25 09:43:59,reentry_org,25-34,en,phone,inactive,3,2026-03-27 23:26:00,2026-03-29 23:01:00,,2026-04-05 19:04:25,2026-04-04 20:54:18,0,0,yes,2026-03-25 10:04:59,5.0,Mon|Sat|Sun,late_night,3.5,2026-05-21,yes,no,0,1,,,0,3,True,False,Sacramento,False
u_100373,NYC,2026-03-25 14:27:49,paid_social,35-44,es,phone,permit_passed,21,2026-03-27 10:57:00,2026-04-22 12:12:00,2026-04-22 12:12:00,2026-05-26 15:12:00,2026-04-21 23:53:47,0,0,yes,2026-03-25 15:33:49,10.0,Mon|Tue|Wed|Thu|Fri|Sat|Sun,morning,4.5,2026-05-04,yes,no,0,2,2026-05-26,passed,1,21,True,True,NYC,False
u_101112,NYC,2026-03-25 16:04:21,paid_social,35-44,es,phone,not_started,0,,,,2026-03-26 15:10:37,2026-03-26 01:30:03,0,0,yes,2026-03-25 16:51:21,5.0,Wed|Thu|Sat,morning,2.3,,no,yes,0,0,,,0,0,False,False,NYC,False
u_102492,NYC,2026-03-25 16:43:08,parole_probation_officer,45-54,en,phone,permit_passed,21,2026-03-28 19:40:00,2026-04-20 21:15:00,2026-04-20 21:15:00,2026-05-08 15:15:00,2026-04-28 02:35:11,0,0,yes,2026-03-25 16:54:08,7.0,Mon|Tue|Wed|Thu|Sun,evening,3.3,,no,no,0,1,2026-05-08,passed,1,21,True,True,NYC,False
u_103112,NYC,2026-03-25 17:21:04,parole_probation_officer,35-44,es,phone,course_complete,21,2026-03-28 06:21:00,2026-05-02 07:12:00,2026-05-02 07:12:00,2026-05-06 03:21:35,2026-05-04 12:23:20,0,0,no,,,,,,,,yes,0,2,,,0,21,True,True,NYC,False
u_102612,NYC,2026-03-25 19:15:30,friend_family,35-44,en,phone,permit_passed,21,2026-03-28 17:40:00,2026-04-27 18:15:00,2026-04-27 18:15:00,2026-05-24 15:15:00,2026-04-29 07:40:23,0,0,yes,2026-03-25 20:21:30,5.0,Mon|Thu|Sat,evening,3.3,2026-05-06,unsure,yes,2,2,2026-05-24,passed,1,21,True,True,NYC,False
u_101428,NYC,2026-03-25 19:58:14,paid_social,25-34,en,phone,inactive,2,2026-03-31 23:08:00,2026-04-03 23:37:00,,2026-04-10 06:43:08,2026-04-03 05:32:40,0,0,yes,2026-03-25 21:14:14,10.0,Mon|Tue|Wed|Thu|Fri|Sat|Sun,late_night,4.1,2026-04-25,unsure,no,0,0,,,0,2,True,False,NYC,False
u_102927,NYC,2026-03-25 20:05:22,friend_family,18-24,en,laptop,course_complete,21,2026-03-25 20:24:25,2026-05-13 23:34:00,2026-05-13 23:34:00,2026-05-18 02:48:10,2026-05-16 12:27:33,0,0,yes,2026-03-25 21:30:22,7.0,Mon|Tue|Fri|Sat|Sun,late_night,4.3,2026-04-22,yes,no,0,2,,,0,21,True,True,NYC,False
u_102805,NYC,2026-03-25 23:30:52,reentry_org,25-34,en,phone,not_started,0,,,,2026-03-29 00:20:07,2026-03-28 09:27:02,0,0,no,,,,,,,,yes,0,0,,,0,0,False,False,NYC,False
u_101467,NYC,2026-03-26 01:31:19,paid_social,35-44,en,shared_computer,inactive,16,2026-03-26 17:25:35,2026-04-25 23:11:00,,2026-04-26 10:13:13,2026-04-25 19:10:57,0,0,no,,,,,,,,no,0,2,,,0,16,True,False,NYC,False
u_103085,NYC,2026-03-26 02:15:13,workforce_center,45-54,es,phone,inactive,5,2026-04-05 15:06:00,2026-04-18 14:57:00,,2026-04-20 11:28:46,2026-04-19 06:26:22,0,0,no,,,,,,,,yes,4,2,,,0,5,True,False,NYC,False
u_104692,Sacramento,2026-03-26 02:57:57,reentry_org,45-54,en,phone,inactive,19,2026-03-28 08:13:00,2026-04-19 07:46:00,,2026-04-21 10:33:26,2026-04-17 21:21:09,0,0,yes,2026-03-26 04:17:57,3.0,Wed|Fri,morning,1.7,2026-05-28,yes,no,0,3,,,0,19,True,False,Sacramento,False
u_101334,NYC,2026-03-26 08:59:35,paid_social,45-54,en,phone,inactive,3,2026-04-03 13:05:00,2026-04-08 16:09:00,,2026-04-19 18:07:41,2026-04-19 17:46:57,0,0,yes,2026-03-26 09:23:35,5.0,Wed|Sat|Sun,afternoon,2.6,2026-05-21,no,no,0,0,,,0,3,True,False,NYC,False
u_100550,NYC,2026-03-26 09:01:22,reentry_org,25-34,en,phone,not_started,0,,,,2026-03-28 09:16:41,2026-03-26 09:01:22,0,0,no,,,,,,,,no,0,0,,,0,0,False,False,NYC,False
u_104959,Sacramento,2026-03-26 09:03:55,reentry_org,25-34,en,phone,course_complete,21,2026-03-26 10:33:36,2026-04-16 13:48:00,2026-04-16 13:48:00,2026-04-23 17:54:19,2026-04-22 00:13:30,0,0,no,,,,,,,,yes,4,1,,,0,21,True,True,Sacramento,False
u_100401,NYC ,2026-03-26 09:21:39,workforce_center,35-44,es,laptop,inactive,2,2026-03-28 12:54:00,2026-03-31 14:06:00,,2026-04-03 03:37:53,2026-04-03 03:12:42,0,0,yes,2026-03-26 10:41:39,5.0,Tue|Sat|Sun,afternoon,2.0,,no,no,0,1,,,0,2,True,False,NYC,False
u_103409,NYC,2026-03-26 09:24:30,paid_social,18-24,en,phone,not_started,0,,,,2026-03-27 22:59:03,2026-03-26 09:24:30,0,0,no,,,,,,,,no,0,0,,,0,0,False,False,NYC,False
u_104703,Sacramento,2026-03-26 12:40:21,parole_probation_officer,55+,en,phone,inactive,1,2026-03-27 20:25:00,2026-03-27 20:25:00,,2026-03-28 07:32:04,2026-03-26 12:40:21,0,0,no,,,,,,,,no,0,0,,,0,1,True,False,Sacramento,False
u_104963,Sacramento,2026-03-26 14:35:12,reentry_org,25-34,es,phone,course_complete,21,2026-03-26 14:50:00,2026-04-27 23:03:00,2026-04-27 23:03:00,2026-05-05 05:41:05,2026-04-28 01:41:18,0,0,yes,2026-03-26 16:02:12,10.0,Mon|Tue|Wed|Thu|Fri|Sat|Sun,late_night,4.5,2026-05-04,no,yes,6,2,,,0,21,True,True,Sacramento,False
u_104889,Sacramento,2026-03-26 14:39:34,reentry_org,45-54,en,phone,inactive,3,2026-03-26 15:23:17,2026-03-29 13:41:00,,2026-04-03 14:08:59,2026-03-28 21:49:54,0,0,yes,2026-03-26 15:22:34,3.0,Sat|Sun,afternoon,2.5,2026-05-23,yes,no,0,2,,,0,3,True,False,Sacramento,False
u_104004,Sacramento,2026-03-26 19:35:30,paid_social,25-34,en,phone,inactive,2,2026-03-26 20:06:48,2026-04-04 13:50:00,,2026-04-04 23:47:48,2026-04-03 03:17:42,0,0,yes,2026-03-26 20:07:30,7.0,Mon|Wed|Thu|Fri|Sat,afternoon,4.6,,yes,no,0,0,,,0,2,True,False,Sacramento,False
u_101451,NYC,2026-03-26 20:58:45,workforce_center,35-44,en,phone,permit_passed,21,2026-03-26 23:40:09,2026-04-12 15:49:00,2026-04-12 15:49:00,2026-04-25 15:49:00,2026-04-05 07:21:31,0,0,yes,2026-03-26 22:27:45,5.0,Thu|Fri|Sun,afternoon,2.2,,yes,no,0,2,2026-04-25,passed,1,21,True,True,NYC,False
u_105032,Sacramento,2026-03-26 21:23:04,paid_social,25-34,en,phone,permit_failed,21,2026-03-26 23:53:47,2026-05-13 08:01:00,2026-05-13 08:01:00,2026-05-23 07:45:21,2026-05-16 21:24:45,0,0,yes,2026-03-26 21:47:04,5.0,Mon|Tue|Fri,morning,1.9,2026-05-07,unsure,yes,6,1,2026-05-21,failed,1,21,True,True,Sacramento,False
u_102331,NYC,2026-03-26 21:47:14,workforce_center,35-44,es,laptop,permit_passed,21,2026-04-04 14:53:00,2026-06-17 13:29:00,2026-06-17 13:29:00,2026-07-16 15:29:00,2026-06-21 17:37:25,0,0,yes,2026-03-26 22:31:14,3.0,Mon|Tue,afternoon,2.3,,yes,yes,3,1,2026-07-16,passed,1,21,True,True,NYC,False
u_102051,NYC,2026-03-26 22:02:42,workforce_center,45-54,en,phone,not_started,0,,,,2026-03-28 20:36:53,2026-03-26 22:02:42,0,0,no,,,,,,,,yes,0,0,,,0,0,False,False,NYC,False
u_105086,Sacramento,2026-03-26 22:04:24,paid_social,35-44,en,phone,inactive,3,2026-04-02 20:21:00,2026-04-06 21:10:00,,2026-04-08 07:34:51,2026-04-07 23:18:24,0,0,yes,2026-03-26 22:07:24,7.0,Mon|Tue|Thu|Sat|Sun,evening,3.7,2026-05-01,yes,no,0,1,,,0,3,True,False,Sacramento,False
u_101681,NYC,2026-03-26 23:04:36,friend_family,25-34,en,phone,inactive,1,2026-03-27 17:33:00,2026-03-27 17:33:00,,2026-03-29 15:36:59,2026-03-26 23:04:36,0,0,no,,,,,,,,no,0,0,,,0,1,True,False,NYC,False
u_102834,NYC,2026-03-26 23:47:59,reentry_org,18-24,en,phone,inactive,3,2026-03-31 17:42:00,2026-04-06 17:09:00,,2026-04-09 03:27:58,2026-04-08 17:12:53,0,0,yes,2026-03-26 23:55:59,5.0,Wed|Thu|Sat,evening,2.3,2026-05-16,no,yes,0,0,,,0,3,True,False,NYC,False
u_101307,NYC,2026-03-27 00:24:06,paid_social,25-34,en,phone,course_complete,21,2026-03-27 01:51:45,2026-04-18 09:13:00,2026-04-18 09:13:00,2026-04-24 04:42:35,2026-04-21 22:59:10,0,0,yes,2026-03-27 00:44:06,7.0,Tue|Wed|Thu|Fri|Sun,morning,4.0,2026-05-14,no,no,0,1,,,0,21,True,True,NYC,False
u_104034,Sacramento,2026-03-27 02:45:11,workforce_center,25-34,en,laptop,inactive,1,2026-04-05 14:20:00,2026-04-05 14:20:00,,2026-04-06 16:41:29,2026-04-04 02:27:50,0,0,no,,,,,,,,no,0,0,,,0,1,True,False,Sacramento,False
u_105298,Sacramento,2026-03-27 03:14:23,workforce_center,35-44,en,shared_computer,inactive,2,2026-03-27 05:14:49,2026-03-29 21:58:00,,2026-04-02 05:55:06,2026-03-28 08:15:38,0,0,no,,,,,,,,no,0,0,,,0,2,True,False,Sacramento,False
u_101506,NYC,2026-03-27 05:52:47,workforce_center,55+,en,phone,inactive,7,2026-03-31 22:11:00,2026-04-23 22:07:00,,2026-04-24 23:49:32,2026-04-21 19:37:21,0,0,no,,,,,,,,yes,6,2,,,0,7,True,False,NYC,False
u_103676,NYC,2026-03-27 06:07:57,friend_family,35-44,es,laptop,not_started,0,,,,2026-03-31 03:04:41,2026-03-27 06:07:57,0,0,yes,2026-03-27 06:28:57,3.0,Mon|Fri,morning,1.3,2026-06-03,yes,yes,0,0,,,0,0,False,False,NYC,False
u_103198,NYC,2026-03-27 06:28:24,friend_family,35-44,es,laptop,inactive,2,2026-03-28 08:18:00,2026-04-04 07:44:00,,2026-04-08 13:47:40,2026-03-29 12:43:49,0,0,no,,,,,,,,no,0,1,,,0,2,True,False,NYC,False
u_101097,NYC,2026-03-27 08:35:42,reentry_org,35-44,es,phone,course_complete,21,2026-03-30 18:53:00,2026-05-10 21:45:00,2026-05-10 21:45:00,2026-05-18 11:10:01,2026-05-05 19:42:29,0,0,no,,,,,,,,yes,0,1,,,0,21,True,True,NYC,False
u_102562,NYC,2026-03-27 09:53:02,workforce_center,55+,en,phone,inactive,3,2026-03-31 12:24:00,2026-04-09 14:27:00,,2026-04-15 21:50:32,2026-04-14 06:30:27,0,0,yes,2026-03-27 10:49:02,5.0,Mon|Thu|Sun,afternoon,2.7,,yes,no,0,2,,,0,3,True,False,NYC,False
u_103151,NYC,2026-03-27 10:59:46,paid_social,25-34,en,phone,not_started,0,,,,2026-03-29 02:18:05,2026-03-27 10:59:46,0,0,no,,,,,,,,no,0,0,,,0,0,False,False,NYC,False
u_100389,NYC,2026-03-27 11:34:49,reentry_org,18-24,en,phone,not_started,0,,,,2026-03-29 01:17:42,2026-03-27 11:34:49,0,0,no,,,,,,,,yes,0,0,,,0,0,False,False,NYC,False
u_105713,Boston,2026-03-27 14:13:18,paid_social,25-34,en,phone,inactive,3,2026-04-07 23:47:00,2026-04-12 23:07:00,,2026-04-17 12:29:25,2026-04-09 15:33:12,0,0,yes,2026-03-27 15:34:18,7.0,Mon|Tue|Thu|Fri|Sun,late_night,2.9,2026-04-30,no,yes,0,2,,,0,3,True,False,Boston,False
u_103979,Sacramento,2026-03-27 14:28:28,parole_probation_officer,35-44,en,shared_computer,inactive,4,2026-03-28 15:08:00,2026-04-03 13:15:00,,2026-04-05 23:59:51,2026-04-02 22:46:49,0,0,no,,,,,,,,no,0,0,,,0,4,True,False,Sacramento,False
u_101568,NYC,2026-03-27 14:54:41,workforce_center,25-34,en,laptop,not_started,0,,,,2026-03-29 00:45:03,2026-03-28 16:03:59,0,0,no,,,,,,,,yes,0,0,,,0,0,False,False,NYC,False
u_101094,NYC,2026-03-27 15:40:57,paid_social,45-54,en,laptop,not_started,0,,,,2026-03-29 06:30:41,2026-03-27 15:40:57,0,0,no,,,,,,,,no,0,0,,,0,0,False,False,NYC,False
u_102189,NYC,2026-03-27 19:29:04,paid_social,45-54,en,laptop,not_started,0,,,,2026-03-29 07:58:30,2026-03-27 19:29:04,0,0,yes,2026-03-27 20:23:04,3.0,Tue|Sat,evening,2.0,2026-05-28,yes,yes,0,0,,,0,0,False,False,NYC,False
u_100083,NYC,2026-03-27 19:32:50,parole_probation_officer,25-34,es,phone,course_complete,21,2026-04-02 09:02:00,2026-04-21 09:46:00,2026-04-21 09:46:00,2026-04-27 10:22:49,2026-04-24 17:30:47,0,0,yes,2026-03-27 20:54:50,10.0,Mon|Tue|Wed|Thu|Fri|Sat|Sun,morning,5.2,2026-05-05,unsure,yes,1,2,,,0,21,True,True,NYC,False
u_100167,NYC,2026-03-27 22:45:39,friend_family,25-34,en,laptop,not_started,0,,,,2026-03-28 17:57:17,2026-03-27 22:45:39,0,0,no,,,,,,,,no,0,0,,,0,0,False,False,NYC,False
u_102296,NYC,2026-03-28 00:03:05,workforce_center,18-24,en,laptop,inactive,2,2026-03-28 00:31:24,2026-03-30 09:07:00,,2026-03-30 12:02:47,2026-03-28 00:03:05,0,0,no,,,,,,,,no,0,0,,,0,2,True,False,NYC,False
u_103985,Sacramento,2026-03-28 00:11:05,paid_social,35-44,en,phone,not_started,0,,,,2026-03-30 00:15:09,2026-03-28 00:11:05,0,0,yes,2026-03-28 01:15:05,7.0,Mon|Tue|Wed|Fri|Sun,morning,3.2,,yes,no,0,0,,,0,0,False,False,Sacramento,False
u_102138,NYC,2026-03-28 00:43:28,parole_probation_officer,25-34,en,phone,not_started,0,,,,2026-03-29 14:43:34,2026-03-29 01:22:31,0,0,no,,,,,,,,no,0,0,,,0,0,False,False,NYC,False
u_101591,NYC,2026-03-28 01:28:39,paid_social,45-54,en,phone,not_started,0,,,,2026-03-29 19:50:55,2026-03-28 01:28:39,0,0,no,,,,,,,,yes,0,0,,,0,0,False,False,NYC,False
u_101431,NYC,2026-03-28 02:02:09,paid_social,45-54,en,laptop,inactive,4,2026-03-29 14:22:00,2026-04-10 13:01:00,,2026-04-10 19:17:11,2026-04-08 05:28:44,0,0,no,,,,,,,,no,0,0,,,0,4,True,False,NYC,False
u_100531,NYC,2026-03-28 02:13:35,friend_family,45-54,en,shared_computer,inactive,2,2026-04-05 17:11:00,2026-04-17 17:42:00,,2026-04-17 19:00:01,2026-04-14 17:08:24,0,0,no,,,,,,,,no,0,0,,,0,2,True,False,NYC,False
u_103728,NYC,2026-03-28 03:14:58,workforce_center,18-24,en,laptop,course_complete,21,2026-03-28 03:31:41,2026-05-03 18:14:00,2026-05-03 18:14:00,2026-05-12 10:34:30,2026-05-11 09:46:40,0,0,no,,,,,,,,yes,4,1,,,0,21,True,True,NYC,False
u_101571,NYC,2026-03-28 05:23:11,paid_social,35-44,es,phone,permit_passed,21,2026-04-02 13:05:00,2026-05-21 14:21:00,2026-05-21 14:21:00,2026-06-04 21:01:54,2026-06-04 02:05:23,0,0,yes,2026-03-28 05:32:11,5.0,Tue|Sat|Sun,afternoon,1.8,2026-05-04,yes,no,0,2,2026-06-04,passed,1,21,True,True,NYC,False
u_101517,NYC,2026-03-28 05:26:22,reentry_org,25-34,en,phone,permit_failed,21,2026-03-29 21:22:00,2026-07-07 19:32:00,2026-07-07 19:32:00,2026-07-27 15:32:00,2026-07-01 03:08:04,0,0,yes,2026-03-28 05:53:22,3.0,Mon|Sun,evening,2.0,2026-05-29,unsure,yes,0,1,2026-07-27,failed,1,21,True,True,NYC,False
u_104068,Sacramento,2026-03-28 05:36:56,paid_social,35-44,en,phone,inactive,3,2026-03-29 17:49:00,2026-03-31 19:55:00,,2026-04-01 17:05:48,2026-03-28 05:36:56,0,0,yes,2026-03-28 06:17:56,3.0,Tue|Thu,evening,2.3,2026-06-02,no,no,0,1,,,0,3,True,False,Sacramento,False
u_105054,Sacramento,2026-03-28 05:41:07,parole_probation_officer,35-44,en,laptop,inactive,2,2026-03-28 05:51:17,2026-03-29 19:37:00,,2026-04-01 19:42:55,2026-03-31 13:12:10,0,0,yes,2026-03-28 06:26:07,7.0,Mon|Tue|Thu|Sat|Sun,evening,3.0,2026-05-06,unsure,no,0,2,,,0,2,True,False,Sacramento,False
u_103904,NYC,2026-03-28 07:21:08,parole_probation_officer,25-34,en,phone,permit_passed,21,2026-03-28 08:53:38,2026-04-14 10:55:00,2026-04-14 10:55:00,2026-05-20 15:55:00,2026-04-16 23:11:45,0,0,yes,2026-03-28 07:59:08,7.0,Mon|Tue|Fri|Sat|Sun,morning,3.3,2026-04-25,yes,no,0,1,2026-05-20,passed,2,21,True,True,NYC,False
u_104016,Sacramento,2026-03-28 08:49:10,paid_social,25-34,en,laptop,inactive,4,2026-03-30 21:14:00,2026-04-04 18:31:00,,2026-04-05 00:36:01,2026-04-04 10:52:08,0,0,yes,2026-03-28 09:42:10,3.0,Wed|Sun,evening,2.6,2026-06-10,unsure,no,0,1,,,0,4,True,False,Sacramento,False
u_101656,NYC,2026-03-28 11:35:08,reentry_org,25-34,en,tablet,inactive,4,2026-03-28 11:52:01,2026-04-01 18:00:00,,2026-04-05 01:54:43,2026-04-03 02:37:17,0,0,no,,,,,,,,no,0,0,,,0,4,True,False,NYC,False
u_100572,NYC,2026-03-28 12:16:51,paid_social,25-34,en,phone,not_started,0,,,,2026-03-30 01:02:25,2026-03-28 12:16:51,0,0,yes,2026-03-28 12:42:51,5.0,Tue|Wed|Fri,evening,2.1,2026-05-16,yes,no,0,0,,,0,0,False,False,NYC,False
u_105447,Boston,2026-03-28 12:53:47,paid_social,35-44,ht,phone,not_started,0,,,,2026-04-01 19:36:48,2026-03-31 23:25:47,0,0,no,,,,,,,,no,0,0,,,0,0,False,False,Boston,False
u_102955,NYC,2026-03-28 13:16:56,reentry_org,35-44,en,phone,inactive,4,2026-03-28 14:57:22,2026-04-12 06:41:00,,2026-04-17 22:16:43,2026-04-16 10:57:04,0,0,yes,2026-03-28 14:42:56,3.0,Fri|Sun,morning,1.5,,yes,yes,1,0,,,0,4,True,False,NYC,False
u_102505,NYC,2026-03-28 13:17:48,friend_family,25-34,en,phone,inactive,17,2026-03-28 14:02:33,2026-04-20 13:47:00,,2026-04-23 20:21:19,2026-04-21 14:31:28,0,0,yes,2026-03-28 13:20:48,5.0,Tue|Wed|Fri,afternoon,3.0,2026-05-17,yes,yes,3,1,,,0,17,True,False,NYC,False
u_100927,NYC,2026-03-28 13:32:04,friend_family,18-24,en,tablet,not_started,0,,,,2026-03-30 05:48:28,2026-03-28 13:32:04,0,0,yes,2026-03-28 13:49:04,3.0,Tue|Fri,evening,1.2,2026-06-11,yes,no,0,0,,,0,0,False,False,NYC,False
u_103028,NYC,2026-03-28 14:51:14,friend_family,55+,en,phone,inactive,2,2026-04-10 19:02:00,2026-04-11 17:21:00,,2026-04-15 15:56:47,2026-03-28 14:51:14,0,0,yes,2026-03-28 16:04:14,3.0,Mon|Sun,evening,2.3,,no,yes,2,0,,,0,2,True,False,NYC,False
u_104436,Sacramento,2026-03-28 15:55:04,friend_family,55+,en,phone,course_complete,21,2026-03-29 09:19:00,2026-05-09 10:54:00,2026-05-09 10:54:00,2026-05-11 01:26:41,2026-05-06 00:29:59,0,0,yes,2026-03-28 16:54:04,3.0,Fri|Sun,morning,2.0,2026-06-12,unsure,no,0,2,,,0,21,True,True,Sacramento,False
u_100450,NYC,2026-03-28 18:42:13,reentry_org,25-34,en,laptop,permit_passed,21,2026-03-28 18:49:04,2026-05-01 19:29:00,2026-05-01 19:29:00,2026-05-13 15:29:00,2026-05-03 16:59:51,0,0,yes,2026-03-28 18:50:13,5.0,Thu|Sat|Sun,evening,1.9,2026-05-20,yes,yes,2,2,2026-05-13,passed,1,21,True,True,NYC,False
u_104734,Sacramento,2026-03-28 23:04:40,reentry_org,35-44,en,laptop,inactive,3,2026-04-07 17:35:00,2026-04-15 20:36:00,,2026-04-16 04:14:48,2026-04-15 22:29:41,0,0,yes,2026-03-28 23:07:40,3.0,Wed|Sun,evening,2.3,2026-05-30,no,no,0,1,,,0,3,True,False,Sacramento,False
u_103494,NYC,2026-03-29 01:25:19,parole_probation_officer,35-44,en,laptop,not_started,0,,,,2026-03-29 16:18:32,2026-03-29 09:52:31,0,0,yes,2026-03-29 02:43:19,10.0,Mon|Tue|Wed|Thu|Fri|Sat|Sun,late_night,4.4,2026-05-10,no,yes,0,0,,,0,0,False,False,NYC,False
u_105011,Sacramento,2026-03-29 02:37:09,friend_family,25-34,en,shared_computer,inactive,3,2026-03-29 02:44:59,2026-04-07 19:21:00,,2026-04-10 00:24:46,2026-04-04 08:34:16,0,0,yes,2026-03-29 03:08:09,5.0,Wed|Thu|Sat,evening,2.7,2026-05-06,unsure,no,0,2,,,0,3,True,False,Sacramento,False
u_101671,NYC,2026-03-29 07:26:08,reentry_org,25-34,es,laptop,inactive,2,2026-03-30 10:00:00,2026-03-30 10:55:00,,2026-03-31 00:16:31,2026-03-29 07:26:08,0,0,no,,,,,,,,no,0,2,,,0,2,True,False,NYC,False
u_103530,NYC,2026-03-29 10:15:12,paid_social,45-54,en,laptop,inactive,1,2026-04-06 06:59:00,2026-04-06 06:59:00,,2026-04-08 20:25:40,2026-04-02 03:32:39,0,0,yes,2026-03-29 10:45:12,5.0,Wed|Thu|Sun,morning,1.9,,yes,no,0,2,,,0,1,True,False,NYC,False
u_103265,NYC,2026-03-29 11:18:32,paid_social,25-34,en,laptop,not_started,0,,,,2026-04-02 02:59:01,2026-03-31 18:59:50,0,0,no,,,,,,,,no,0,0,,,0,0,False,False,NYC,False
u_103466,NYC,2026-03-29 13:04:21,reentry_org,25-34,es,phone,inactive,3,2026-03-29 13:21:05,2026-04-05 06:05:00,,2026-04-08 14:34:21,2026-04-08 13:58:17,0,0,no,,,,,,,,no,0,0,,,0,3,True,False,NYC,False
u_105064,Sacramento,2026-03-29 15:29:08,paid_social,35-44,en,phone,inactive,1,2026-04-09 06:44:00,2026-04-09 06:44:00,,2026-04-09 08:21:22,2026-04-06 14:05:11,0,0,no,,,,,,,,no,0,0,,,0,1,True,False,Sacramento,False
u_100817,NYC,2026-03-29 19:17:30,reentry_org,45-54,en,phone,permit_passed,21,2026-03-29 19:35:49,2026-05-08 20:51:00,2026-05-08 20:51:00,2026-06-10 15:51:00,2026-05-11 09:21:52,0,0,no,,,,,,,,no,0,3,2026-06-10,passed,1,21,True,True,NYC,False
u_103410,NYC,2026-03-29 20:24:31,reentry_org,35-44,en,phone,permit_passed,21,2026-03-29 20:36:14,2026-04-24 14:35:00,2026-04-24 14:35:00,2026-06-08 15:35:00,2026-04-24 00:35:11,0,0,yes,2026-03-29 20:32:31,7.0,Mon|Wed|Thu|Fri|Sun,afternoon,4.0,2026-05-14,unsure,yes,4,2,2026-06-08,passed,2,21,True,True,NYC,False
u_105715,Boston,2026-03-29 21:07:35,paid_social,25-34,en,tablet,inactive,2,2026-03-29 21:27:28,2026-04-04 23:59:00,,2026-04-05 17:12:14,2026-04-05 07:30:22,0,0,yes,2026-03-29 22:29:35,3.0,Tue|Thu,late_night,0.9,,unsure,no,0,2,,,0,2,True,False,Boston,False
u_105455,Boston,2026-03-29 21:23:42,workforce_center,25-34,en,laptop,not_started,0,,,,2026-03-31 21:13:10,2026-03-29 21:23:42,0,0,no,,,,,,,,no,0,0,,,0,0,False,False,Boston,False
u_104626,Sacramento,2026-03-30 00:06:09,reentry_org,25-34,en,phone,inactive,3,2026-03-30 02:51:21,2026-03-30 18:40:00,,2026-04-01 17:53:35,2026-04-01 13:03:52,0,0,yes,2026-03-30 00:53:09,7.0,Mon|Tue|Fri|Sat|Sun,evening,3.1,,unsure,yes,2,0,,,0,3,True,False,Sacramento,False
u_104450,Sacramento,2026-03-30 01:40:36,friend_family,35-44,en,laptop,not_started,0,,,,2026-03-30 20:27:12,2026-03-30 12:07:21,0,0,yes,2026-03-30 02:08:36,3.0,Fri|Sat,morning,1.3,2026-06-12,yes,yes,0,0,,,0,0,False,False,Sacramento,False
u_102369,NYC,2026-03-30 06:53:33,parole_probation_officer,25-34,en,tablet,not_started,0,,,,2026-04-08 16:15:18,2026-04-01 19:50:44,0,0,yes,2026-03-30 07:44:33,5.0,Mon|Thu|Sun,morning,2.4,2026-05-25,unsure,yes,0,0,,,0,0,False,False,NYC,False
u_100078,NYC,2026-03-30 07:36:26,parole_probation_officer,35-44,en,laptop,not_started,0,,,,2026-03-31 17:34:46,2026-03-30 07:36:26,0,0,no,,,,,,,,yes,0,0,,,0,0,False,False,NYC,False
u_103383,NYC,2026-03-30 08:21:04,workforce_center,25-34,en,laptop,inactive,3,2026-03-30 08:35:24,2026-03-30 14:07:00,,2026-03-30 21:13:14,2026-03-30 08:21:04,0,0,no,,,,,,,,no,0,2,,,0,3,True,False,NYC,False
u_105444,Sacramento,2026-03-30 09:34:19,reentry_org,45-54,es,tablet,inactive,14,2026-03-30 11:20:44,2026-05-21 16:33:00,,2026-05-24 01:15:51,2026-05-17 09:33:29,0,0,yes,2026-03-30 09:44:19,3.0,Mon|Fri,afternoon,2.8,2026-05-29,yes,yes,1,3,,,0,14,True,False,Sacramento,False
u_103515,NYC,2026-03-30 11:44:31,friend_family,25-34,es,phone,not_started,0,,,,2026-03-30 13:16:11,2026-03-30 11:44:31,0,0,no,,,,,,,,no,0,0,,,0,0,False,False,NYC,False
u_100478,NYC,2026-03-30 12:50:55,parole_probation_officer,18-24,en,laptop,permit_passed,21,2026-03-31 16:27:00,2026-05-19 14:55:00,2026-05-19 14:55:00,2026-05-30 15:55:00,2026-05-15 10:20:16,0,0,yes,2026-03-30 14:14:55,3.0,Wed|Fri,afternoon,2.6,2026-05-27,unsure,no,0,1,2026-05-30,passed,1,21,True,True,NYC,False
u_104413,Sacramento,2026-03-30 14:24:41,reentry_org,18-24,en,phone,course_complete,21,2026-03-30 14:33:05,2026-04-20 11:30:00,2026-04-20 11:30:00,2026-04-23 05:04:24,2026-04-12 14:56:15,0,0,yes,2026-03-30 15:03:41,10.0,Mon|Tue|Wed|Thu|Fri|Sat|Sun,morning,6.0,2026-05-02,no,yes,3,3,,,0,21,True,True,Sacramento,False
u_100991,NYC,2026-03-30 14:44:35,paid_social,18-24,en,laptop,not_started,0,,,,2026-04-02 16:07:10,2026-03-31 01:55:58,0,0,no,,,,,,,,no,0,0,,,0,0,False,False,NYC,False
u_101769,NYC,2026-03-30 16:56:20,reentry_org,18-24,en,shared_computer,not_started,0,,,,2026-04-04 18:00:18,2026-03-30 16:56:20,0,0,no,,,,,,,,no,0,0,,,0,0,False,False,NYC,False
u_100617,NYC,2026-03-30 19:21:06,paid_social,25-34,en,phone,inactive,1,2026-04-02 14:20:00,2026-04-02 14:20:00,,2026-04-05 00:11:21,2026-04-04 15:12:22,0,0,yes,2026-03-30 19:36:06,10.0,Mon|Tue|Wed|Thu|Fri|Sat|Sun,afternoon,4.2,2026-04-20,yes,no,0,1,,,0,1,True,False,NYC,False
u_101542,NYC,2026-03-30 19:26:49,reentry_org,25-34,en,laptop,course_complete,21,2026-03-30 19:39:01,2026-06-08 12:45:00,2026-06-08 12:45:00,2026-06-13 19:27:43,2026-06-09 05:52:56,0,0,yes,2026-03-30 20:09:49,3.0,Tue|Sun,afternoon,1.3,2026-06-06,yes,no,0,2,,,0,21,True,True,NYC,False
u_103345,NYC,2026-03-30 20:01:35,reentry_org,25-34,en,laptop,permit_passed,21,2026-03-30 20:26:40,2026-05-23 19:22:00,2026-05-23 19:22:00,2026-06-05 15:22:00,2026-05-26 20:17:35,0,0,yes,2026-03-30 21:23:35,5.0,Mon|Tue|Thu,evening,3.5,2026-05-06,yes,yes,1,2,2026-06-05,passed,1,21,True,True,NYC,False
u_105081,Sacramento,2026-03-30 22:10:37,paid_social,25-34,en,laptop,not_started,0,,,,2026-04-02 15:49:54,2026-03-30 22:10:37,0,0,yes,2026-03-30 23:17:37,3.0,Tue|Sat,morning,2.6,,yes,no,0,0,,,0,0,False,False,Sacramento,False
u_104440,Sacramento,2026-03-30 22:34:45,reentry_org,18-24,en,laptop,permit_passed,21,2026-03-31 20:44:00,2026-05-07 17:19:00,2026-05-07 17:19:00,2026-05-19 15:19:00,2026-05-03 00:11:45,0,0,yes,2026-03-30 23:04:45,10.0,Mon|Tue|Wed|Thu|Fri|Sat|Sun,evening,5.3,,unsure,no,0,3,2026-05-19,passed,1,21,True,True,Sacramento,False
u_104175,Sacramento,2026-03-31 02:19:20,reentry_org,35-44,en,phone,inactive,2,2026-04-02 14:37:00,2026-04-06 12:11:00,,2026-04-10 20:34:53,2026-04-04 11:02:09,0,0,yes,2026-03-31 02:43:20,5.0,Tue|Wed|Sat,afternoon,2.6,2026-05-06,yes,no,0,1,,,0,2,True,False,Sacramento,False
u_103301,NYC,2026-03-31 02:33:36,parole_probation_officer,35-44,en,laptop,inactive,1,2026-04-02 18:08:00,2026-04-02 18:08:00,,2026-04-06 10:53:52,2026-04-05 11:39:49,0,0,no,,,,,,,,no,0,2,,,0,1,True,False,NYC,False
u_100748,NYC,2026-03-31 03:24:10,paid_social,25-34,en,shared_computer,inactive,2,2026-04-02 20:57:00,2026-04-03 19:52:00,,2026-04-09 21:56:45,2026-04-07 07:49:52,0,0,yes,2026-03-31 03:36:10,10.0,Mon|Tue|Wed|Thu|Fri|Sat|Sun,evening,4.4,2026-05-09,yes,no,0,2,,,0,2,True,False,NYC,False
u_104358,Sacramento,2026-03-31 05:27:06,friend_family,35-44,en,phone,not_started,0,,,,2026-03-31 20:02:32,2026-03-31 05:27:06,0,0,yes,2026-03-31 06:12:06,3.0,Wed|Thu,morning,1.3,2026-06-08,yes,yes,0,0,,,0,0,False,False,Sacramento,False
u_104960,Sacramento,2026-03-31 06:22:28,friend_family,35-44,en,phone,permit_passed,21,2026-04-03 23:12:00,2026-05-01 23:45:00,2026-05-01 23:45:00,2026-05-11 00:33:03,2026-05-08 00:43:48,0,0,yes,2026-03-31 06:57:28,7.0,Mon|Thu|Fri|Sat|Sun,late_night,3.0,,yes,yes,4,2,2026-05-07,passed,1,21,True,True,Sacramento,False
u_102868,NYC,2026-03-31 07:52:56,friend_family,25-34,en,laptop,inactive,4,2026-04-04 09:07:00,2026-04-08 08:39:00,,2026-04-10 15:44:09,2026-04-05 03:58:48,0,0,yes,2026-03-31 08:38:56,5.0,Mon|Tue|Sun,morning,2.9,2026-05-24,yes,no,0,1,,,0,4,True,False,NYC,False
u_105145,Sacramento,2026-03-31 10:12:46,paid_social,45-54,en,phone,permit_passed,21,2026-03-31 11:16:02,2026-05-05 17:34:00,2026-05-05 17:34:00,2026-05-20 15:34:00,2026-05-10 09:22:00,0,0,yes,2026-03-31 11:25:46,10.0,Mon|Tue|Wed|Thu|Fri|Sat|Sun,evening,5.6,2026-04-23,yes,yes,1,2,2026-05-20,passed,1,21,True,True,Sacramento,False
u_102993,NYC,2026-03-31 12:24:45,friend_family,35-44,es,phone,not_started,0,,,,2026-04-01 16:26:20,2026-03-31 12:24:45,0,0,yes,2026-03-31 12:48:45,3.0,Thu|Fri,evening,1.2,2026-05-29,unsure,yes,0,0,,,0,0,False,False,NYC,False
u_100961,NYC,2026-03-31 13:20:10,workforce_center,35-44,en,tablet,inactive,3,2026-03-31 13:37:17,2026-04-03 21:35:00,,2026-04-09 10:40:25,2026-04-09 05:03:13,0,0,yes,2026-03-31 14:07:10,5.0,Mon|Tue|Fri,evening,2.6,,unsure,no,0,1,,,0,3,True,False,NYC,False
u_105318,Sacramento,2026-03-31 19:07:44,reentry_org,45-54,en,tablet,not_started,0,,,,2026-04-02 07:52:45,2026-04-01 19:47:20,0,0,no,,,,,,,,yes,0,0,,,0,0,False,False,Sacramento,False
u_105839,Boston,2026-03-31 19:28:50,paid_social,25-34,en,laptop,inactive,10,2026-04-05 07:13:00,2026-04-12 10:59:00,,2026-04-14 06:33:07,2026-04-09 05:39:51,0,0,yes,2026-03-31 20:53:50,7.0,Mon|Tue|Wed|Fri|Sun,morning,3.4,2026-04-30,no,no,0,2,,,0,9,True,False,Boston,False
u_103213,NYC,2026-03-31 20:50:52,reentry_org,25-34,en,phone,not_started,0,,,,2026-04-01 09:46:40,2026-04-01 03:54:11,0,0,yes,2026-03-31 21:32:52,5.0,Mon|Tue|Sat,morning,1.9,2026-05-24,unsure,no,0,0,,,0,0,False,False,NYC,False
u_105007,Sacramento,2026-03-31 22:23:36,paid_social,35-44,en,phone,permit_passed,21,2026-04-01 20:41:00,2026-04-27 21:35:00,2026-04-27 21:35:00,2026-05-08 15:35:00,2026-05-03 06:24:59,0,0,yes,2026-03-31 23:34:36,7.0,Tue|Wed|Fri|Sat|Sun,evening,3.8,2026-05-11,yes,yes,0,1,2026-05-08,passed,1,21,True,True,Sacramento,False
u_103116,NYC,2026-03-31 23:07:48,paid_social,25-34,en,phone,not_started,0,,,,2026-04-01 02:48:52,2026-03-31 23:07:48,0,0,no,,,,,,,,yes,0,0,,,0,0,False,False,NYC,False
u_101820,NYC,2026-04-01 00:26:25,parole_probation_officer,25-34,es,laptop,not_started,0,,,,2026-04-04 13:49:36,2026-04-02 21:47:12,0,0,yes,2026-04-01 01:55:25,5.0,Wed|Fri|Sat,morning,3.7,2026-05-23,yes,no,0,0,,,0,0,False,False,NYC,False
u_104568,Sacramento,2026-04-01 02:41:38,paid_social,18-24,en,phone,not_started,0,,,,2026-04-04 03:22:23,2026-04-01 02:41:38,0,0,yes,2026-04-01 02:48:38,7.0,Mon|Tue|Wed|Fri|Sat,morning,3.3,2026-05-19,unsure,no,0,0,,,0,0,False,False,Sacramento,False
u_105258,Sacramento,2026-04-01 04:00:27,friend_family,35-44,es,phone,inactive,1,2026-04-01 04:34:33,2026-04-01 04:34:33,,2026-04-02 03:18:03,2026-04-01 04:00:27,0,0,yes,2026-04-01 04:20:27,10.0,Mon|Tue|Wed|Thu|Fri|Sat|Sun,afternoon,5.6,2026-05-06,no,no,0,1,,,0,1,True,False,Sacramento,False
u_104872,Sacramento,2026-04-01 04:23:11,paid_social,35-44,es,laptop,course_complete,21,2026-04-06 23:48:00,2026-05-14 23:32:00,2026-05-14 23:32:00,2026-05-19 06:23:31,2026-05-14 18:26:11,0,0,no,,,,,,,,yes,6,2,,,0,21,True,True,Sacramento,False
u_101840,NYC,2026-04-01 04:37:17,paid_social,25-34,en,phone,permit_passed,21,2026-04-06 23:56:00,2026-06-04 23:35:00,2026-06-04 23:35:00,2026-06-28 15:35:00,2026-06-05 00:01:49,0,0,yes,2026-04-01 05:37:17,3.0,Tue|Wed,late_night,1.2,2026-06-07,yes,no,0,1,2026-06-28,passed,1,21,True,True,NYC,False
u_100582,NYC,2026-04-01 05:59:43,friend_family,18-24,en,phone,not_started,0,,,,2026-04-01 07:18:51,2026-04-01 05:59:43,0,0,no,,,,,,,,no,0,0,,,0,0,False,False,NYC,False
u_102211,NYC,2026-04-01 12:11:53,paid_social,18-24,en,laptop,inactive,12,2026-04-01 12:46:35,2026-04-16 22:38:00,,2026-04-18 07:55:37,2026-04-17 20:42:50,0,0,yes,2026-04-01 12:39:53,7.0,Mon|Wed|Thu|Sat|Sun,late_night,4.4,2026-05-12,no,yes,3,1,,,0,12,True,False,NYC,False
u_105508,Boston,2026-04-01 13:05:43,paid_social,35-44,en,phone,inactive,3,2026-04-02 23:41:00,2026-04-07 22:08:00,,2026-04-12 03:09:24,2026-04-10 03:27:28,0,0,yes,2026-04-01 13:27:43,5.0,Mon|Tue|Fri,late_night,2.4,2026-05-13,yes,no,0,0,,,0,3,True,False,Boston,False
u_104485,Sacramento,2026-04-01 14:37:43,parole_probation_officer,35-44,en,phone,inactive,3,2026-04-01 14:54:36,2026-04-07 15:22:00,,2026-04-08 06:36:31,2026-04-06 11:51:21,0,0,no,,,,,,,,no,0,2,,,0,3,True,False,Sacramento,False
u_105691,Boston,2026-04-01 15:44:15,workforce_center,18-24,en,laptop,permit_passed,21,2026-04-01 15:52:59,2026-05-01 21:14:00,2026-05-01 21:14:00,2026-06-21 15:14:00,2026-05-03 09:32:03,0,0,yes,2026-04-01 16:40:15,7.0,Tue|Wed|Thu|Fri|Sat,evening,4.1,2026-05-13,yes,no,0,2,2026-06-21,passed,2,21,True,True,Boston,False
u_103661,NYC,2026-04-01 15:55:34,paid_social,35-44,en,phone,inactive,4,2026-04-01 17:36:11,2026-04-07 19:13:00,,2026-04-11 02:42:17,2026-04-05 10:44:46,0,0,yes,2026-04-01 15:59:34,5.0,Mon|Fri|Sun,evening,2.0,2026-05-11,yes,yes,4,2,,,0,4,True,False,NYC,False
u_102506,NYC,2026-04-01 16:47:14,workforce_center,25-34,es,phone,course_complete,21,2026-04-01 18:16:38,2026-05-13 14:08:00,2026-05-13 14:08:00,2026-05-17 04:43:30,2026-05-12 07:07:57,0,0,yes,2026-04-01 17:22:14,3.0,Tue|Wed,afternoon,1.0,2026-05-27,no,no,0,1,,,0,21,True,True,NYC,False
u_102932,NYC,2026-04-01 17:50:25,reentry_org,25-34,es,phone,inactive,2,2026-04-02 22:29:00,2026-04-03 22:27:00,,2026-04-03 23:19:05,2026-04-01 17:50:25,0,0,no,,,,,,,,yes,4,2,,,0,2,True,False,NYC,False
u_100912,NYC,2026-04-01 20:08:30,reentry_org,25-34,en,shared_computer,inactive,1,2026-04-01 20:49:23,2026-04-01 20:49:23,,2026-04-07 00:13:44,2026-04-06 08:14:48,0,0,no,,,,,,,,no,0,0,,,0,1,True,False,NYC,False
u_103622,NYC,2026-04-01 21:18:54,workforce_center,35-44,es,phone,inactive,2,2026-04-03 23:09:00,2026-04-07 22:16:00,,2026-04-12 18:14:53,2026-04-09 14:30:57,0,0,no,,,,,,,,no,0,1,,,0,2,True,False,NYC,False
u_100660,NYC,2026-04-01 22:12:19,parole_probation_officer,45-54,en,shared_computer,not_started,0,,,,2026-04-04 23:23:23,2026-04-04 19:24:15,0,0,yes,2026-04-01 23:16:19,7.0,Mon|Tue|Thu|Sat|Sun,late_night,3.7,2026-04-29,unsure,no,0,0,,,0,0,False,False,NYC,False
u_104469,Sacramento,2026-04-02 00:51:39,parole_probation_officer,35-44,en,laptop,inactive,17,2026-04-03 23:37:00,2026-05-06 23:34:00,,2026-05-09 04:01:22,2026-05-06 17:12:10,0,0,yes,2026-04-02 01:08:39,5.0,Wed|Thu|Fri,late_night,2.0,2026-05-09,no,no,0,2,,,0,17,True,False,Sacramento,False
u_105857,Boston,2026-04-02 05:22:10,workforce_center,25-34,ht,phone,not_started,0,,,,2026-04-02 19:43:56,2026-04-02 05:22:10,0,0,no,,,,,,,,yes,0,0,,,0,0,False,False,Boston,False
u_101705,NYC,2026-04-02 06:02:39,workforce_center,18-24,en,phone,inactive,4,2026-04-02 06:27:53,2026-04-11 23:30:00,,2026-04-12 10:40:34,2026-04-02 06:02:39,0,0,no,,,,,,,,no,0,2,,,0,4,True,False,NYC,False
u_104643,Sacramento,2026-04-02 06:04:01,paid_social,55+,en,phone,inactive,1,2026-04-03 23:45:00,2026-04-03 23:45:00,,2026-04-04 14:26:10,2026-04-03 19:24:11,0,0,yes,2026-04-02 06:22:01,7.0,Tue|Wed|Fri|Sat|Sun,late_night,3.4,2026-05-13,unsure,no,0,0,,,0,1,True,False,Sacramento,False
u_101460,NYC,2026-04-02 06:11:21,parole_probation_officer,45-54,en,phone,permit_failed,21,2026-04-10 21:50:00,2026-06-27 19:10:00,2026-06-27 19:10:00,2026-07-13 15:10:00,2026-06-27 18:41:23,0,0,yes,2026-04-02 07:35:21,3.0,Mon|Fri,evening,1.6,,yes,no,0,3,2026-07-13,failed,1,21,True,True,NYC,False
u_103377,NYC,2026-04-02 08:05:47,paid_social,25-34,en,phone,inactive,3,2026-04-02 09:42:52,2026-04-03 09:46:00,,2026-04-06 16:54:18,2026-04-04 21:17:10,0,0,yes,2026-04-02 08:56:47,7.0,Tue|Wed|Fri|Sat|Sun,morning,4.3,2026-05-05,yes,no,0,2,,,0,3,True,False,NYC,False
u_104267,Sacramento,2026-04-02 16:50:12,parole_probation_officer,35-44,en,laptop,permit_passed,21,2026-04-13 22:10:00,2026-05-09 23:18:00,2026-05-09 23:18:00,2026-05-20 15:18:00,2026-05-03 12:20:19,0,0,yes,2026-04-02 18:04:12,7.0,Tue|Wed|Thu|Sat|Sun,late_night,4.4,2026-05-04,no,no,0,1,2026-05-20,passed,1,21,True,True,Sacramento,False
u_101074,NYC,2026-04-02 19:16:57,parole_probation_officer,25-34,en,tablet,inactive,7,2026-04-02 19:46:07,2026-04-08 16:48:00,,2026-04-08 19:26:19,2026-04-04 01:49:19,0,0,no,,,,,,,,yes,1,2,,,0,7,True,False,NYC,False
u_105362,Sacramento,2026-04-02 20:56:56,reentry_org,35-44,en,phone,permit_passed,21,2026-04-03 20:55:00,2026-05-16 21:37:00,2026-05-16 21:37:00,2026-06-03 15:37:00,2026-05-31 14:33:06,0,0,yes,2026-04-02 21:50:56,5.0,Tue|Thu|Fri,evening,3.2,2026-05-27,yes,yes,4,1,2026-06-03,passed,2,21,True,True,Sacramento,False
u_103604,NYC,2026-04-02 21:43:00,paid_social,25-34,en,laptop,inactive,1,2026-04-05 07:47:00,2026-04-05 07:47:00,,2026-04-05 11:25:25,2026-04-02 21:43:00,0,0,no,,,,,,,,no,0,1,,,0,1,True,False,NYC,False
u_104875,Sacramento,2026-04-02 21:56:34,reentry_org,25-34,en,phone,inactive,2,2026-04-02 22:12:26,2026-04-03 21:40:00,,2026-04-07 20:34:39,2026-04-05 21:28:35,0,0,yes,2026-04-02 23:21:34,3.0,Tue|Wed,evening,2.0,2026-06-16,unsure,yes,1,2,,,0,2,True,False,Sacramento,False
u_100514,NYC,2026-04-02 22:22:29,paid_social,25-34,en,phone,not_started,0,,,,2026-04-03 22:16:23,2026-04-02 22:22:29,0,0,yes,2026-04-02 22:54:29,5.0,Mon|Tue|Fri,late_night,2.2,,yes,yes,0,0,,,0,0,False,False,NYC,False
u_103943,NYC,2026-04-03 01:47:31,reentry_org,35-44,en,shared_computer,inactive,2,2026-04-04 21:44:00,2026-04-04 21:34:00,,2026-04-04 23:11:41,2026-04-03 16:24:00,0,0,no,,,,,,,,no,0,1,,,0,2,True,False,NYC,False
u_102088,NYC,2026-04-03 02:13:06,parole_probation_officer,55+,es,phone,inactive,4,2026-04-12 22:21:00,2026-04-18 22:40:00,,2026-04-23 14:30:15,2026-04-16 13:42:22,0,0,no,,,,,,,,no,0,2,,,0,4,True,False,NYC,False
u_102751,NYC,2026-04-03 04:52:57,workforce_center,45-54,en,phone,permit_passed,21,2026-04-03 07:30:13,2026-05-28 20:34:00,2026-05-28 20:34:00,2026-07-09 15:34:00,2026-06-06 23:11:12,0,0,yes,2026-04-03 05:42:57,3.0,Tue|Thu,evening,1.4,2026-06-13,yes,no,0,2,2026-07-09,passed,2,21,True,True,NYC,False
u_103628,NYC,2026-04-03 06:21:58,reentry_org,25-34,en,phone,not_started,0,,,,2026-04-03 19:26:34,2026-04-03 06:21:58,0,0,yes,2026-04-03 07:48:58,3.0,Mon|Sun,evening,1.8,2026-06-16,yes,no,0,0,,,0,0,False,False,NYC,False
u_102022,NYC,2026-04-03 06:57:10,friend_family,45-54,es,phone,inactive,2,2026-04-06 13:55:00,2026-04-10 14:19:00,,2026-04-14 00:48:57,2026-04-07 12:21:57,0,0,yes,2026-04-03 08:20:10,5.0,Mon|Tue|Wed,afternoon,2.7,2026-05-15,unsure,no,0,0,,,0,2,True,False,NYC,False
u_104919,Sacramento,2026-04-03 07:00:46,reentry_org,45-54,en,shared_computer,inactive,1,2026-04-05 16:12:00,2026-04-05 16:12:00,,2026-04-10 03:16:49,2026-04-09 01:15:58,0,0,no,,,,,,,,no,0,0,,,0,1,True,False,Sacramento,False
u_105247,Sacramento,2026-04-03 08:24:36,paid_social,55+,en,shared_computer,not_started,0,,,,2026-04-04 04:14:18,2026-04-03 08:24:36,0,0,yes,2026-04-03 09:10:36,7.0,Mon|Tue|Wed|Fri|Sat,evening,3.2,,no,yes,0,0,,,0,0,False,False,Sacramento,False
u_100980,NYC,2026-04-03 09:00:07,reentry_org,25-34,es,phone,course_complete,21,2026-04-06 23:02:00,2026-05-11 23:50:00,2026-05-11 23:50:00,2026-05-25 00:21:21,2026-05-21 01:04:18,0,0,no,,,,,,,,yes,6,3,,,0,21,True,True,NYC,False
u_104923,Sacramento,2026-04-03 10:14:21,parole_probation_officer,45-54,en,phone,inactive,1,2026-04-05 18:25:00,2026-04-05 18:25:00,,2026-04-06 09:27:06,2026-04-05 23:22:39,0,0,yes,2026-04-03 10:55:21,7.0,Mon|Tue|Thu|Fri|Sun,evening,4.5,2026-05-04,yes,no,0,1,,,0,1,True,False,Sacramento,False
u_103903,NYC,2026-04-03 10:14:40,parole_probation_officer,25-34,en,tablet,not_started,0,,,,2026-04-04 10:51:19,2026-04-03 10:14:40,0,0,no,,,,,,,,no,0,0,,,0,0,False,False,NYC,False
u_100736,NYC,2026-04-03 14:01:38,reentry_org,25-34,en,laptop,inactive,4,2026-04-07 07:18:00,2026-04-22 10:07:00,,2026-04-28 11:28:05,2026-04-27 03:19:14,0,0,no,,,,,,,,no,0,0,,,0,4,True,False,NYC,False
u_103699,NYC,2026-04-03 14:46:03,friend_family,45-54,es,phone,not_started,0,,,,2026-04-05 00:29:39,2026-04-03 14:46:03,0,0,no,,,,,,,,no,0,0,,,0,0,False,False,NYC,False
u_104273,Sacramento,2026-04-03 15:08:31,reentry_org,55+,en,phone,permit_passed,21,2026-04-07 22:03:00,2026-05-24 22:12:00,2026-05-24 22:12:00,2026-06-15 15:12:00,2026-05-23 01:48:41,0,0,no,,,,,,,,yes,3,3,2026-06-15,passed,2,21,True,True,Sacramento,False
u_101446,NYC,2026-04-03 17:16:04,friend_family,25-34,en,phone,inactive,3,2026-04-03 19:15:56,2026-04-10 21:16:00,,2026-04-11 11:53:22,2026-04-10 07:17:20,0,0,no,,,,,,,,no,0,2,,,0,3,True,False,NYC,False
u_100639,NYC,2026-04-03 19:27:18,paid_social,35-44,en,phone,not_started,0,,,,2026-04-04 11:47:17,2026-04-03 19:27:18,0,0,yes,2026-04-03 19:54:18,3.0,Tue|Thu,morning,1.0,2026-06-07,yes,no,0,0,,,0,0,False,False,NYC,False
u_101115,NYC,2026-04-03 21:04:13,workforce_center,18-24,es,phone,not_started,0,,,,2026-04-09 04:31:44,2026-04-08 01:32:31,0,0,no,,,,,,,,no,0,0,,,0,0,False,False,NYC,False
u_100827,NYC,2026-04-03 21:25:28,paid_social,25-34,en,phone,inactive,4,2026-04-03 21:46:07,2026-04-09 22:07:00,,2026-04-11 03:49:20,2026-04-07 02:24:41,0,0,no,,,,,,,,no,0,2,,,0,4,True,False,NYC,False
u_100974,NYC,2026-04-03 21:54:06,workforce_center,18-24,en,phone,inactive,1,2026-04-09 10:37:00,2026-04-09 10:37:00,,2026-04-11 23:08:19,2026-04-11 10:38:42,0,0,yes,2026-04-03 22:42:06,3.0,Fri|Sun,morning,1.4,,yes,no,0,0,,,0,1,True,False,NYC,False
u_100792,NYC,2026-04-03 23:54:32,paid_social,18-24,en,laptop,not_started,0,,,,2026-04-05 07:23:59,2026-04-04 04:57:54,0,0,no,,,,,,,,no,0,0,,,0,0,False,False,NYC,False
u_100106,NYC,2026-04-04 00:24:27,workforce_center,25-34,en,phone,not_started,0,,,,2026-04-04 03:52:36,2026-04-04 00:24:27,0,0,no,,,,,,,,yes,0,0,,,0,0,False,False,NYC,False
u_104715,Sacramento,2026-04-04 02:35:52,paid_social,25-34,en,laptop,inactive,2,2026-04-09 23:59:00,2026-04-14 22:17:00,,2026-04-15 12:56:15,2026-04-11 21:00:22,0,0,yes,2026-04-04 03:13:52,5.0,Mon|Tue|Wed,late_night,1.9,2026-05-21,unsure,no,0,0,,,0,2,True,False,Sacramento,False
u_103961,NYC,2026-04-04 04:59:53,parole_probation_officer,35-44,en,phone,permit_passed,21,2026-04-04 20:48:17,2026-05-08 18:09:00,2026-05-08 18:09:00,2026-05-23 15:09:00,2026-05-09 01:11:58,0,0,yes,2026-04-04 06:16:53,5.0,Tue|Wed|Sat,evening,3.0,2026-05-12,no,no,0,1,2026-05-23,passed,1,21,True,True,NYC,False
u_100636,New York,2026-04-04 05:41:33,reentry_org,55+,en,phone,not_started,0,,,,2026-04-05 05:44:40,2026-04-04 05:41:33,0,0,yes,2026-04-04 06:22:33,5.0,Mon|Thu|Fri,evening,3.5,2026-05-29,unsure,no,0,0,,,0,0,False,False,NYC,False
u_101209,NYC,2026-04-04 06:53:54,workforce_center,25-34,en,phone,inactive,4,2026-04-06 22:17:00,2026-04-11 22:58:00,,2026-04-17 21:43:51,2026-04-13 08:05:39,0,0,no,,,,,,,,yes,1,0,,,0,4,True,False,NYC,False
u_102047,NYC,2026-04-04 07:03:19,friend_family,45-54,es,phone,not_started,0,,,,2026-04-05 20:16:43,2026-04-04 07:03:19,0,0,yes,2026-04-04 08:04:19,5.0,Mon|Tue|Thu,morning,1.8,2026-05-15,no,no,0,0,,,0,0,False,False,NYC,False
u_104562,Sacramento,2026-04-04 07:42:52,paid_social,45-54,en,laptop,inactive,1,2026-04-04 10:01:37,2026-04-04 10:01:37,,2026-04-05 03:12:06,2026-04-04 07:42:52,0,0,no,,,,,,,,no,0,0,,,0,1,True,False,Sacramento,False
u_100681,NYC,2026-04-04 08:14:52,paid_social,18-24,en,laptop,inactive,4,2026-04-04 22:59:17,2026-04-10 11:47:00,,2026-04-22 11:43:33,2026-04-20 05:46:22,0,0,yes,2026-04-04 09:36:52,7.0,Mon|Wed|Thu|Fri|Sat,morning,2.9,,yes,no,0,1,,,0,4,True,False,NYC,False
u_101908,NYC,2026-04-04 11:26:42,paid_social,45-54,en,laptop,inactive,3,2026-04-04 13:44:31,2026-04-11 08:39:00,,2026-04-11 22:44:25,2026-04-07 08:05:54,0,0,yes,2026-04-04 12:13:42,3.0,Tue|Fri,morning,2.6,2026-06-17,unsure,no,0,1,,,0,3,True,False,NYC,False
u_105711,Boston,2026-04-04 12:45:10,parole_probation_officer,25-34,es,phone,inactive,7,2026-04-05 15:38:00,2026-04-13 15:45:00,,2026-04-15 08:30:27,2026-04-09 16:04:08,0,0,yes,2026-04-04 13:15:10,7.0,Tue|Wed|Thu|Fri|Sun,afternoon,3.9,2026-05-02,yes,no,0,3,,,0,7,True,False,Boston,False
u_102318,NYC,2026-04-04 13:37:50,paid_social,25-34,en,phone,inactive,8,2026-04-05 18:42:00,2026-04-18 20:33:00,,2026-04-19 15:49:37,2026-04-13 00:46:33,0,0,yes,2026-04-04 13:57:50,7.0,Mon|Tue|Wed|Thu|Sat,evening,4.1,2026-05-02,unsure,yes,4,1,,,0,8,True,False,NYC,False
u_100408,NYC,2026-04-04 14:17:52,parole_probation_officer,45-54,en,tablet,inactive,3,2026-04-04 15:00:39,2026-04-12 12:40:00,,2026-04-13 06:00:38,2026-04-04 14:17:52,0,0,yes,2026-04-04 15:25:52,10.0,Mon|Tue|Wed|Thu|Fri|Sat|Sun,afternoon,6.0,2026-05-11,yes,yes,3,1,,,0,3,True,False,NYC,False
u_102142,NYC,2026-04-04 19:24:48,parole_probation_officer,18-24,en,phone,permit_passed,21,2026-04-04 22:08:39,2026-05-20 21:50:00,2026-05-20 21:50:00,2026-06-24 15:50:00,2026-05-08 13:49:41,0,0,yes,2026-04-04 20:21:48,7.0,Mon|Wed|Thu|Fri|Sun,evening,3.4,2026-05-07,unsure,no,0,2,2026-06-24,passed,2,21,True,True,NYC,False
u_102771,NYC,2026-04-04 20:24:10,reentry_org,25-34,en,laptop,inactive,14,2026-04-04 21:37:06,2026-05-03 12:30:00,,2026-05-06 05:09:36,2026-04-25 14:37:57,0,0,no,,,,,,,,yes,0,2,,,0,14,True,False,NYC,False
u_105066,Sacramento,2026-04-04 22:25:26,parole_probation_officer,45-54,en,phone,not_started,0,,,,2026-04-07 03:03:32,2026-04-04 22:25:26,0,0,yes,2026-04-04 23:22:26,10.0,Mon|Tue|Wed|Thu|Fri|Sat|Sun,evening,5.7,,yes,yes,0,0,,,0,0,False,False,Sacramento,False
u_103607,NYC,2026-04-05 01:06:33,parole_probation_officer,35-44,es,phone,inactive,3,2026-04-05 01:20:25,2026-04-08 12:57:00,,2026-04-10 18:14:35,2026-04-05 01:06:33,0,0,no,,,,,,,,no,0,2,,,0,3,True,False,NYC,False
u_101080,NYC,2026-04-05 01:09:12,friend_family,55+,en,tablet,inactive,3,2026-04-05 14:02:00,2026-04-09 22:39:00,,2026-04-10 04:41:12,2026-04-05 08:44:04,0,0,yes,2026-04-05 01:38:12,3.0,Tue|Wed,late_night,1.3,2026-06-12,unsure,yes,3,2,,,0,3,True,False,NYC,False
u_104252,Sacramento,2026-04-05 01:36:36,reentry_org,35-44,en,phone,inactive,1,2026-04-05 02:13:53,2026-04-05 02:13:53,,2026-04-05 15:43:13,2026-04-05 01:36:36,0,0,no,,,,,,,,no,0,1,,,0,1,True,False,Sacramento,False
u_103387,NYC,2026-04-05 02:33:19,workforce_center,35-44,en,phone,inactive,3,2026-04-05 05:21:31,2026-04-14 07:14:00,,2026-04-16 22:46:49,2026-04-15 13:15:31,0,0,no,,,,,,,,no,0,1,,,0,3,True,False,NYC,False
u_102285,NYC,2026-04-05 05:52:31,friend_family,35-44,en,laptop,permit_passed,21,2026-04-05 07:47:33,2026-05-04 18:09:00,2026-05-04 18:09:00,2026-05-23 15:09:00,2026-05-01 04:24:40,0,0,no,,,,,,,,no,0,3,2026-05-23,passed,1,21,True,True,NYC,False
u_105756,Boston,2026-04-05 10:06:52,paid_social,45-54,en,phone,course_complete,21,2026-04-05 13:00:49,2026-04-26 17:04:00,2026-04-26 17:04:00,2026-05-01 19:43:01,2026-04-29 04:06:35,0,0,no,,,,,,,,no,0,3,,,0,21,True,True,Boston,False
u_101951,NYC,2026-04-05 11:26:34,paid_social,18-24,en,phone,not_started,0,,,,2026-04-05 15:11:32,2026-04-05 12:39:06,0,0,no,,,,,,,,yes,0,0,,,0,0,False,False,NYC,False
u_102180,NYC,2026-04-05 12:09:00,workforce_center,35-44,en,phone,inactive,1,2026-04-06 17:59:00,2026-04-06 17:59:00,,2026-04-10 23:40:27,2026-04-05 12:09:00,0,0,yes,2026-04-05 12:35:00,7.0,Tue|Wed|Fri|Sat|Sun,evening,2.9,2026-05-20,unsure,no,0,1,,,0,1,True,False,NYC,False
u_101049,NYC,2026-04-05 14:20:05,reentry_org,25-34,en,laptop,course_complete,21,2026-04-06 17:01:00,2026-05-07 20:00:00,2026-05-07 20:00:00,2026-05-17 06:44:56,2026-05-16 11:44:45,0,0,no,,,,,,,,yes,3,1,,,0,21,True,True,NYC,False
u_102731,NYC,2026-04-05 16:16:32,parole_probation_officer,25-34,en,phone,course_complete,21,2026-04-06 19:02:00,2026-06-08 17:09:00,2026-06-08 17:09:00,2026-06-09 09:00:41,2026-06-03 19:13:49,0,0,yes,2026-04-05 16:24:32,3.0,Thu|Fri,evening,0.9,,yes,no,0,2,,,0,21,True,True,NYC,False
u_104310,Sacramento,2026-04-05 20:27:10,reentry_org,45-54,en,phone,inactive,4,2026-04-05 20:43:17,2026-04-13 20:19:00,,2026-04-13 20:32:49,2026-04-10 19:46:24,0,0,yes,2026-04-05 21:18:10,7.0,Mon|Tue|Wed|Thu|Fri,evening,3.8,2026-05-13,yes,no,0,1,,,0,4,True,False,Sacramento,False
u_101256,NYC,2026-04-05 21:42:34,paid_social,45-54,en,laptop,course_complete,21,2026-04-10 16:38:00,2026-04-19 13:53:00,2026-04-19 13:53:00,2026-04-20 07:40:06,2026-04-17 14:42:07,0,0,yes,2026-04-05 23:11:34,10.0,Mon|Tue|Wed|Thu|Fri|Sat|Sun,afternoon,5.6,2026-04-30,yes,no,0,1,,,0,21,True,True,NYC,False
u_102449,NYC,2026-04-05 22:53:23,parole_probation_officer,25-34,en,phone,not_started,0,,,,2026-04-08 21:12:04,2026-04-08 20:07:29,0,0,no,,,,,,,,no,0,0,,,0,0,False,False,NYC,False
u_105170,Sacramento,2026-04-05 23:06:47,reentry_org,25-34,en,phone,inactive,2,2026-04-05 23:31:34,2026-04-09 18:56:00,,2026-04-11 12:32:54,2026-04-09 22:04:03,0,0,no,,,,,,,,no,0,2,,,0,2,True,False,Sacramento,False
u_103945,NYC,2026-04-06 00:05:05,reentry_org,35-44,en,phone,permit_failed,21,2026-04-12 13:48:00,2026-05-08 14:49:00,2026-05-08 14:49:00,2026-06-12 15:49:00,2026-05-16 22:13:54,0,0,no,,,,,,,,no,0,1,2026-06-12,failed,1,21,True,True,NYC,False
u_100020,NYC,2026-04-06 01:42:31,workforce_center,45-54,en,phone,not_started,0,,,,2026-04-08 13:10:15,2026-04-06 01:42:31,0,0,yes,2026-04-06 02:54:31,10.0,Mon|Tue|Wed|Thu|Fri|Sat|Sun,evening,5.6,,yes,yes,0,0,,,0,0,False,False,NYC,False
u_104025,Sacramento,2026-04-06 02:30:44,paid_social,45-54,en,phone,inactive,1,2026-04-07 23:24:00,2026-04-07 23:24:00,,2026-04-11 20:02:18,2026-04-09 19:32:04,0,0,no,,,,,,,,no,0,0,,,0,1,True,False,Sacramento,False
u_101559,NYC,2026-04-06 03:25:19,reentry_org,25-34,en,phone,course_complete,21,2026-04-06 03:41:05,2026-06-10 16:31:00,2026-06-10 16:31:00,2026-06-16 22:26:30,2026-06-15 20:15:34,0,0,yes,2026-04-06 04:21:19,3.0,Tue|Wed,afternoon,0.9,,no,yes,6,2,,,0,21,True,True,NYC,False
u_103654,NYC,2026-04-06 04:09:26,friend_family,25-34,en,phone,course_complete,21,2026-04-08 21:31:00,2026-06-22 17:08:00,2026-06-22 17:08:00,2026-06-23 02:20:19,2026-06-18 13:16:34,0,0,yes,2026-04-06 04:14:26,3.0,Wed|Fri,evening,2.5,2026-06-06,yes,yes,6,1,,,0,21,True,True,NYC,False
u_102175,NYC,2026-04-06 07:49:41,paid_social,35-44,en,phone,course_complete,21,2026-04-12 12:29:00,2026-05-11 16:20:00,2026-05-11 16:20:00,2026-05-15 23:09:40,2026-04-27 14:24:35,0,0,no,,,,,,,,yes,3,1,,,0,21,True,True,NYC,False
u_102279,NYC,2026-04-06 09:36:54,paid_social,25-34,en,phone,inactive,1,2026-04-06 11:50:45,2026-04-06 11:50:45,,2026-04-07 07:58:01,2026-04-06 09:36:54,0,0,no,,,,,,,,no,0,2,,,0,1,True,False,NYC,False
u_104116,Sacramento,2026-04-06 09:42:40,reentry_org,25-34,en,phone,inactive,18,2026-04-06 12:21:55,2026-05-15 20:20:00,,2026-05-17 07:04:16,2026-05-15 21:45:45,0,0,yes,2026-04-06 10:17:40,5.0,Tue|Sat|Sun,evening,3.6,,unsure,yes,1,1,,,0,18,True,False,Sacramento,False
u_100432,NYC,2026-04-06 09:58:22,paid_social,45-54,en,phone,not_started,0,,,,2026-04-07 05:57:26,2026-04-06 09:58:22,0,0,no,,,,,,,,no,0,0,,,0,0,False,False,NYC,False
u_100363,NYC,2026-04-06 11:32:27,reentry_org,35-44,es,phone,inactive,3,2026-04-07 09:28:00,2026-04-11 10:44:00,,2026-04-13 15:58:53,2026-04-12 20:56:31,0,0,yes,2026-04-06 12:47:27,3.0,Thu|Fri,morning,1.7,2026-06-16,no,no,0,0,,,0,3,True,False,NYC,False
u_100993,NYC,2026-04-06 14:14:01,paid_social,25-34,en,laptop,permit_passed,21,2026-04-10 18:26:00,2026-05-17 19:36:00,2026-05-17 19:36:00,2026-06-02 15:36:00,2026-05-19 17:48:35,0,0,no,,,,,,,,yes,1,1,2026-06-02,passed,1,21,True,True,NYC,False
u_105797,Boston,2026-04-06 14:55:04,reentry_org,35-44,en,phone,not_started,0,,,,2026-04-06 15:28:28,2026-04-06 14:55:04,0,0,yes,2026-04-06 15:18:04,5.0,Tue|Wed|Fri,evening,3.6,2026-05-12,yes,yes,0,0,,,0,0,False,False,Boston,False
u_101302,NYC,2026-04-06 15:01:06,paid_social,25-34,en,laptop,not_started,0,,,,2026-04-07 05:48:16,2026-04-06 15:01:06,0,0,yes,2026-04-06 15:36:06,3.0,Mon|Sat,afternoon,2.5,,yes,no,0,0,,,0,0,False,False,NYC,False
u_103179,NYC,2026-04-06 17:39:19,workforce_center,35-44,en,phone,inactive,2,2026-04-06 20:13:48,2026-04-13 07:54:00,,2026-04-14 01:51:15,2026-04-08 13:12:50,0,0,yes,2026-04-06 18:04:19,7.0,Tue|Wed|Thu|Sat|Sun,morning,3.7,2026-05-08,yes,no,0,0,,,0,2,True,False,NYC,False
u_100853,NYC,2026-04-06 19:02:26,paid_social,35-44,es,laptop,not_started,0,,,,2026-04-08 07:01:06,2026-04-07 03:32:59,0,0,no,,,,,,,,no,0,0,,,0,0,False,False,NYC,False
u_103928,NYC,2026-04-06 20:53:27,parole_probation_officer,45-54,en,tablet,inactive,5,2026-04-17 13:56:00,2026-04-25 13:26:00,,2026-04-26 16:33:53,2026-04-25 08:43:37,0,0,yes,2026-04-06 21:27:27,7.0,Mon|Tue|Thu|Fri|Sat,afternoon,3.4,2026-05-07,yes,no,0,1,,,0,5,True,False,NYC,False
u_101613,NYC,2026-04-06 23:48:51,reentry_org,35-44,en,shared_computer,inactive,3,2026-04-17 22:59:00,2026-04-20 22:08:00,,2026-04-23 04:48:57,2026-04-18 16:00:19,0,0,no,,,,,,,,no,0,0,,,0,3,True,False,NYC,False
u_102363,NYC,2026-04-07 00:40:59,paid_social,35-44,en,phone,not_started,0,,,,2026-04-08 15:22:45,2026-04-07 00:40:59,0,0,yes,2026-04-07 01:22:59,10.0,Mon|Tue|Wed|Thu|Fri|Sat|Sun,evening,5.3,2026-04-28,yes,no,0,0,,,0,0,False,False,NYC,False
u_103547,NYC,2026-04-07 01:33:20,friend_family,18-24,es,phone,withdrawn,0,,,,2026-04-07 02:04:36,2026-04-07 01:33:20,0,0,yes,2026-04-07 02:10:20,5.0,Mon|Thu|Fri,morning,3.5,2026-05-17,unsure,no,0,0,,,0,0,False,False,NYC,False
u_105041,Sacramento,2026-04-07 09:37:18,parole_probation_officer,25-34,en,phone,permit_passed,21,2026-04-10 10:45:00,2026-04-30 11:01:00,2026-04-30 11:01:00,2026-05-11 15:01:00,2026-04-29 14:41:00,0,0,yes,2026-04-07 10:38:18,7.0,Mon|Wed|Thu|Sat|Sun,morning,4.5,,yes,yes,4,1,2026-05-11,passed,1,21,True,True,Sacramento,False
u_103380,NYC,2026-04-07 10:40:42,paid_social,45-54,en,laptop,not_started,0,,,,2026-04-07 12:59:22,2026-04-07 10:40:42,0,0,no,,,,,,,,no,0,0,,,0,0,False,False,NYC,False
u_101696,NYC,2026-04-07 19:16:41,friend_family,35-44,en,phone,not_started,0,,,,2026-04-07 19:50:24,2026-04-07 19:16:41,0,0,no,,,,,,,,yes,0,0,,,0,0,False,False,NYC,False
u_101626,NYC,2026-04-07 20:03:41,parole_probation_officer,25-34,en,laptop,not_started,0,,,,2026-04-07 22:33:25,2026-04-07 20:03:41,0,0,no,,,,,,,,no,0,0,,,0,0,False,False,NYC,False
u_103958,NYC,2026-04-07 22:37:58,parole_probation_officer,25-34,en,phone,not_started,0,,,,2026-04-09 22:37:48,2026-04-07 22:37:58,0,0,yes,2026-04-07 23:22:58,7.0,Mon|Tue|Wed|Thu|Sun,evening,4.6,,yes,yes,0,0,,,0,0,False,False,NYC,False
u_102651,NYC,2026-04-07 22:45:54,friend_family,35-44,es,shared_computer,course_complete,21,2026-04-09 16:03:00,2026-05-09 14:16:00,2026-05-09 14:16:00,2026-05-13 16:30:18,2026-05-11 22:24:32,0,0,no,,,,,,,,yes,3,1,,,0,21,True,True,NYC,False
u_101877,NYC,2026-04-08 00:18:09,friend_family,35-44,en,phone,course_complete,21,2026-04-08 03:11:41,2026-05-14 17:31:00,2026-05-14 17:31:00,2026-05-26 01:11:08,2026-05-20 15:30:57,0,0,yes,2026-04-08 01:04:09,5.0,Mon|Wed|Sun,evening,1.9,,yes,no,0,1,,,0,21,True,True,NYC,False
u_104108,Sacramento,2026-04-08 00:33:52,parole_probation_officer,35-44,en,laptop,not_started,0,,,,2026-04-10 19:41:47,2026-04-08 00:33:52,0,0,yes,2026-04-08 00:47:52,5.0,Mon|Thu|Fri,afternoon,2.8,2026-05-23,yes,no,0,0,,,0,0,False,False,Sacramento,False
u_103124,NYC,2026-04-08 02:16:09,parole_probation_officer,45-54,en,laptop,not_started,0,,,,2026-04-12 06:34:27,2026-04-09 05:06:38,0,0,no,,,,,,,,no,0,0,,,0,0,False,False,NYC,False
u_101804,NYC,2026-04-08 05:02:37,workforce_center,35-44,es,laptop,inactive,14,2026-04-08 07:04:36,2026-04-23 22:21:00,,2026-04-26 00:34:59,2026-04-18 18:07:10,0,0,no,,,,,,,,yes,0,2,,,0,14,True,False,NYC,False
u_101537,NYC,2026-04-08 06:26:09,parole_probation_officer,25-34,en,phone,inactive,3,2026-04-08 07:01:19,2026-04-15 13:09:00,,2026-04-16 02:32:03,2026-04-08 06:26:09,0,0,yes,2026-04-08 07:16:09,7.0,Mon|Tue|Wed|Fri|Sun,afternoon,3.0,,yes,no,0,0,,,0,3,True,False,NYC,False
u_103136,NYC,2026-04-08 08:12:52,parole_probation_officer,18-24,en,shared_computer,inactive,3,2026-04-09 06:32:00,2026-04-13 10:32:00,,2026-04-20 00:58:15,2026-04-11 07:48:56,0,0,yes,2026-04-08 08:15:52,5.0,Tue|Thu|Sat,morning,1.8,2026-05-28,yes,no,0,0,,,0,3,True,False,NYC,False
u_101677,NYC,2026-04-08 09:36:44,reentry_org,25-34,en,phone,not_started,0,,,,2026-04-09 04:08:51,2026-04-08 09:36:44,0,0,no,,,,,,,,no,0,0,,,0,0,False,False,NYC,False
u_103313,NYC,2026-04-08 12:44:54,reentry_org,35-44,en,phone,not_started,0,,,,2026-04-10 00:43:42,2026-04-08 12:44:54,0,0,yes,2026-04-08 13:09:54,10.0,Mon|Tue|Wed|Thu|Fri|Sat|Sun,evening,5.3,2026-05-02,no,yes,0,0,,,0,0,False,False,NYC,False
u_104992,Sacramento,2026-04-08 12:57:26,paid_social,35-44,en,phone,inactive,1,2026-04-10 21:10:00,2026-04-10 21:10:00,,2026-04-11 14:46:10,2026-04-11 08:54:38,0,0,no,,,,,,,,no,0,1,,,0,1,True,False,Sacramento,False
u_100856,NYC,2026-04-08 14:18:44,paid_social,25-34,es,laptop,not_started,0,,,,2026-04-09 13:53:40,2026-04-08 14:18:44,0,0,yes,2026-04-08 14:35:44,3.0,Tue|Thu,evening,1.5,2026-06-15,yes,no,0,0,,,0,0,False,False,NYC,False
u_103891,NYC,2026-04-08 16:56:12,friend_family,25-34,en,laptop,course_complete,21,2026-04-08 19:06:33,2026-05-29 13:57:00,2026-05-29 13:57:00,2026-06-02 15:57:02,2026-05-26 11:04:25,0,0,yes,2026-04-08 18:26:12,3.0,Mon|Fri,afternoon,2.6,,no,yes,0,1,,,0,21,True,True,NYC,False
u_104070,Sacramento,2026-04-08 18:49:49,workforce_center,25-34,en,phone,inactive,2,2026-04-08 19:24:26,2026-04-13 19:05:00,,2026-04-14 02:33:34,2026-04-08 18:49:49,0,0,yes,2026-04-08 19:14:49,5.0,Thu|Fri|Sun,evening,1.8,2026-05-23,yes,no,0,0,,,0,2,True,False,Sacramento,False
u_100704,NYC,2026-04-08 19:08:45,friend_family,35-44,en,phone,not_started,0,,,,2026-04-09 19:48:25,2026-04-08 19:08:45,0,0,yes,2026-04-08 20:31:45,5.0,Mon|Sat|Sun,evening,1.9,2026-05-16,no,yes,0,0,,,0,0,False,False,NYC,False
u_104840,Sacramento,2026-04-08 19:10:49,paid_social,25-34,es,phone,not_started,0,,,,2026-04-09 00:27:42,2026-04-08 19:10:49,0,0,yes,2026-04-08 19:32:49,3.0,Mon|Sun,morning,1.6,2026-06-15,no,yes,0,0,,,0,0,False,False,Sacramento,False
u_103312,NYC,2026-04-08 21:15:21,friend_family,25-34,en,tablet,not_started,0,,,,2026-04-09 23:41:59,2026-04-08 21:15:21,0,0,yes,2026-04-08 21:19:21,5.0,Mon|Tue|Fri,late_night,2.3,2026-05-27,yes,yes,0,0,,,0,0,False,False,NYC,False
u_103825,NYC,2026-04-08 21:43:07,parole_probation_officer,25-34,en,laptop,permit_passed,21,2026-04-12 14:26:00,2026-05-12 15:35:00,2026-05-12 15:35:00,2026-06-11 15:35:00,2026-05-11 07:56:11,0,0,yes,2026-04-08 22:28:07,7.0,Mon|Tue|Wed|Fri|Sat,afternoon,3.5,,yes,no,0,2,2026-06-11,passed,1,21,True,True,NYC,False
u_100177,NYC,2026-04-09 00:12:12,friend_family,25-34,en,laptop,inactive,11,2026-04-09 20:48:31,2026-04-29 23:45:00,,2026-05-03 03:56:11,2026-04-29 09:49:30,0,0,yes,2026-04-09 01:20:12,5.0,Wed|Fri|Sat,late_night,3.1,,yes,yes,6,1,,,0,11,True,False,NYC,False
u_101905,NYC,2026-04-09 00:54:01,friend_family,18-24,en,laptop,not_started,0,,,,2026-04-09 18:57:09,2026-04-09 00:54:01,0,0,no,,,,,,,,no,0,0,,,0,0,False,False,NYC,False
u_105500,Boston,2026-04-09 04:15:52,workforce_center,45-54,es,phone,course_complete,21,2026-04-11 20:08:00,2026-06-05 18:28:00,2026-06-05 18:28:00,2026-06-10 02:38:36,2026-06-09 19:30:52,0,0,yes,2026-04-09 04:38:52,3.0,Tue|Thu,evening,2.6,2026-06-16,unsure,no,0,2,,,0,21,True,True,Boston,False
u_103460,NYC,2026-04-09 06:51:41,parole_probation_officer,35-44,en,laptop,permit_passed,21,2026-04-17 09:00:00,2026-05-14 11:44:00,2026-05-14 11:44:00,2026-06-10 15:44:00,2026-05-14 22:32:26,0,0,yes,2026-04-09 07:14:41,5.0,Tue|Wed|Fri,morning,3.3,,yes,yes,0,3,2026-06-10,passed,1,21,True,True,NYC,False
u_103212,NYC,2026-04-09 08:09:54,paid_social,35-44,en,phone,not_started,0,,,,2026-04-10 01:12:34,2026-04-09 08:09:54,0,0,no,,,,,,,,no,0,0,,,0,0,False,False,NYC,False
u_101783,NYC,2026-04-09 10:04:40,parole_probation_officer,18-24,en,laptop,inactive,1,2026-04-09 10:31:00,2026-04-09 10:31:00,,2026-04-09 13:32:02,2026-04-09 10:04:40,0,0,yes,2026-04-09 10:49:40,10.0,Mon|Tue|Wed|Thu|Fri|Sat|Sun,morning,4.5,,no,no,0,1,,,0,1,True,False,NYC,False
u_105137,Sacramento,2026-04-09 12:21:41,workforce_center,35-44,en,phone,not_started,0,,,,2026-04-10 23:22:41,2026-04-09 12:21:41,0,0,no,,,,,,,,no,0,0,,,0,0,False,False,Sacramento,False
u_104323,Sacramento,2026-04-09 13:05:56,friend_family,25-34,en,phone,inactive,4,2026-04-10 18:23:00,2026-04-29 17:15:00,,2026-05-04 22:11:35,2026-05-04 07:25:54,0,0,yes,2026-04-09 14:29:56,5.0,Mon|Thu|Fri,evening,3.7,2026-05-20,no,no,0,0,,,0,4,True,False,Sacramento,False
u_100254,NYC,2026-04-09 18:24:05,workforce_center,35-44,en,phone,permit_passed,21,2026-04-11 18:05:00,2026-05-25 17:38:00,2026-05-25 17:38:00,2026-06-10 15:38:00,2026-05-26 02:52:00,0,0,yes,2026-04-09 18:37:05,5.0,Mon|Thu|Fri,evening,3.3,2026-05-15,yes,yes,6,2,2026-06-10,passed,1,21,True,True,NYC,False
u_103791,NYC,2026-04-09 21:10:35,reentry_org,55+,en,laptop,not_started,0,,,,2026-04-10 20:03:58,2026-04-09 21:10:35,0,0,yes,2026-04-09 21:34:35,7.0,Mon|Wed|Thu|Fri|Sat,evening,4.3,2026-05-17,unsure,no,0,0,,,0,0,False,False,NYC,False
u_100633,NYC,2026-04-10 01:56:41,workforce_center,55+,en,phone,inactive,3,2026-04-10 04:33:35,2026-04-14 19:32:00,,2026-04-14 23:59:16,2026-04-14 13:38:46,0,0,yes,2026-04-10 03:15:41,7.0,Mon|Tue|Thu|Sat|Sun,evening,4.5,2026-05-19,yes,yes,2,1,,,0,3,True,False,NYC,False
u_105175,Sacramento,2026-04-10 03:31:10,reentry_org,25-34,en,phone,not_started,0,,,,2026-04-13 12:21:06,2026-04-10 03:31:10,0,0,no,,,,,,,,no,0,0,,,0,0,False,False,Sacramento,False
u_105517,Boston,2026-04-10 04:58:45,paid_social,18-24,ht,laptop,not_started,0,,,,2026-04-10 21:20:31,2026-04-10 04:58:45,0,0,no,,,,,,,,no,0,0,,,0,0,False,False,Boston,False
u_102600,NYC,2026-04-10 05:17:42,parole_probation_officer,35-44,en,laptop,not_started,0,,,,2026-04-10 11:57:50,2026-04-10 05:17:42,0,0,yes,2026-04-10 05:57:42,5.0,Tue|Fri|Sun,morning,2.2,2026-05-24,yes,yes,0,0,,,0,0,False,False,NYC,False
u_103820,NYC,2026-04-10 09:06:56,paid_social,25-34,en,phone,not_started,0,,,,2026-04-11 09:18:22,2026-04-10 09:06:56,0,0,no,,,,,,,,no,0,0,,,0,0,False,False,NYC,False
u_103740,NYC,2026-04-10 12:06:54,paid_social,35-44,es,laptop,inactive,1,2026-04-10 12:45:09,2026-04-10 12:45:09,,2026-04-11 14:30:02,2026-04-10 12:06:54,0,0,yes,2026-04-10 12:37:54,3.0,Fri|Sun,evening,1.6,2026-06-24,unsure,no,0,0,,,0,1,True,False,NYC,False
u_101911,NYC,2026-04-10 14:03:38,parole_probation_officer,35-44,en,phone,not_started,0,,,,2026-04-10 23:11:50,2026-04-10 14:03:38,0,0,no,,,,,,,,yes,0,0,,,0,0,False,False,NYC,False
u_105379,Sacramento,2026-04-10 16:20:46,paid_social,18-24,es,phone,not_started,0,,,,2026-04-10 17:30:11,2026-04-10 16:20:46,0,0,no,,,,,,,,no,0,0,,,0,0,False,False,Sacramento,False
u_100039,NYC,2026-04-10 18:19:05,reentry_org,18-24,en,phone,course_complete,21,2026-04-10 19:02:42,2026-05-27 14:43:00,2026-05-27 14:43:00,2026-05-29 05:19:19,2026-05-23 02:00:42,0,0,yes,2026-04-10 19:45:05,7.0,Mon|Tue|Fri|Sat|Sun,afternoon,3.5,2026-05-25,yes,no,0,1,,,0,21,True,True,NYC,False
u_102571,NYC,2026-04-10 19:34:53,friend_family,25-34,es,phone,inactive,4,2026-04-10 19:57:55,2026-04-20 14:50:00,,2026-04-28 15:26:37,2026-04-19 17:44:09,0,0,no,,,,,,,,no,0,0,,,0,4,True,False,NYC,False
u_105589,Boston,2026-04-10 19:59:00,reentry_org,35-44,en,phone,course_complete,21,2026-04-11 19:16:00,2026-05-17 17:58:00,2026-05-17 17:58:00,2026-05-21 05:45:42,2026-05-13 17:23:36,0,0,no,,,,,,,,yes,2,3,,,0,21,True,True,Boston,False
u_102659,NYC,2026-04-10 21:17:10,parole_probation_officer,45-54,en,phone,inactive,3,2026-04-11 20:22:00,2026-04-17 20:08:00,,2026-04-19 13:26:29,2026-04-18 04:41:35,0,0,yes,2026-04-10 22:39:10,3.0,Tue|Fri,evening,0.9,2026-06-08,yes,no,0,0,,,0,3,True,False,NYC,False
u_101652,NYC,2026-04-11 02:46:04,workforce_center,18-24,en,laptop,not_started,0,,,,2026-04-11 19:59:49,2026-04-11 02:46:04,0,0,no,,,,,,,,no,0,0,,,0,0,False,False,NYC,False
u_105519,Boston,2026-04-11 09:28:20,parole_probation_officer,25-34,es,phone,withdrawn,19,2026-04-11 12:18:13,2026-05-07 16:39:00,,2026-05-09 02:25:30,2026-05-03 16:13:40,0,0,no,,,,,,,,yes,4,3,,,0,19,True,False,Boston,False
u_103482,NYC,2026-04-11 09:39:52,reentry_org,25-34,en,phone,not_started,0,,,,2026-04-13 05:20:53,2026-04-11 09:39:52,0,0,no,,,,,,,,no,0,0,,,0,0,False,False,NYC,False
u_103763,NYC,2026-04-11 09:41:31,workforce_center,45-54,en,phone,not_started,0,,,,2026-04-11 10:49:24,2026-04-11 09:41:31,0,0,yes,2026-04-11 11:00:31,3.0,Wed|Sun,late_night,1.0,2026-06-15,no,yes,0,0,,,0,0,False,False,NYC,False
u_103634,NYC,2026-04-11 10:04:16,parole_probation_officer,45-54,en,laptop,not_started,0,,,,2026-04-12 04:33:23,2026-04-11 10:04:16,0,0,yes,2026-04-11 10:19:16,7.0,Tue|Wed|Thu|Sat|Sun,afternoon,3.4,2026-05-29,yes,no,0,0,,,0,0,False,False,NYC,False
u_105904,Boston,2026-04-11 10:18:16,reentry_org,25-34,en,phone,permit_passed,21,2026-04-16 16:11:00,2026-05-18 15:28:00,2026-05-18 15:28:00,2026-06-19 15:28:00,2026-05-27 04:23:35,0,0,no,,,,,,,,yes,1,1,2026-06-19,passed,1,21,True,True,Boston,False
u_104863,Sacramento,2026-04-11 11:12:40,parole_probation_officer,25-34,en,phone,inactive,1,2026-04-11 12:23:36,2026-04-11 12:23:36,,2026-04-12 07:20:02,2026-04-11 11:12:40,0,0,yes,2026-04-11 11:41:40,3.0,Mon|Thu,late_night,1.5,,no,no,0,2,,,0,1,True,False,Sacramento,False
u_103549,NYC,2026-04-11 13:07:44,workforce_center,25-34,es,phone,inactive,2,2026-04-11 15:27:21,2026-04-15 23:38:00,,2026-04-17 10:50:15,2026-04-11 13:07:44,0,0,no,,,,,,,,no,0,0,,,0,2,True,False,NYC,False
u_105877,Boston,2026-04-11 15:30:46,friend_family,25-34,en,phone,inactive,1,2026-04-15 08:41:00,2026-04-15 08:41:00,,2026-04-15 09:14:22,2026-04-14 05:05:23,0,0,yes,2026-04-11 15:52:46,5.0,Wed|Fri|Sat,morning,2.8,2026-05-22,yes,no,0,2,,,0,1,True,False,Boston,False
u_103479,NYC,2026-04-11 16:44:45,parole_probation_officer,25-34,es,phone,inactive,5,2026-04-13 20:26:00,2026-04-21 19:10:00,,2026-04-21 23:16:37,2026-04-17 15:12:07,0,0,yes,2026-04-11 18:09:45,7.0,Mon|Wed|Thu|Sat|Sun,evening,3.9,2026-05-19,unsure,yes,1,1,,,0,5,True,False,NYC,False
u_101287,NYC,2026-04-11 17:07:07,parole_probation_officer,25-34,en,laptop,not_started,0,,,,2026-04-12 11:49:19,2026-04-11 17:07:07,0,0,no,,,,,,,,yes,0,0,,,0,0,False,False,NYC,False
u_104352,Sacramento,2026-04-11 17:43:49,paid_social,18-24,en,phone,inactive,20,2026-04-11 18:00:41,2026-05-01 17:18:00,,2026-05-06 16:32:36,2026-05-06 02:27:34,0,0,yes,2026-04-11 18:19:49,10.0,Mon|Tue|Wed|Thu|Fri|Sat|Sun,evening,5.0,2026-05-16,yes,yes,2,1,,,0,20,True,False,Sacramento,False
u_101270,NYC,2026-04-11 17:45:08,paid_social,25-34,en,phone,not_started,0,,,,2026-04-13 03:27:46,2026-04-11 17:45:08,0,0,no,,,,,,,,yes,0,0,,,0,0,False,False,NYC,False
u_105586,Boston,2026-04-11 19:05:28,paid_social,35-44,en,phone,course_complete,21,2026-04-11 19:26:32,2026-05-10 21:59:00,2026-05-10 21:59:00,2026-05-10 22:20:28,2026-05-10 17:12:16,0,0,yes,2026-04-11 19:21:28,7.0,Tue|Wed|Thu|Sat|Sun,evening,3.8,,yes,no,0,3,,,0,21,True,True,Boston,False
u_102224,NYC,2026-04-11 19:24:04,reentry_org,18-24,es,phone,course_complete,21,2026-04-11 19:44:33,2026-05-18 22:02:00,2026-05-18 22:02:00,2026-05-29 09:25:34,2026-05-24 16:15:30,0,0,yes,2026-04-11 19:46:04,7.0,Mon|Tue|Thu|Fri|Sun,late_night,3.5,2026-05-19,no,yes,1,1,,,0,21,True,True,NYC,False
u_101581,NYC,2026-04-11 19:38:28,reentry_org,18-24,en,phone,not_started,0,,,,2026-04-14 03:37:19,2026-04-12 08:43:42,0,0,yes,2026-04-11 20:10:28,7.0,Tue|Wed|Thu|Sat|Sun,evening,4.2,2026-05-25,yes,no,0,0,,,0,0,False,False,NYC,False
u_102396,NYC,2026-04-11 20:26:44,paid_social,25-34,en,phone,not_started,0,,,,2026-04-12 08:39:41,2026-04-11 20:26:44,0,0,no,,,,,,,,yes,0,0,,,0,0,False,False,NYC,False
u_104926,Sacramento,2026-04-11 21:31:24,paid_social,35-44,en,phone,not_started,0,,,,2026-04-12 11:45:52,2026-04-11 21:31:24,0,0,yes,2026-04-11 21:39:24,5.0,Mon|Thu|Sun,afternoon,3.7,2026-06-04,yes,yes,0,0,,,0,0,False,False,Sacramento,False
u_105873,Boston,2026-04-11 22:08:39,paid_social,35-44,en,phone,inactive,2,2026-04-13 15:06:00,2026-04-15 14:56:00,,2026-04-15 18:48:57,2026-04-11 22:08:39,0,0,yes,2026-04-11 23:32:39,7.0,Tue|Wed|Thu|Sat|Sun,afternoon,4.0,,no,no,0,1,,,0,2,True,False,Boston,False
u_102704,NYC,2026-04-11 23:20:17,paid_social,35-44,en,phone,not_started,0,,,,2026-04-16 10:06:16,2026-04-11 23:20:17,0,0,yes,2026-04-12 00:03:17,5.0,Tue|Sat|Sun,evening,2.1,2026-05-20,yes,no,0,0,,,0,0,False,False,NYC,False
u_103255,NYC,2026-04-12 00:20:06,reentry_org,18-24,en,tablet,permit_passed,21,2026-04-12 00:32:16,2026-04-29 15:57:00,2026-04-29 15:57:00,2026-05-25 15:57:00,2026-04-24 22:33:26,0,0,yes,2026-04-12 00:40:06,10.0,Mon|Tue|Wed|Thu|Fri|Sat|Sun,afternoon,4.6,,yes,yes,4,3,2026-05-25,passed,1,21,True,True,NYC,False
u_102441,NYC,2026-04-12 01:25:13,reentry_org,35-44,en,phone,not_started,0,,,,2026-04-14 14:21:57,2026-04-12 16:04:44,0,0,no,,,,,,,,no,0,0,,,0,0,False,False,NYC,False
u_102693,NYC,2026-04-12 02:04:56,friend_family,35-44,en,tablet,inactive,4,2026-04-13 22:36:00,2026-04-15 23:26:00,,2026-04-19 02:55:34,2026-04-14 18:54:16,0,0,yes,2026-04-12 02:07:56,7.0,Mon|Wed|Thu|Fri|Sat,late_night,4.3,,yes,no,0,1,,,0,4,True,False,NYC,False
u_103555,NYC,2026-04-12 02:35:34,reentry_org,35-44,en,phone,inactive,1,2026-04-17 21:02:00,2026-04-17 21:02:00,,2026-04-18 14:25:49,2026-04-13 02:52:00,0,0,yes,2026-04-12 03:40:34,7.0,Mon|Tue|Thu|Fri|Sat,evening,3.5,,yes,yes,6,0,,,0,1,True,False,NYC,False
u_100998,NYC,2026-04-12 04:29:32,friend_family,45-54,en,shared_computer,not_started,0,,,,2026-04-12 11:15:47,2026-04-12 04:29:32,0,0,yes,2026-04-12 05:56:32,10.0,Mon|Tue|Wed|Thu|Fri|Sat|Sun,afternoon,4.6,2026-05-20,yes,no,0,0,,,0,0,False,False,NYC,False
u_100326,NYC,2026-04-12 05:24:34,workforce_center,35-44,en,laptop,inactive,3,2026-04-14 23:30:00,2026-04-22 23:36:00,,2026-04-23 11:06:22,2026-04-16 18:46:36,0,0,no,,,,,,,,no,0,0,,,0,3,True,False,NYC,False
u_104457,Sacramento,2026-04-12 07:00:27,friend_family,35-44,en,phone,not_started,0,,,,2026-04-12 22:04:05,2026-04-12 07:00:27,0,0,no,,,,,,,,no,0,0,,,0,0,False,False,Sacramento,False
u_101232,NYC,2026-04-12 07:05:15,paid_social,35-44,en,shared_computer,inactive,3,2026-04-15 07:35:00,2026-04-22 11:36:00,,2026-04-28 21:03:39,2026-04-27 08:53:53,0,0,no,,,,,,,,yes,0,0,,,0,3,True,False,NYC,False
u_101030,NYC,2026-04-12 07:51:16,paid_social,45-54,en,shared_computer,not_started,0,,,,2026-04-13 01:40:40,2026-04-12 07:51:16,0,0,yes,2026-04-12 09:11:16,3.0,Mon|Wed,afternoon,1.8,2026-06-15,yes,no,0,0,,,0,0,False,False,NYC,False
u_102183,NYC,2026-04-12 08:40:44,reentry_org,25-34,en,phone,permit_failed,21,2026-04-12 10:37:33,2026-05-18 07:48:00,2026-05-18 07:48:00,2026-05-28 15:48:00,2026-05-16 09:27:37,0,0,yes,2026-04-12 08:43:44,7.0,Mon|Wed|Fri|Sat|Sun,morning,3.5,2026-05-26,yes,no,0,2,2026-05-28,failed,1,21,True,True,NYC,False
u_101755,NYC,2026-04-12 08:56:40,paid_social,18-24,en,phone,inactive,3,2026-04-17 18:41:00,2026-04-23 18:52:00,,2026-05-03 11:41:53,2026-05-01 03:22:12,0,0,yes,2026-04-12 10:19:40,7.0,Tue|Wed|Thu|Fri|Sat,evening,3.3,2026-05-11,yes,no,0,1,,,0,3,True,False,NYC,False
u_105540,Boston,2026-04-12 11:56:58,friend_family,35-44,en,phone,not_started,0,,,,2026-04-13 16:12:13,2026-04-12 13:53:41,0,0,yes,2026-04-12 12:08:58,3.0,Wed|Fri,evening,2.4,2026-06-20,yes,yes,0,0,,,0,0,False,False,Boston,False
u_100096,NYC,2026-04-12 12:49:50,friend_family,35-44,es,phone,inactive,3,2026-04-16 07:11:00,2026-04-17 08:33:00,,2026-04-19 22:39:51,2026-04-18 15:55:53,0,0,yes,2026-04-12 12:59:50,10.0,Mon|Tue|Wed|Thu|Fri|Sat|Sun,morning,5.8,2026-05-12,yes,no,0,0,,,0,3,True,False,NYC,False
u_104366,Sacramento,2026-04-12 14:30:26,reentry_org,25-34,en,phone,inactive,2,2026-04-12 15:02:37,2026-04-15 17:14:00,,2026-04-18 22:10:21,2026-04-14 15:28:57,0,0,yes,2026-04-12 15:08:26,7.0,Tue|Wed|Fri|Sat|Sun,evening,2.9,,yes,no,0,0,,,0,2,True,False,Sacramento,False
u_105108,Sacramento,2026-04-12 14:41:01,reentry_org,35-44,es,laptop,permit_passed,21,2026-04-22 17:23:00,2026-05-23 20:19:00,2026-05-23 20:19:00,2026-06-01 15:19:00,2026-05-21 14:50:26,0,0,no,,,,,,,,yes,6,1,2026-06-01,passed,1,21,True,True,Sacramento,False
u_100009,NYC,2026-04-12 15:09:57,reentry_org,25-34,en,phone,inactive,2,2026-04-17 16:09:00,2026-04-20 12:15:00,,2026-04-23 11:33:44,2026-04-21 22:26:37,0,0,no,,,,,,,,yes,1,2,,,0,2,True,False,NYC,False
u_100950,NYC,2026-04-12 15:47:58,friend_family,25-34,en,phone,permit_passed,21,2026-04-12 17:24:22,2026-06-06 16:02:00,2026-06-06 16:02:00,2026-07-05 15:02:00,2026-05-16 07:10:45,0,0,yes,2026-04-12 15:55:58,3.0,Fri|Sat,afternoon,2.4,2026-06-12,yes,no,0,1,2026-07-05,passed,1,21,True,True,NYC,False
u_102525,NYC,2026-04-12 20:21:58,reentry_org,45-54,es,phone,inactive,4,2026-04-24 08:26:00,2026-05-05 11:40:00,,2026-05-07 03:25:33,2026-05-04 00:04:18,0,0,no,,,,,,,,no,0,1,,,0,4,True,False,NYC,False
u_100357,NYC,2026-04-12 21:21:36,reentry_org,55+,en,laptop,not_started,0,,,,2026-04-15 15:09:35,2026-04-14 23:21:33,0,0,no,,,,,,,,no,0,0,,,0,0,False,False,NYC,False
u_102647,NYC,2026-04-13 00:49:13,paid_social,45-54,es,laptop,inactive,3,2026-04-13 01:57:58,2026-04-18 19:46:00,,2026-04-19 21:42:57,2026-04-19 17:45:32,0,0,yes,2026-04-13 01:01:13,3.0,Mon|Fri,evening,1.4,,yes,no,0,1,,,0,3,True,False,NYC,False
u_100907,NYC,2026-04-13 01:21:34,parole_probation_officer,25-34,en,phone,inactive,3,2026-04-13 01:45:50,2026-04-15 15:17:00,,2026-04-16 00:14:15,2026-04-15 10:48:09,0,0,yes,2026-04-13 01:33:34,5.0,Wed|Thu|Sat,afternoon,2.5,,unsure,yes,2,1,,,0,3,True,False,NYC,False
u_105908,Boston,2026-04-13 01:35:35,parole_probation_officer,35-44,ht,phone,inactive,1,2026-04-13 03:36:05,2026-04-13 03:36:05,,2026-04-16 20:16:01,2026-04-15 17:40:38,0,0,yes,2026-04-13 01:47:35,5.0,Mon|Tue|Wed,evening,2.3,,yes,no,0,0,,,0,1,True,False,Boston,False
u_104670,Sacramento,2026-04-13 03:30:25,reentry_org,25-34,en,phone,not_started,0,,,,2026-04-13 11:42:05,2026-04-13 03:30:25,0,0,yes,2026-04-13 04:29:25,5.0,Mon|Tue|Fri,afternoon,3.3,,yes,yes,0,0,,,0,0,False,False,Sacramento,False
u_102486,NYC,2026-04-13 06:01:59,workforce_center,35-44,en,shared_computer,permit_passed,21,2026-04-23 16:19:00,2026-05-29 16:00:00,2026-05-29 16:00:00,2026-06-15 15:00:00,2026-06-01 15:36:31,0,0,no,,,,,,,,yes,0,2,2026-06-15,passed,1,21,True,True,NYC,False
u_100579,NYC,2026-04-13 10:17:34,paid_social,18-24,es,tablet,not_started,0,,,,2026-04-14 01:52:48,2026-04-13 10:17:34,0,0,no,,,,,,,,no,0,0,,,0,0,False,False,NYC,False
u_101474,NYC,2026-04-13 12:04:49,paid_social,45-54,en,phone,inactive,11,2026-04-13 12:19:13,2026-05-02 21:27:00,,2026-05-07 07:28:53,2026-04-24 20:51:21,0,0,yes,2026-04-13 12:27:49,5.0,Tue|Wed|Fri,evening,2.5,,unsure,yes,0,1,,,0,11,True,False,NYC,False
u_103266,NYC,2026-04-13 12:59:28,friend_family,45-54,en,phone,permit_passed,21,2026-04-14 09:06:00,2026-04-30 09:24:00,2026-04-30 09:24:00,2026-05-31 15:24:00,2026-04-28 16:13:12,0,0,no,,,,,,,,yes,0,1,2026-05-31,passed,1,21,True,True,NYC,False
u_104151,Sacramento,2026-04-13 14:20:33,paid_social,25-34,en,phone,inactive,1,2026-04-16 18:34:00,2026-04-16 18:34:00,,2026-04-19 07:12:02,2026-04-13 14:20:33,0,0,yes,2026-04-13 14:53:33,3.0,Tue|Fri,evening,1.7,2026-06-28,no,no,0,1,,,0,1,True,False,Sacramento,False
u_105300,Sacramento,2026-04-13 15:24:42,friend_family,25-34,en,tablet,permit_passed,21,2026-04-13 15:39:35,2026-06-06 17:25:00,2026-06-06 17:25:00,2026-06-22 15:25:00,2026-06-09 07:48:55,0,0,yes,2026-04-13 15:48:42,3.0,Fri|Sat,evening,2.1,2026-06-25,yes,yes,1,3,2026-06-22,passed,1,21,True,True,Sacramento,False
u_104508,Sacramento,2026-04-13 16:04:55,reentry_org,35-44,en,phone,not_started,0,,,,2026-04-15 17:08:48,2026-04-13 16:04:55,0,0,yes,2026-04-13 16:18:55,7.0,Mon|Tue|Wed|Sat|Sun,evening,4.5,2026-05-29,yes,yes,0,0,,,0,0,False,False,Sacramento,False
u_103916,NYC,2026-04-13 19:26:22,paid_social,18-24,en,shared_computer,inactive,3,2026-04-14 23:42:00,2026-04-22 22:58:00,,2026-04-24 08:34:45,2026-04-13 19:26:22,0,0,yes,2026-04-13 19:52:22,3.0,Mon|Wed,late_night,1.4,2026-06-28,yes,no,0,1,,,0,3,True,False,NYC,False
u_100447,NYC,2026-04-13 19:52:29,friend_family,35-44,en,shared_computer,inactive,2,2026-04-15 09:07:00,2026-04-17 09:05:00,,2026-04-18 09:36:57,2026-04-14 21:18:45,0,0,yes,2026-04-13 20:27:29,3.0,Thu|Fri,morning,2.6,2026-06-20,yes,no,0,0,,,0,2,True,False,NYC,False
u_102819,NYC,2026-04-13 23:55:27,reentry_org,25-34,en,phone,permit_passed,21,2026-04-14 20:49:00,2026-05-11 21:41:00,2026-05-11 21:41:00,2026-06-03 15:41:00,2026-05-10 07:37:40,0,0,yes,2026-04-13 23:58:27,3.0,Thu|Sat,evening,2.0,2026-06-12,no,yes,6,1,2026-06-03,passed,1,21,True,True,NYC,False
u_100292,NYC,2026-04-14 01:51:36,friend_family,25-34,en,phone,inactive,3,2026-04-14 02:06:24,2026-04-22 07:44:00,,2026-04-25 12:38:50,2026-04-23 22:35:18,0,0,no,,,,,,,,yes,0,1,,,0,3,True,False,NYC,False
u_100882,NYC,2026-04-14 02:10:50,parole_probation_officer,35-44,en,phone,not_started,0,,,,2026-04-14 05:50:09,2026-04-14 02:16:27,0,0,yes,2026-04-14 02:33:50,10.0,Mon|Tue|Wed|Thu|Fri|Sat|Sun,afternoon,5.6,2026-05-05,no,no,0,0,,,0,0,False,False,NYC,False
u_102081,NYC,2026-04-14 02:49:00,workforce_center,25-34,en,phone,withdrawn,2,2026-04-23 15:14:00,2026-04-23 12:04:00,,2026-04-25 03:12:59,2026-04-21 07:22:50,0,0,yes,2026-04-14 02:53:00,5.0,Thu|Fri|Sun,afternoon,2.0,,yes,no,0,1,,,0,2,True,False,NYC,False
u_105616,Boston,2026-04-14 03:20:36,paid_social,35-44,en,phone,inactive,2,2026-04-21 18:23:00,2026-04-21 20:12:47,,2026-04-25 00:25:55,2026-04-23 11:15:21,0,0,yes,2026-04-14 04:15:36,7.0,Mon|Tue|Wed|Thu|Sun,evening,2.9,2026-05-23,yes,no,0,0,,,0,2,True,False,Boston,False
u_104213,Sacramento,2026-04-14 06:53:05,friend_family,45-54,en,phone,not_started,0,,,,2026-04-15 07:52:15,2026-04-14 06:53:05,0,0,yes,2026-04-14 07:08:05,5.0,Mon|Tue|Sat,afternoon,2.5,2026-05-26,yes,no,0,0,,,0,0,False,False,Sacramento,False
u_105918,Boston,2026-04-14 09:22:06,reentry_org,45-54,en,phone,not_started,0,,,,2026-04-14 21:23:46,2026-04-14 09:22:06,0,0,no,,,,,,,,no,0,0,,,0,0,False,False,Boston,False
u_103470,NYC,2026-04-14 10:04:15,workforce_center,25-34,en,phone,course_complete,21,2026-04-14 10:17:41,2026-05-19 22:57:00,2026-05-19 22:57:00,2026-05-21 00:13:35,2026-05-15 03:46:50,0,0,no,,,,,,,,no,0,2,,,0,21,True,True,NYC,False
u_103251,NYC,2026-04-14 16:40:04,friend_family,35-44,es,tablet,course_complete,21,2026-04-16 21:31:00,2026-05-29 21:41:00,2026-05-29 21:41:00,2026-06-02 13:27:36,2026-06-02 01:11:23,0,0,yes,2026-04-14 16:52:04,3.0,Tue|Sun,evening,1.6,,yes,yes,3,3,,,0,21,True,True,NYC,False
u_101387,NYC,2026-04-14 16:57:44,parole_probation_officer,35-44,en,laptop,not_started,0,,,,2026-04-14 23:38:48,2026-04-14 16:57:44,0,0,yes,2026-04-14 17:31:44,10.0,Mon|Tue|Wed|Thu|Fri|Sat|Sun,evening,5.3,2026-05-17,no,no,0,0,,,0,0,False,False,NYC,False
u_100784,NYC,2026-04-14 19:05:06,parole_probation_officer,45-54,en,phone,course_complete,21,2026-04-15 19:42:00,2026-05-15 18:46:00,2026-05-15 18:46:00,2026-05-22 05:52:52,2026-05-19 17:26:46,0,0,no,,,,,,,,yes,6,2,,,0,21,True,True,NYC,False
u_105250,Sacramento,2026-04-15 01:17:33,reentry_org,25-34,en,phone,inactive,3,2026-04-15 01:31:16,2026-04-22 20:13:00,,2026-04-24 01:14:51,2026-04-15 01:17:33,0,0,no,,,,,,,,no,0,1,,,0,3,True,False,Sacramento,False
u_105060,Sacramento,2026-04-15 01:49:56,parole_probation_officer,18-24,en,phone,not_started,0,,,,2026-04-20 17:02:33,2026-04-16 20:03:40,0,0,no,,,,,,,,no,0,0,,,0,0,False,False,Sacramento,False
u_103507,NYC,2026-04-15 03:17:54,friend_family,35-44,en,phone,not_started,0,,,,2026-04-16 03:38:03,2026-04-15 05:05:56,0,0,yes,2026-04-15 03:52:54,7.0,Wed|Thu|Fri|Sat|Sun,late_night,3.4,2026-05-26,yes,no,0,0,,,0,0,False,False,NYC,False
u_104618,Sacramento,2026-04-15 04:22:03,paid_social,35-44,en,phone,not_started,0,,,,2026-04-15 19:35:09,2026-04-15 04:22:03,0,0,yes,2026-04-15 05:47:03,10.0,Mon|Tue|Wed|Thu|Fri|Sat|Sun,morning,5.2,2026-05-20,unsure,no,0,0,,,0,0,False,False,Sacramento,False
u_102031,NYC,2026-04-15 04:51:57,parole_probation_officer,35-44,en,laptop,not_started,0,,,,2026-04-16 11:41:05,2026-04-15 04:51:57,0,0,no,,,,,,,,yes,0,0,,,0,0,False,False,NYC,False
u_101526,NYC,2026-04-15 05:40:17,reentry_org,35-44,en,shared_computer,inactive,4,2026-04-19 16:37:00,2026-04-25 13:51:00,,2026-04-26 14:07:06,2026-04-23 18:08:36,0,0,no,,,,,,,,no,0,0,,,0,4,True,False,NYC,False
u_104023,Sacramento,2026-04-15 06:03:15,paid_social,35-44,en,phone,course_complete,21,2026-04-15 07:44:06,2026-05-16 21:02:00,2026-05-16 21:02:00,2026-06-02 17:38:59,2026-05-21 17:10:58,0,0,no,,,,,,,,no,0,1,,,0,21,True,True,Sacramento,False
u_100416,NYC,2026-04-15 06:30:30,paid_social,25-34,en,phone,not_started,0,,,,2026-04-17 10:33:06,2026-04-16 02:47:27,0,0,yes,2026-04-15 06:41:30,10.0,Mon|Tue|Wed|Thu|Fri|Sat|Sun,afternoon,5.9,,yes,yes,0,0,,,0,0,False,False,NYC,False
u_101369,NYC,2026-04-15 08:03:57,paid_social,45-54,en,laptop,not_started,0,,,,2026-04-16 03:43:05,2026-04-15 19:09:24,0,0,no,,,,,,,,no,0,0,,,0,0,False,False,NYC,False
u_100825,NYC,2026-04-15 10:14:04,reentry_org,35-44,en,laptop,permit_passed,21,2026-04-15 10:29:44,2026-05-31 17:43:00,2026-05-31 17:43:00,2026-07-18 15:43:00,2026-05-30 15:28:49,0,0,yes,2026-04-15 10:59:04,3.0,Mon|Wed,evening,0.9,,yes,yes,0,1,2026-07-18,passed,2,21,True,True,NYC,False
u_102425,NYC,2026-04-15 10:46:07,friend_family,35-44,en,phone,inactive,4,2026-04-17 20:49:00,2026-04-26 18:15:00,,2026-04-28 18:16:54,2026-04-25 12:51:28,0,0,yes,2026-04-15 11:13:07,3.0,Sat|Sun,evening,0.9,2026-06-20,no,no,0,1,,,0,4,True,False,NYC,False
u_105874,Boston,2026-04-15 11:33:59,reentry_org,25-34,en,tablet,inactive,2,2026-04-15 12:18:50,2026-04-19 23:48:00,,2026-04-21 03:21:57,2026-04-16 22:53:26,0,0,no,,,,,,,,no,0,0,,,0,2,True,False,Boston,False
u_104964,Sacramento,2026-04-15 13:24:31,paid_social,25-34,en,tablet,inactive,4,2026-04-15 14:58:34,2026-05-04 22:31:00,,2026-05-05 20:55:02,2026-05-04 09:45:32,0,0,yes,2026-04-15 14:01:31,10.0,Mon|Tue|Wed|Thu|Fri|Sat|Sun,late_night,4.8,,yes,no,0,2,,,0,4,True,False,Sacramento,False
u_105326,Sacramento,2026-04-15 14:45:02,friend_family,18-24,en,phone,inactive,2,2026-04-20 23:07:00,2026-04-21 23:06:00,,2026-04-26 03:45:44,2026-04-23 22:28:56,0,0,no,,,,,,,,no,0,0,,,0,2,True,False,Sacramento,False
u_101195,NYC,2026-04-15 16:26:55,reentry_org,25-34,en,phone,not_started,0,,,,2026-04-16 14:15:40,2026-04-16 10:07:08,0,0,yes,2026-04-15 17:25:55,3.0,Wed|Fri,evening,2.5,,no,no,0,0,,,0,0,False,False,NYC,False
u_100249,NYC,2026-04-15 17:59:39,friend_family,18-24,en,phone,not_started,0,,,,2026-04-18 15:31:01,2026-04-18 00:40:49,0,0,no,,,,,,,,yes,0,0,,,0,0,False,False,NYC,False
u_101336,NYC,2026-04-15 22:45:55,parole_probation_officer,25-34,es,phone,permit_failed,21,2026-04-15 23:18:25,2026-05-17 09:56:00,2026-05-17 09:56:00,2026-06-12 07:29:16,2026-06-02 16:10:19,0,0,yes,2026-04-15 22:52:55,5.0,Wed|Sat|Sun,morning,2.2,,yes,yes,0,3,2026-05-30,failed,1,21,True,True,NYC,False
u_101341,New York,2026-04-16 02:51:08,friend_family,25-34,en,laptop,permit_passed,21,2026-04-16 03:07:31,2026-04-29 10:57:00,2026-04-29 10:57:00,2026-05-26 15:57:00,2026-04-29 09:29:52,0,0,no,,,,,,,,yes,1,2,2026-05-26,passed,1,21,True,True,NYC,False
u_103934,NYC,2026-04-16 04:20:49,workforce_center,45-54,en,laptop,permit_passed,21,2026-04-18 20:52:00,2026-06-09 20:57:00,2026-06-09 20:57:00,2026-06-26 15:57:00,2026-06-13 15:07:32,0,0,yes,2026-04-16 05:11:49,3.0,Mon|Fri,evening,1.7,2026-06-20,yes,no,0,1,2026-06-26,passed,1,21,True,True,NYC,False
u_103965,NYC,2026-04-16 04:39:46,paid_social,35-44,en,tablet,permit_passed,21,2026-04-16 04:46:02,2026-05-05 15:42:00,2026-05-05 15:42:00,2026-06-19 15:42:00,2026-05-09 12:22:23,0,0,yes,2026-04-16 05:50:46,10.0,Mon|Tue|Wed|Thu|Fri|Sat|Sun,afternoon,4.1,2026-05-07,unsure,no,0,2,2026-06-19,passed,2,21,True,True,NYC,False
u_102624,NYC,2026-04-16 05:23:23,paid_social,45-54,es,phone,inactive,2,2026-04-17 06:45:00,2026-04-20 11:20:00,,2026-04-24 02:40:53,2026-04-19 18:33:58,0,0,yes,2026-04-16 06:23:23,3.0,Mon|Thu,morning,1.4,2026-06-23,yes,no,0,1,,,0,2,True,False,NYC,False
u_101271,NYC,2026-04-16 08:34:30,reentry_org,45-54,en,phone,inactive,3,2026-04-20 17:25:00,2026-04-29 17:31:00,,2026-04-30 22:15:52,2026-04-26 14:05:40,0,0,yes,2026-04-16 08:58:30,5.0,Mon|Wed|Sun,evening,3.0,2026-06-08,no,yes,3,1,,,0,3,True,False,NYC,False
u_104107,Sacramento,2026-04-16 08:42:33,paid_social,35-44,es,laptop,not_started,0,,,,2026-04-16 18:43:48,2026-04-16 08:42:33,0,0,yes,2026-04-16 09:09:33,3.0,Fri|Sat,evening,1.6,2026-06-29,unsure,no,0,0,,,0,0,False,False,Sacramento,False
u_104745,Sacramento,2026-04-16 08:59:27,workforce_center,18-24,en,phone,not_started,0,,,,2026-04-17 17:54:15,2026-04-16 08:59:27,0,0,no,,,,,,,,no,0,0,,,0,0,False,False,Sacramento,False
u_103643,NYC,2026-04-16 09:37:10,paid_social,45-54,en,phone,inactive,4,2026-04-21 16:24:00,2026-05-05 14:45:00,,2026-05-13 07:26:10,2026-05-09 13:25:51,0,0,yes,2026-04-16 09:40:10,3.0,Wed|Thu,afternoon,2.4,2026-06-26,yes,no,0,0,,,0,4,True,False,NYC,False
u_102048,NYC,2026-04-16 11:46:56,paid_social,18-24,es,phone,inactive,2,2026-04-17 17:03:00,2026-04-17 18:45:00,,2026-04-18 19:48:42,2026-04-16 11:46:56,0,0,yes,2026-04-16 12:08:56,5.0,Mon|Tue|Wed,evening,2.1,,yes,yes,0,0,,,0,2,True,False,NYC,False
u_104218,Sacramento,2026-04-16 12:37:56,reentry_org,25-34,en,shared_computer,permit_passed,21,2026-04-16 12:53:16,2026-05-29 20:45:00,2026-05-29 20:45:00,2026-06-05 15:45:00,2026-05-30 03:57:10,0,0,yes,2026-04-16 13:42:56,5.0,Mon|Thu|Fri,evening,2.5,2026-05-24,yes,yes,1,2,2026-06-05,passed,1,21,True,True,Sacramento,False
u_104166,Sacramento,2026-04-16 13:27:27,paid_social,45-54,en,laptop,not_started,0,,,,2026-04-17 18:47:10,2026-04-16 13:27:27,0,0,yes,2026-04-16 13:36:27,5.0,Mon|Wed|Sat,afternoon,2.8,2026-06-08,unsure,no,0,0,,,0,0,False,False,Sacramento,False
u_103707,NYC,2026-04-16 14:21:26,reentry_org,25-34,en,laptop,course_complete,21,2026-04-17 08:29:00,2026-05-03 06:26:00,2026-05-03 06:26:00,2026-05-03 13:25:47,2026-04-23 14:36:12,0,0,no,,,,,,,,yes,0,2,,,0,21,True,True,NYC,False
u_103597,NYC,2026-04-16 19:03:21,paid_social,25-34,es,phone,not_started,0,,,,2026-04-18 07:31:38,2026-04-16 19:03:21,0,0,no,,,,,,,,no,0,0,,,0,0,False,False,NYC,False
u_103270,NYC,2026-04-16 23:15:34,parole_probation_officer,55+,en,phone,inactive,2,2026-04-18 10:16:00,2026-04-20 11:54:00,,2026-04-21 04:46:43,2026-04-18 03:09:30,0,0,no,,,,,,,,no,0,1,,,0,2,True,False,NYC,False
u_102417,NYC,2026-04-17 02:41:23,paid_social,35-44,en,phone,inactive,2,2026-04-17 02:58:13,2026-04-17 14:22:00,,2026-04-19 18:54:39,2026-04-17 02:41:23,0,0,no,,,,,,,,no,0,1,,,0,2,True,False,NYC,False
u_102129,NYC,2026-04-17 02:41:30,parole_probation_officer,35-44,en,shared_computer,inactive,12,2026-04-22 21:12:00,2026-05-13 21:14:00,,2026-05-16 15:56:19,2026-05-11 06:37:09,0,0,yes,2026-04-17 04:10:30,5.0,Thu|Fri|Sat,evening,3.5,2026-06-12,unsure,yes,2,2,,,0,12,True,False,NYC,False
u_104194,Sacramento,2026-04-17 03:51:32,workforce_center,25-34,en,laptop,course_complete,21,2026-04-22 17:13:00,2026-05-23 17:28:00,2026-05-23 17:28:00,2026-05-26 13:50:07,2026-05-22 08:00:57,0,0,no,,,,,,,,no,0,1,,,0,21,True,True,Sacramento,False
u_104832,Sacramento,2026-04-17 04:41:33,paid_social,35-44,es,phone,course_complete,21,2026-04-17 04:51:06,2026-06-06 11:54:00,2026-06-06 11:54:00,2026-06-07 11:18:58,2026-05-31 16:51:48,0,0,yes,2026-04-17 06:08:33,3.0,Wed|Sun,morning,0.9,2026-06-29,no,yes,6,2,,,0,21,True,True,Sacramento,False
u_101214,NYC,2026-04-17 06:31:18,paid_social,35-44,en,shared_computer,inactive,3,2026-04-17 08:58:09,2026-04-23 23:14:00,,2026-04-27 00:14:00,2026-04-24 12:46:23,0,0,no,,,,,,,,no,0,0,,,0,3,True,False,NYC,False
u_100332,NYC,2026-04-17 07:21:35,reentry_org,25-34,en,phone,not_started,0,,,,2026-04-19 06:20:18,2026-04-17 07:21:35,0,0,yes,2026-04-17 08:11:35,7.0,Mon|Tue|Thu|Sat|Sun,morning,2.8,2026-05-26,yes,yes,0,0,,,0,0,False,False,NYC,False
u_102079,NYC,2026-04-17 08:32:07,paid_social,25-34,es,laptop,not_started,0,,,,2026-04-20 01:20:11,2026-04-18 13:16:42,0,0,yes,2026-04-17 09:46:07,7.0,Wed|Thu|Fri|Sat|Sun,late_night,2.8,,yes,yes,0,0,,,0,0,False,False,NYC,False
u_105609,Boston,2026-04-17 11:11:32,paid_social,25-34,ht,shared_computer,permit_passed,21,2026-04-19 11:38:00,2026-05-05 07:16:00,2026-05-05 07:16:00,2026-06-06 15:16:00,2026-05-11 16:46:14,0,0,yes,2026-04-17 11:52:32,5.0,Mon|Tue|Thu,morning,3.4,2026-06-11,yes,no,0,1,2026-06-06,passed,1,21,True,True,Boston,False
u_101795,NYC,2026-04-17 11:17:33,friend_family,25-34,en,shared_computer,inactive,3,2026-04-17 11:53:39,2026-05-03 19:20:00,,2026-05-04 09:46:35,2026-05-02 22:42:15,0,0,yes,2026-04-17 12:21:33,7.0,Tue|Thu|Fri|Sat|Sun,evening,3.5,,yes,yes,2,0,,,0,3,True,False,NYC,False
u_102977,NYC,2026-04-17 11:35:26,parole_probation_officer,25-34,es,phone,not_started,0,,,,2026-04-18 23:48:42,2026-04-17 11:35:26,0,0,no,,,,,,,,no,0,0,,,0,0,False,False,NYC,False
u_103074,NYC,2026-04-17 14:21:24,parole_probation_officer,25-34,en,phone,course_complete,21,2026-04-20 22:09:00,2026-06-12 22:03:00,2026-06-12 22:03:00,2026-06-15 08:08:47,2026-06-11 07:30:30,0,0,yes,2026-04-17 14:55:24,3.0,Tue|Sat,late_night,1.2,2026-06-14,no,no,0,3,,,0,21,True,True,NYC,False
u_105864,Boston,2026-04-17 14:25:43,paid_social,25-34,en,laptop,inactive,2,2026-04-17 14:58:41,2026-04-18 08:38:00,,2026-04-19 09:11:14,2026-04-17 14:25:43,0,0,no,,,,,,,,no,0,1,,,0,2,True,False,Boston,False
u_100156,NYC,2026-04-17 14:44:48,paid_social,25-34,en,laptop,not_started,0,,,,2026-04-18 14:52:26,2026-04-17 14:44:48,0,0,yes,2026-04-17 15:06:48,3.0,Thu|Sun,evening,1.1,2026-07-02,yes,no,0,0,,,0,0,False,False,NYC,False
u_100756,NYC,2026-04-17 15:02:22,paid_social,35-44,en,phone,not_started,0,,,,2026-04-18 16:07:53,2026-04-17 15:02:22,0,0,yes,2026-04-17 16:25:22,3.0,Wed|Sat,evening,2.1,,unsure,no,0,0,,,0,0,False,False,NYC,False
u_102772,NYC,2026-04-17 15:06:15,parole_probation_officer,18-24,en,shared_computer,inactive,3,2026-04-20 18:02:00,2026-04-26 20:32:00,,2026-05-02 05:41:44,2026-04-29 21:50:38,0,0,yes,2026-04-17 15:17:15,10.0,Mon|Tue|Wed|Thu|Fri|Sat|Sun,evening,5.5,2026-05-19,no,no,0,1,,,0,3,True,False,NYC,False
u_105307,Sacramento,2026-04-17 15:24:48,paid_social,35-44,en,laptop,not_started,0,,,,2026-04-18 05:44:55,2026-04-17 15:24:48,0,0,yes,2026-04-17 16:11:48,5.0,Tue|Thu|Sat,evening,2.3,,no,no,0,0,,,0,0,False,False,Sacramento,False
u_100443,NYC,2026-04-17 15:30:53,paid_social,35-44,es,phone,inactive,2,2026-04-23 20:51:00,2026-04-23 18:38:00,,2026-04-24 13:29:34,2026-04-21 14:09:21,0,0,no,,,,,,,,no,0,2,,,0,2,True,False,NYC,False
u_100366,NYC,2026-04-17 16:42:29,reentry_org,18-24,en,phone,course_complete,21,2026-04-17 17:26:54,2026-05-09 20:49:00,2026-05-09 20:49:00,2026-05-19 03:30:34,2026-05-14 20:28:38,0,0,yes,2026-04-17 17:11:29,10.0,Mon|Tue|Wed|Thu|Fri|Sat|Sun,evening,5.6,2026-05-11,yes,yes,1,2,,,0,21,True,True,NYC,False
u_102338,NYC,2026-04-17 18:37:03,friend_family,35-44,en,phone,course_complete,21,2026-04-18 09:02:00,2026-04-29 07:36:00,2026-04-29 07:36:00,2026-04-30 16:59:33,2026-04-25 03:33:20,0,0,yes,2026-04-17 18:53:03,10.0,Mon|Tue|Wed|Thu|Fri|Sat|Sun,morning,5.9,2026-05-10,no,no,0,1,,,0,21,True,True,NYC,False
u_101708,NYC,2026-04-17 19:39:54,workforce_center,35-44,en,phone,not_started,0,,,,2026-04-18 03:10:13,2026-04-18 00:29:36,0,0,yes,2026-04-17 20:04:54,7.0,Wed|Thu|Fri|Sat|Sun,afternoon,3.0,2026-05-29,no,no,0,0,,,0,0,False,False,NYC,False
u_105774,Boston,2026-04-17 20:06:04,paid_social,35-44,en,phone,withdrawn,0,,,,2026-04-17 21:19:29,2026-04-17 20:06:04,0,0,yes,2026-04-17 20:23:04,5.0,Tue|Wed|Fri,evening,2.2,,yes,yes,0,0,,,0,0,False,False,Boston,False
u_102439,NYC,2026-04-17 20:51:36,workforce_center,25-34,en,shared_computer,not_started,0,,,,2026-04-20 08:18:28,2026-04-17 20:51:36,0,0,yes,2026-04-17 22:04:36,5.0,Tue|Wed|Sun,afternoon,2.9,2026-05-30,unsure,no,0,0,,,0,0,False,False,NYC,False
u_104798,Sacramento,2026-04-17 22:49:51,reentry_org,25-34,en,laptop,not_started,0,,,,2026-04-19 07:41:59,2026-04-19 06:21:12,0,0,yes,2026-04-17 23:48:51,3.0,Tue|Fri,morning,1.9,2026-06-17,no,yes,0,0,,,0,0,False,False,Sacramento,False
u_101189,NYC,2026-04-17 23:41:25,parole_probation_officer,35-44,en,laptop,inactive,4,2026-04-23 23:24:00,2026-05-04 23:26:00,,2026-05-06 06:58:47,2026-05-05 10:27:51,0,0,yes,2026-04-18 00:58:25,5.0,Mon|Tue|Sat,late_night,2.7,2026-06-08,yes,no,0,1,,,0,4,True,False,NYC,False
u_104746,Sacramento,2026-04-18 00:58:31,parole_probation_officer,35-44,en,laptop,course_complete,21,2026-04-19 19:13:00,2026-05-25 20:12:00,2026-05-25 20:12:00,2026-05-30 20:55:36,2026-05-27 02:43:23,0,0,yes,2026-04-18 01:47:31,7.0,Tue|Wed|Thu|Sat|Sun,evening,3.9,,unsure,no,0,2,,,0,21,True,True,Sacramento,False
u_105478,Boston,2026-04-18 01:02:37,reentry_org,45-54,en,phone,course_complete,21,2026-04-18 01:20:29,2026-05-06 21:42:00,2026-05-06 21:42:00,2026-05-08 16:15:22,2026-05-01 07:58:41,0,0,yes,2026-04-18 01:33:37,10.0,Mon|Tue|Wed|Thu|Fri|Sat|Sun,evening,5.2,2026-05-20,unsure,no,0,1,,,0,21,True,True,Boston,False
u_101017,NYC,2026-04-18 03:02:49,reentry_org,18-24,en,laptop,inactive,1,2026-04-20 11:09:00,2026-04-20 11:09:00,,2026-04-21 15:33:41,2026-04-18 03:02:49,0,0,yes,2026-04-18 04:06:49,7.0,Mon|Wed|Fri|Sat|Sun,morning,3.3,2026-05-28,yes,no,0,2,,,0,1,True,False,NYC,False
u_104206,Sacramento,2026-04-18 03:49:20,friend_family,18-24,en,phone,inactive,3,2026-04-19 16:44:00,2026-04-23 13:13:00,,2026-04-24 07:01:00,2026-04-18 03:49:20,0,0,no,,,,,,,,no,0,1,,,0,3,True,False,Sacramento,False
u_104838,Sacramento,2026-04-18 04:57:46,parole_probation_officer,35-44,es,phone,not_started,0,,,,2026-04-18 06:50:34,2026-04-18 04:57:46,0,0,no,,,,,,,,no,0,0,,,0,0,False,False,Sacramento,False
u_102376,NYC,2026-04-18 06:22:03,parole_probation_officer,35-44,en,tablet,course_complete,21,2026-04-23 23:53:00,2026-06-06 22:50:00,2026-06-06 22:50:00,2026-06-12 22:51:34,2026-06-12 04:58:30,0,0,yes,2026-04-18 07:12:03,5.0,Mon|Tue|Thu,late_night,3.3,2026-06-14,no,no,0,1,,,0,21,True,True,NYC,False
u_104572,Sacramento,2026-04-18 08:04:55,paid_social,25-34,en,laptop,inactive,2,2026-04-18 08:36:56,2026-04-19 23:26:00,,2026-04-30 13:14:10,2026-04-28 04:45:41,0,0,yes,2026-04-18 08:19:55,3.0,Wed|Fri,late_night,2.5,,yes,no,0,0,,,0,2,True,False,Sacramento,False
u_100496,NYC,2026-04-18 11:04:08,reentry_org,25-34,en,phone,permit_passed,21,2026-04-20 23:41:00,2026-05-28 23:14:00,2026-05-28 23:14:00,2026-06-25 15:14:00,2026-06-01 01:57:37,0,0,yes,2026-04-18 12:02:08,7.0,Mon|Wed|Thu|Fri|Sat,late_night,4.6,,unsure,no,0,3,2026-06-25,passed,1,21,True,True,NYC,False
u_102946,NYC,2026-04-18 11:44:33,paid_social,35-44,en,phone,course_complete,21,2026-04-18 13:10:46,2026-06-08 23:46:00,2026-06-08 23:46:00,2026-06-18 01:30:14,2026-06-12 10:13:10,0,0,no,,,,,,,,no,0,1,,,0,21,True,True,NYC,False
u_100140,NYC,2026-04-18 12:39:38,paid_social,35-44,es,phone,inactive,3,2026-04-18 12:48:03,2026-04-21 19:17:00,,2026-04-26 04:06:51,2026-04-25 20:08:30,0,0,yes,2026-04-18 13:40:38,3.0,Tue|Thu,evening,1.5,,yes,no,0,0,,,0,3,True,False,NYC,False
u_103490,NYC,2026-04-18 14:28:21,paid_social,35-44,en,phone,course_complete,21,2026-04-21 23:26:00,2026-06-13 22:41:00,2026-06-13 22:41:00,2026-06-17 09:50:06,2026-06-02 19:33:54,0,0,yes,2026-04-18 15:26:21,5.0,Mon|Tue|Sun,late_night,2.8,2026-06-14,unsure,yes,1,1,,,0,21,True,True,NYC,False
u_100503,NYC,2026-04-18 14:32:59,parole_probation_officer,25-34,en,phone,course_complete,21,2026-04-18 15:02:55,2026-05-12 10:51:00,2026-05-12 10:51:00,2026-06-05 03:15:25,2026-05-26 00:01:06,0,0,yes,2026-04-18 14:46:59,5.0,Mon|Fri|Sat,morning,3.6,2026-06-02,yes,yes,1,1,,,0,21,True,True,NYC,False
u_100600,NYC,2026-04-18 15:17:23,reentry_org,25-34,en,tablet,not_started,0,,,,2026-04-19 06:46:20,2026-04-18 15:17:23,0,0,yes,2026-04-18 16:07:23,7.0,Mon|Wed|Thu|Fri|Sun,late_night,4.5,2026-05-24,yes,no,0,0,,,0,0,False,False,NYC,False
u_102090,nyc,2026-04-18 18:18:13,workforce_center,18-24,en,tablet,inactive,1,2026-04-30 11:39:00,2026-04-30 11:39:00,,2026-05-08 14:25:28,2026-05-08 11:03:10,0,0,no,,,,,,,,no,0,1,,,0,1,True,False,NYC,False
u_104946,Sacramento,2026-04-18 20:58:44,reentry_org,25-34,en,phone,inactive,18,2026-04-18 21:16:25,2026-05-25 23:17:00,,2026-05-30 05:17:55,2026-05-26 08:33:49,0,0,no,,,,,,,,yes,0,2,,,0,18,True,False,Sacramento,False
u_100659,NYC,2026-04-18 23:21:23,paid_social,25-34,en,tablet,not_started,0,,,,2026-04-19 23:23:29,2026-04-18 23:21:23,0,0,yes,2026-04-19 00:25:23,10.0,Mon|Tue|Wed|Thu|Fri|Sat|Sun,evening,4.3,2026-05-09,yes,no,0,0,,,0,0,False,False,NYC,False
u_101936,nyc,2026-04-19 00:12:05,paid_social,25-34,en,phone,permit_failed,21,2026-04-21 23:43:00,2026-05-23 22:47:00,2026-05-23 22:47:00,2026-06-16 15:47:00,2026-05-08 06:19:03,0,0,yes,2026-04-19 01:27:05,10.0,Mon|Tue|Wed|Thu|Fri|Sat|Sun,late_night,4.0,2026-05-16,no,yes,6,3,2026-06-16,failed,1,21,True,True,NYC,False
u_101280,NYC,2026-04-19 02:13:08,reentry_org,25-34,en,phone,not_started,0,,,,2026-04-19 12:14:51,2026-04-19 02:13:08,0,0,no,,,,,,,,no,0,0,,,0,0,False,False,NYC,False
u_102422,NYC,2026-04-19 04:50:02,workforce_center,25-34,en,shared_computer,inactive,2,2026-04-21 11:59:00,2026-04-22 09:56:00,,2026-04-24 15:49:20,2026-04-19 12:58:49,0,0,yes,2026-04-19 05:36:02,3.0,Fri|Sat,morning,2.0,,no,yes,1,0,,,0,2,True,False,NYC,False
u_102793,NYC,2026-04-19 05:07:44,friend_family,35-44,en,phone,course_complete,21,2026-04-20 17:20:00,2026-05-19 19:25:00,2026-05-19 19:25:00,2026-05-29 18:39:49,2026-05-23 16:55:06,0,0,yes,2026-04-19 06:00:44,10.0,Mon|Tue|Wed|Thu|Fri|Sat|Sun,evening,5.2,2026-05-14,yes,yes,2,1,,,0,21,True,True,NYC,False
u_104401,Sacramento,2026-04-19 06:14:05,paid_social,18-24,es,phone,permit_failed,21,2026-04-19 08:08:33,2026-05-22 23:43:00,2026-05-22 23:43:00,2026-05-31 15:43:00,2026-05-11 20:26:29,0,0,yes,2026-04-19 07:43:05,10.0,Mon|Tue|Wed|Thu|Fri|Sat|Sun,late_night,5.1,2026-05-18,yes,no,0,2,2026-05-31,failed,1,21,True,True,Sacramento,False
u_102314,NYC,2026-04-19 08:00:03,paid_social,18-24,en,phone,inactive,1,2026-04-29 22:52:00,2026-04-29 22:52:00,,2026-04-30 19:56:40,2026-04-30 06:17:55,0,0,no,,,,,,,,no,0,1,,,0,1,True,False,NYC,False
u_102162,NYC,2026-04-19 10:27:31,reentry_org,35-44,en,phone,inactive,2,2026-04-22 23:32:00,2026-04-25 22:38:00,,2026-04-26 11:10:56,2026-04-25 20:31:19,0,0,no,,,,,,,,no,0,1,,,0,2,True,False,NYC,False
u_105648,Boston,2026-04-19 10:40:43,friend_family,25-34,en,laptop,inactive,3,2026-04-19 10:56:20,2026-04-24 16:07:00,,2026-04-26 15:15:56,2026-04-26 13:31:16,0,0,no,,,,,,,,no,0,1,,,0,3,True,False,Boston,False
u_100989,NYC,2026-04-19 10:53:38,workforce_center,35-44,en,laptop,not_started,0,,,,2026-04-20 08:29:06,2026-04-19 10:53:38,0,0,yes,2026-04-19 11:04:38,5.0,Mon|Sat|Sun,evening,2.3,2026-06-15,yes,no,0,0,,,0,0,False,False,NYC,False
u_105015,Sacramento,2026-04-19 13:14:41,reentry_org,35-44,en,shared_computer,inactive,1,2026-04-22 17:28:00,2026-04-22 17:28:00,,2026-04-30 00:10:47,2026-04-20 14:20:47,0,0,yes,2026-04-19 14:38:41,7.0,Wed|Thu|Fri|Sat|Sun,evening,3.7,2026-05-30,no,no,0,1,,,0,1,True,False,Sacramento,False
u_103225,NYC,2026-04-19 13:17:02,parole_probation_officer,18-24,en,laptop,inactive,4,2026-04-22 21:46:00,2026-05-02 17:24:00,,2026-05-03 18:47:07,2026-04-19 13:17:02,0,0,yes,2026-04-19 13:56:02,3.0,Sat|Sun,evening,2.0,2026-06-28,yes,yes,0,0,,,0,4,True,False,NYC,False
u_105465,Boston,2026-04-19 15:19:55,paid_social,35-44,en,phone,inactive,4,2026-04-20 22:07:00,2026-04-24 23:14:00,,2026-04-25 09:51:51,2026-04-19 15:19:55,0,0,yes,2026-04-19 15:50:55,10.0,Mon|Tue|Wed|Thu|Fri|Sat|Sun,late_night,4.6,,yes,yes,1,0,,,0,4,True,False,Boston,False
u_105070,Sacramento,2026-04-19 16:18:39,friend_family,25-34,en,phone,inactive,1,2026-04-19 16:38:44,2026-04-19 16:38:44,,2026-04-22 01:40:18,2026-04-19 16:18:39,0,0,no,,,,,,,,no,0,2,,,0,1,True,False,Sacramento,False
u_103323,NYC,2026-04-19 19:21:04,friend_family,35-44,en,phone,inactive,19,2026-04-19 19:33:27,2026-05-02 11:34:00,,2026-05-03 03:13:40,2026-05-01 06:56:57,0,0,yes,2026-04-19 20:51:04,7.0,Mon|Tue|Wed|Fri|Sun,morning,3.2,2026-05-24,yes,yes,1,1,,,0,19,True,False,NYC,False
u_100321,NYC,2026-04-19 19:59:42,friend_family,35-44,en,laptop,course_complete,21,2026-04-25 23:31:00,2026-05-26 23:16:00,2026-05-26 23:16:00,2026-05-30 04:15:28,2026-05-29 18:26:23,0,0,no,,,,,,,,no,0,2,,,0,21,True,True,NYC,False
u_105468,Boston,2026-04-19 20:30:47,paid_social,35-44,en,shared_computer,not_started,0,,,,2026-04-21 06:59:06,2026-04-20 19:31:56,0,0,yes,2026-04-19 20:56:47,10.0,Mon|Tue|Wed|Thu|Fri|Sat|Sun,afternoon,5.3,2026-05-31,yes,no,0,0,,,0,0,False,False,Boston,False
u_101903,NYC,2026-04-19 20:56:34,paid_social,45-54,en,phone,not_started,0,,,,2026-04-20 08:30:35,2026-04-19 20:56:34,0,0,no,,,,,,,,no,0,0,,,0,0,False,False,NYC,False
u_105171,Sacramento,2026-04-19 21:15:38,paid_social,25-34,es,phone,not_started,0,,,,2026-04-20 23:17:53,2026-04-19 21:15:38,0,0,no,,,,,,,,no,0,0,,,0,0,False,False,Sacramento,False
u_102910,NYC,2026-04-19 21:25:41,paid_social,35-44,en,phone,inactive,9,2026-04-19 21:42:17,2026-05-21 22:40:00,,2026-05-22 03:32:41,2026-05-20 02:49:38,0,0,yes,2026-04-19 22:09:41,3.0,Mon|Wed,late_night,1.8,,yes,no,0,1,,,0,9,True,False,NYC,False
u_102904,NYC,2026-04-19 22:12:54,parole_probation_officer,18-24,en,laptop,not_started,0,,,,2026-04-22 08:15:49,2026-04-19 22:12:54,0,0,yes,2026-04-19 22:25:54,3.0,Thu|Fri,late_night,1.5,,yes,no,0,0,,,0,0,False,False,NYC,False
u_100857,NYC,2026-04-19 22:48:43,paid_social,25-34,en,laptop,inactive,4,2026-04-20 16:52:00,2026-04-28 16:47:00,,2026-05-02 17:51:52,2026-04-20 03:09:06,0,0,yes,2026-04-20 00:14:43,3.0,Wed|Sat,afternoon,2.6,,no,no,0,1,,,0,4,True,False,NYC,False
u_105437,Sacramento,2026-04-20 00:14:44,workforce_center,25-34,en,shared_computer,permit_passed,21,2026-04-20 00:45:49,2026-05-16 14:27:00,2026-05-16 14:27:00,2026-06-02 15:27:00,2026-05-13 15:02:16,0,0,no,,,,,,,,yes,0,1,2026-06-02,passed,1,21,True,True,Sacramento,False
u_100467,NYC,2026-04-20 01:04:04,reentry_org,45-54,en,phone,inactive,2,2026-04-27 21:12:00,2026-04-28 19:28:00,,2026-05-07 12:22:39,2026-05-06 15:19:33,0,0,yes,2026-04-20 01:23:04,7.0,Mon|Tue|Wed|Fri|Sun,evening,3.6,2026-05-25,yes,yes,0,1,,,0,2,True,False,NYC,False
u_100262,NYC,2026-04-20 02:41:15,friend_family,35-44,en,phone,not_started,0,,,,2026-04-20 10:49:54,2026-04-20 02:41:15,0,0,no,,,,,,,,no,0,0,,,0,0,False,False,NYC,False
u_100393,NYC,2026-04-20 04:53:09,paid_social,35-44,en,laptop,inactive,3,2026-04-20 05:03:25,2026-04-28 17:04:00,,2026-04-30 10:46:37,2026-04-30 05:58:36,0,0,no,,,,,,,,no,0,0,,,0,3,True,False,NYC,False
u_100558,NYC,2026-04-20 05:05:09,paid_social,25-34,en,phone,course_complete,21,2026-04-20 05:22:28,2026-05-27 12:06:00,2026-05-27 12:06:00,2026-06-07 03:48:35,2026-06-05 05:03:25,0,0,yes,2026-04-20 06:33:09,5.0,Tue|Fri|Sat,afternoon,2.7,2026-06-01,yes,no,0,3,,,0,21,True,True,NYC,False
u_104708,Sacramento,2026-04-20 06:33:46,reentry_org,18-24,en,phone,course_complete,21,2026-04-21 10:14:00,2026-05-20 09:16:00,2026-05-20 09:16:00,2026-05-28 02:53:51,2026-05-27 02:00:56,0,0,no,,,,,,,,no,0,3,,,0,21,True,True,Sacramento,False
u_105012,Sacramento,2026-04-20 08:10:31,reentry_org,35-44,en,laptop,course_complete,21,2026-04-27 11:51:00,2026-05-25 06:31:00,2026-05-25 06:31:00,2026-05-26 05:14:49,2026-05-17 13:12:07,0,0,no,,,,,,,,yes,1,2,,,0,21,True,True,Sacramento,False
u_103038,NYC,2026-04-20 08:21:28,workforce_center,25-34,en,phone,inactive,18,2026-04-20 08:37:24,2026-05-23 21:57:00,,2026-05-25 05:20:53,2026-05-24 01:57:22,0,0,yes,2026-04-20 09:05:28,3.0,Mon|Fri,evening,1.4,2026-06-22,unsure,no,0,1,,,0,18,True,False,NYC,False
u_104242,Sacramento,2026-04-20 09:14:10,parole_probation_officer,18-24,en,phone,inactive,4,2026-04-20 10:20:16,2026-04-30 20:10:00,,2026-05-04 05:33:51,2026-05-01 04:30:07,0,0,yes,2026-04-20 09:49:10,5.0,Mon|Thu|Fri,evening,2.2,2026-06-01,yes,no,0,1,,,0,4,True,False,Sacramento,False
u_104239,Sacramento,2026-04-20 10:19:19,friend_family,25-34,en,shared_computer,inactive,3,2026-04-26 23:14:00,2026-04-30 22:34:00,,2026-05-02 17:04:32,2026-04-30 03:31:16,0,0,no,,,,,,,,no,0,1,,,0,3,True,False,Sacramento,False
u_101397,NYC,2026-04-20 10:34:38,paid_social,45-54,es,phone,inactive,1,2026-04-26 13:24:00,2026-04-26 13:24:00,,2026-04-29 13:16:06,2026-04-26 19:55:29,0,0,no,,,,,,,,no,0,0,,,0,1,True,False,NYC,False
u_104223,Sacramento,2026-04-20 12:49:05,workforce_center,55+,en,phone,not_started,0,,,,2026-04-21 08:17:47,2026-04-20 12:49:05,0,0,yes,2026-04-20 14:12:05,7.0,Tue|Wed|Thu|Fri|Sun,evening,3.2,2026-05-19,yes,no,0,0,,,0,0,False,False,Sacramento,False
u_101276,NYC,2026-04-20 13:19:18,reentry_org,25-34,en,phone,not_started,0,,,,2026-04-24 10:03:30,2026-04-23 01:18:30,0,0,yes,2026-04-20 13:32:18,3.0,Thu|Sun,evening,2.0,2026-06-18,yes,no,0,0,,,0,0,False,False,NYC,False
u_101228,NYC,2026-04-20 16:37:30,parole_probation_officer,25-34,en,phone,course_complete,21,2026-04-20 18:32:21,2026-06-07 19:42:00,2026-06-07 19:42:00,2026-06-11 03:14:58,2026-06-07 14:01:29,0,0,yes,2026-04-20 17:54:30,5.0,Tue|Wed|Thu,evening,3.6,,unsure,yes,3,2,,,0,21,True,True,NYC,False
u_102325,NYC,2026-04-20 18:14:56,reentry_org,25-34,es,phone,not_started,0,,,,2026-04-22 10:08:12,2026-04-21 19:07:09,0,0,yes,2026-04-20 19:32:56,3.0,Mon|Tue,afternoon,2.1,2026-07-01,unsure,yes,0,0,,,0,0,False,False,NYC,False
u_102288,NYC,2026-04-20 20:20:32,paid_social,25-34,es,tablet,inactive,2,2026-04-20 20:37:09,2026-04-21 08:56:00,,2026-04-21 12:46:37,2026-04-20 20:20:32,0,0,yes,2026-04-20 20:32:32,3.0,Wed|Thu,morning,2.1,2026-06-16,yes,no,0,0,,,0,2,True,False,NYC,False
u_101980,NYC,2026-04-20 20:28:34,workforce_center,18-24,en,phone,not_started,0,,,,2026-04-21 02:57:39,2026-04-20 20:28:34,0,0,yes,2026-04-20 21:53:34,3.0,Sat|Sun,morning,2.4,,yes,yes,0,0,,,0,0,False,False,NYC,False
u_102357,NYC,2026-04-20 21:02:22,reentry_org,35-44,en,laptop,inactive,3,2026-04-21 20:18:00,2026-05-01 20:27:00,,2026-05-04 19:25:15,2026-05-01 14:11:09,0,0,no,,,,,,,,no,0,1,,,0,3,True,False,NYC,False
u_100830,NYC,2026-04-20 23:41:29,reentry_org,18-24,en,phone,course_complete,21,2026-04-21 19:48:00,2026-05-27 19:09:00,2026-05-27 19:09:00,2026-05-31 01:12:56,2026-05-26 09:55:33,0,0,yes,2026-04-21 00:17:29,5.0,Thu|Fri|Sun,evening,3.0,2026-06-03,no,yes,6,2,,,0,21,True,True,NYC,False
u_102616,NYC,2026-04-21 00:17:41,reentry_org,35-44,en,phone,not_started,0,,,,2026-04-21 16:42:51,2026-04-21 00:17:41,0,0,no,,,,,,,,no,0,0,,,0,0,False,False,NYC,False
u_102520,NYC,2026-04-21 00:21:01,workforce_center,25-34,en,laptop,inactive,1,2026-04-26 17:42:00,2026-04-26 17:42:00,,2026-04-27 12:52:40,2026-04-26 09:39:26,0,0,yes,2026-04-21 01:17:01,7.0,Tue|Wed|Thu|Sat|Sun,evening,2.8,2026-06-07,yes,no,0,2,,,0,1,True,False,NYC,False
u_102581,NYC,2026-04-21 02:04:48,workforce_center,25-34,en,phone,inactive,1,2026-04-21 04:29:06,2026-04-21 04:29:06,,2026-04-23 06:55:43,2026-04-23 01:30:23,0,0,no,,,,,,,,no,0,2,,,0,1,True,False,NYC,False
u_103586,NYC,2026-04-21 05:18:18,reentry_org,18-24,en,phone,permit_failed,21,2026-04-21 05:55:48,2026-05-15 12:19:00,2026-05-15 12:19:00,2026-06-11 15:19:00,2026-05-18 06:33:17,0,0,no,,,,,,,,yes,6,1,2026-06-11,failed,2,21,True,True,NYC,False
u_105883,Boston,2026-04-21 05:32:06,paid_social,35-44,en,phone,not_started,0,,,,2026-04-21 05:44:40,2026-04-21 05:32:06,0,0,no,,,,,,,,no,0,0,,,0,0,False,False,Boston,False
u_104770,Sacramento,2026-04-21 07:04:28,reentry_org,45-54,en,laptop,not_started,0,,,,2026-04-21 19:33:30,2026-04-21 07:04:28,0,0,yes,2026-04-21 08:03:28,5.0,Mon|Tue|Wed,morning,2.7,2026-06-12,unsure,no,0,0,,,0,0,False,False,Sacramento,False
u_102465,NYC,2026-04-21 08:34:41,parole_probation_officer,35-44,en,phone,not_started,0,,,,2026-04-23 23:15:10,2026-04-21 08:34:41,0,0,yes,2026-04-21 09:57:41,3.0,Wed|Fri,evening,2.8,2026-06-28,yes,no,0,0,,,0,0,False,False,NYC,False
u_102435,NYC,2026-04-21 09:05:41,workforce_center,18-24,en,laptop,course_complete,21,2026-04-22 11:17:00,2026-06-12 09:51:00,2026-06-12 09:51:00,2026-06-16 18:26:52,2026-06-10 03:24:41,0,0,yes,2026-04-21 09:27:41,3.0,Wed|Fri,morning,2.1,2026-06-23,yes,yes,2,1,,,0,21,True,True,NYC,False
u_103193,NYC,2026-04-21 11:53:17,parole_probation_officer,35-44,en,phone,course_complete,21,2026-04-21 12:29:17,2026-05-27 22:34:00,2026-05-27 22:34:00,2026-06-03 10:00:38,2026-05-28 18:28:23,0,0,yes,2026-04-21 12:06:17,7.0,Tue|Wed|Fri|Sat|Sun,late_night,2.9,2026-05-22,unsure,no,0,1,,,0,21,True,True,NYC,False
u_105457,Boston,2026-04-21 14:42:33,parole_probation_officer,25-34,es,laptop,not_started,0,,,,2026-04-22 22:46:00,2026-04-21 14:42:33,0,0,yes,2026-04-21 15:05:33,3.0,Tue|Sun,late_night,1.5,2026-06-30,yes,yes,0,0,,,0,0,False,False,Boston,False
u_105402,Sacramento,2026-04-21 16:10:53,reentry_org,18-24,en,laptop,inactive,4,2026-04-22 21:43:00,2026-05-03 17:03:00,,2026-05-04 09:12:01,2026-05-04 06:31:43,0,0,no,,,,,,,,no,0,0,,,0,4,True,False,Sacramento,False
u_100158,NYC,2026-04-21 18:41:31,parole_probation_officer,25-34,en,laptop,permit_passed,21,2026-04-22 12:34:00,2026-05-19 15:53:00,2026-05-19 15:53:00,2026-06-17 15:53:00,2026-05-19 00:39:44,0,0,no,,,,,,,,no,0,3,2026-06-17,passed,1,21,True,True,NYC,False
u_102824,NYC,2026-04-21 20:49:22,paid_social,25-34,en,phone,not_started,0,,,,2026-04-22 12:58:36,2026-04-21 20:49:22,0,0,yes,2026-04-21 21:07:22,5.0,Thu|Fri|Sun,evening,1.9,,yes,no,0,0,,,0,0,False,False,NYC,False
u_103541,NYC,2026-04-21 21:31:49,paid_social,35-44,en,phone,not_started,0,,,,2026-04-22 06:22:57,2026-04-21 21:31:49,0,0,yes,2026-04-21 22:05:49,3.0,Tue|Fri,afternoon,2.3,,yes,no,0,0,,,0,0,False,False,NYC,False
u_101674,NYC,2026-04-21 23:27:09,paid_social,35-44,en,phone,inactive,4,2026-04-22 23:43:00,2026-05-01 23:57:00,,2026-05-03 13:32:56,2026-05-02 07:13:06,0,0,no,,,,,,,,yes,0,2,,,0,4,True,False,NYC,False
u_103632,NYC,2026-04-22 00:06:58,reentry_org,25-34,en,laptop,inactive,12,2026-04-22 01:17:13,2026-05-09 16:00:00,,2026-05-14 06:42:29,2026-05-11 21:14:22,0,0,no,,,,,,,,yes,3,1,,,0,12,True,False,NYC,False
u_103139,NYC,2026-04-22 01:07:30,reentry_org,18-24,en,tablet,inactive,16,2026-04-28 12:39:00,2026-05-10 16:32:00,,2026-05-12 06:47:53,2026-05-11 08:32:43,0,0,yes,2026-04-22 02:22:30,10.0,Mon|Tue|Wed|Thu|Fri|Sat|Sun,afternoon,4.7,,unsure,yes,1,1,,,0,16,True,False,NYC,False
u_102930,NYC,2026-04-22 01:20:37,paid_social,18-24,en,phone,course_complete,21,2026-04-26 17:35:00,2026-05-22 19:04:00,2026-05-22 19:04:00,2026-06-05 19:34:47,2026-05-29 01:02:57,0,0,yes,2026-04-22 01:54:37,7.0,Mon|Tue|Thu|Fri|Sun,evening,4.0,2026-05-30,no,no,0,2,,,0,21,True,True,NYC,False
u_104607,Sacramento,2026-04-22 01:30:09,friend_family,45-54,es,phone,inactive,1,2026-04-22 03:35:31,2026-04-22 03:35:31,,2026-04-22 14:18:59,2026-04-22 09:37:21,0,0,yes,2026-04-22 02:48:09,5.0,Mon|Wed|Thu,evening,3.5,2026-05-29,no,no,0,2,,,0,1,True,False,Sacramento,False
u_103522,NYC,2026-04-22 01:39:27,paid_social,18-24,en,tablet,inactive,3,2026-04-27 18:23:00,2026-05-01 17:13:00,,2026-05-03 13:44:12,2026-04-27 06:27:58,0,0,yes,2026-04-22 02:33:27,7.0,Mon|Tue|Fri|Sat|Sun,evening,4.5,,yes,no,0,1,,,0,3,True,False,NYC,False
u_102159,NYC,2026-04-22 03:56:17,paid_social,25-34,en,tablet,not_started,0,,,,2026-04-22 20:58:19,2026-04-22 03:56:17,0,0,no,,,,,,,,no,0,0,,,0,0,False,False,NYC,False
u_103361,NYC,2026-04-22 05:24:13,paid_social,35-44,es,shared_computer,course_complete,21,2026-04-25 08:39:00,2026-05-25 12:48:00,2026-05-25 12:48:00,2026-05-28 14:15:11,2026-05-27 12:18:40,0,0,yes,2026-04-22 05:42:13,5.0,Tue|Wed|Sat,morning,2.3,2026-05-29,yes,no,0,1,,,0,21,True,True,NYC,False
u_105381,Sacramento,2026-04-22 06:17:15,paid_social,35-44,en,phone,not_started,0,,,,2026-04-24 16:33:16,2026-04-22 06:17:15,0,0,yes,2026-04-22 06:57:15,5.0,Wed|Fri|Sat,evening,2.8,,no,yes,0,0,,,0,0,False,False,Sacramento,False
u_103365,NYC,2026-04-22 07:46:42,friend_family,25-34,en,phone,permit_failed,21,2026-04-24 14:12:00,2026-06-10 12:36:00,2026-06-10 12:36:00,2026-06-24 15:36:00,2026-06-05 15:45:33,0,0,yes,2026-04-22 08:35:42,7.0,Tue|Thu|Fri|Sat|Sun,afternoon,4.5,2026-06-06,no,yes,6,2,2026-06-24,failed,1,21,True,True,NYC,False
u_105206,Sacramento,2026-04-22 09:56:15,friend_family,25-34,en,laptop,inactive,3,2026-04-23 22:17:00,2026-04-30 23:50:00,,2026-05-03 18:38:54,2026-05-03 16:31:55,0,0,yes,2026-04-22 10:51:15,7.0,Tue|Wed|Fri|Sat|Sun,late_night,4.5,2026-05-22,yes,yes,1,2,,,0,3,True,False,Sacramento,False
u_100058,NYC,2026-04-22 10:23:09,parole_probation_officer,35-44,en,shared_computer,inactive,1,2026-04-24 22:30:00,2026-04-24 22:30:00,,2026-04-25 13:45:15,2026-04-23 22:03:07,0,0,yes,2026-04-22 11:47:09,5.0,Wed|Thu|Sat,late_night,1.9,2026-06-16,yes,no,0,2,,,0,1,True,False,NYC,False
u_102679,NYC,2026-04-22 11:58:05,reentry_org,55+,en,phone,course_complete,21,2026-04-22 12:11:40,2026-05-26 19:48:00,2026-05-26 19:48:00,2026-05-31 20:01:27,2026-05-10 16:36:30,0,0,yes,2026-04-22 12:40:05,7.0,Mon|Tue|Wed|Fri|Sun,evening,2.9,2026-06-05,unsure,yes,3,1,,,0,21,True,True,NYC,False
u_100336,NYC,2026-04-22 12:58:22,reentry_org,35-44,en,laptop,not_started,0,,,,2026-04-22 15:45:41,2026-04-22 12:58:22,0,0,yes,2026-04-22 13:37:22,7.0,Tue|Wed|Fri|Sat|Sun,afternoon,3.1,2026-06-04,yes,no,0,0,,,0,0,False,False,NYC,False
u_102143,NYC,2026-04-22 13:21:23,parole_probation_officer,45-54,en,phone,inactive,2,2026-04-22 14:54:47,2026-04-28 21:51:00,,2026-04-29 08:25:46,2026-04-29 04:31:36,0,0,yes,2026-04-22 13:37:23,5.0,Tue|Wed|Fri,evening,2.1,2026-06-18,yes,no,0,0,,,0,2,True,False,NYC,False
u_105668,Boston,2026-04-22 13:31:19,reentry_org,18-24,en,phone,inactive,3,2026-04-22 15:56:12,2026-04-26 19:58:00,,2026-05-05 09:07:17,2026-04-27 11:07:12,0,0,yes,2026-04-22 13:42:19,5.0,Wed|Fri|Sun,evening,3.2,,yes,yes,1,2,,,0,3,True,False,Boston,False
u_104174,Sacramento,2026-04-22 19:57:20,reentry_org,25-34,en,laptop,permit_failed,21,2026-05-04 11:38:00,2026-05-30 10:12:00,2026-05-30 10:12:00,2026-06-09 15:12:00,2026-06-03 09:33:31,0,0,yes,2026-04-22 21:17:20,5.0,Wed|Sat|Sun,morning,3.3,,yes,no,0,3,2026-06-09,failed,1,21,True,True,Sacramento,False
u_105561,Boston,2026-04-22 21:09:36,reentry_org,25-34,en,laptop,inactive,9,2026-04-22 21:24:49,2026-04-29 11:44:00,,2026-04-29 23:33:44,2026-04-22 21:09:36,0,0,yes,2026-04-22 21:44:36,5.0,Mon|Wed|Sat,morning,2.6,2026-06-04,unsure,yes,1,1,,,0,9,True,False,Boston,False
u_104827,Sacramento,2026-04-22 21:12:14,workforce_center,45-54,en,laptop,permit_passed,21,2026-04-28 08:21:00,2026-05-26 08:07:00,2026-05-26 08:07:00,2026-06-25 15:07:00,2026-06-06 22:08:01,0,0,yes,2026-04-22 22:24:14,7.0,Mon|Tue|Wed|Sat|Sun,morning,2.8,2026-05-29,yes,no,0,2,2026-06-25,passed,2,21,True,True,Sacramento,False
u_102786,NYC,2026-04-23 03:41:52,workforce_center,25-34,en,phone,not_started,0,,,,2026-04-26 14:29:27,2026-04-23 17:32:57,0,0,yes,2026-04-23 04:08:52,3.0,Fri|Sat,late_night,1.0,2026-06-18,unsure,no,0,0,,,0,0,False,False,NYC,False
u_100464,NYC,2026-04-23 05:24:28,parole_probation_officer,25-34,en,phone,course_complete,21,2026-04-25 20:22:00,2026-05-23 20:11:00,2026-05-23 20:11:00,2026-05-31 20:38:41,2026-05-31 08:01:12,0,0,yes,2026-04-23 06:03:28,10.0,Mon|Tue|Wed|Thu|Fri|Sat|Sun,evening,4.6,,no,no,0,3,,,0,21,True,True,NYC,False
u_100229,NYC,2026-04-23 06:07:27,reentry_org,25-34,en,phone,inactive,4,2026-04-24 16:37:00,2026-04-27 12:32:00,,2026-04-28 09:16:28,2026-04-27 19:47:01,0,0,yes,2026-04-23 07:34:27,7.0,Mon|Tue|Thu|Fri|Sun,afternoon,3.9,2026-06-09,yes,no,0,1,,,0,4,True,False,NYC,False
u_100338,NYC,2026-04-23 08:09:28,reentry_org,35-44,en,shared_computer,course_complete,21,2026-04-26 08:41:00,2026-05-23 12:00:00,2026-05-23 12:00:00,2026-05-30 03:42:36,2026-05-22 18:23:32,0,0,no,,,,,,,,yes,6,2,,,0,21,True,True,NYC,False
u_100598,NYC,2026-04-23 12:59:17,parole_probation_officer,55+,es,phone,course_complete,21,2026-04-23 14:32:30,2026-05-26 19:57:00,2026-05-26 19:57:00,2026-05-27 01:14:28,2026-05-22 23:40:09,0,0,yes,2026-04-23 14:14:17,5.0,Mon|Thu|Sat,evening,1.8,2026-06-03,yes,no,0,3,,,0,21,True,True,NYC,False
u_101992,NYC,2026-04-23 13:35:32,friend_family,25-34,en,phone,not_started,0,,,,2026-04-24 02:00:28,2026-04-23 13:35:32,0,0,yes,2026-04-23 14:11:32,5.0,Tue|Thu|Sun,late_night,2.8,,yes,no,0,0,,,0,0,False,False,NYC,False
u_101823,NYC,2026-04-23 15:09:45,paid_social,25-34,en,phone,permit_passed,21,2026-04-23 15:34:03,2026-05-11 16:09:00,2026-05-11 16:09:00,2026-05-22 15:09:00,2026-05-11 14:39:18,0,0,yes,2026-04-23 16:27:45,10.0,Mon|Tue|Wed|Thu|Fri|Sat|Sun,afternoon,6.0,2026-05-20,no,no,0,2,2026-05-22,passed,1,21,True,True,NYC,False
u_102214,NYC,2026-04-23 17:46:16,paid_social,45-54,en,laptop,inactive,1,2026-04-24 15:36:00,2026-04-24 15:36:00,,2026-04-25 18:37:40,2026-04-23 17:46:16,0,0,yes,2026-04-23 19:01:16,5.0,Tue|Wed|Thu,afternoon,2.3,2026-06-15,yes,no,0,0,,,0,1,True,False,NYC,False
u_105499,Boston,2026-04-23 21:38:12,parole_probation_officer,55+,ht,laptop,inactive,2,2026-04-23 21:50:47,2026-04-25 19:11:00,,2026-05-07 00:29:42,2026-05-05 14:59:51,0,0,yes,2026-04-23 22:02:12,7.0,Mon|Tue|Wed|Thu|Sun,evening,3.7,,unsure,no,0,1,,,0,2,True,False,Boston,False
u_104435,Sacramento,2026-04-23 23:52:59,friend_family,25-34,es,laptop,inactive,3,2026-05-05 20:30:00,2026-05-08 18:44:00,,2026-05-13 11:31:57,2026-05-13 01:35:47,0,0,no,,,,,,,,yes,1,2,,,0,3,True,False,Sacramento,False
u_100849,NYC,2026-04-24 02:18:06,reentry_org,25-34,en,phone,course_complete,21,2026-04-27 15:03:00,2026-05-21 16:27:00,2026-05-21 16:27:00,2026-05-26 23:08:40,2026-05-22 19:41:45,0,0,no,,,,,,,,yes,0,1,,,0,21,True,True,NYC,False
u_102446,NYC,2026-04-24 03:39:34,paid_social,25-34,es,phone,not_started,0,,,,2026-04-24 23:04:29,2026-04-24 03:39:34,0,0,no,,,,,,,,no,0,0,,,0,0,False,False,NYC,False
u_100268,NYC,2026-04-24 04:20:41,reentry_org,35-44,en,phone,not_started,0,,,,2026-04-26 01:57:23,2026-04-24 04:20:41,0,0,no,,,,,,,,yes,0,0,,,0,0,False,False,NYC,False
u_102099,NYC,2026-04-24 07:12:46,reentry_org,25-34,en,phone,inactive,1,2026-04-28 13:07:00,2026-04-28 13:07:00,,2026-05-03 10:54:42,2026-05-02 12:03:39,0,0,yes,2026-04-24 08:32:46,10.0,Mon|Tue|Wed|Thu|Fri|Sat|Sun,afternoon,5.5,2026-05-26,no,no,0,2,,,0,1,True,False,NYC,False
u_101350,NYC,2026-04-24 08:47:12,paid_social,35-44,es,phone,not_started,0,,,,2026-04-25 12:14:50,2026-04-24 08:47:12,0,0,yes,2026-04-24 09:57:12,7.0,Tue|Wed|Thu|Sat|Sun,afternoon,3.0,2026-06-05,yes,no,0,0,,,0,0,False,False,NYC,False
u_104680,Sacramento,2026-04-24 09:57:35,reentry_org,25-34,en,tablet,course_complete,21,2026-04-24 10:36:37,2026-06-08 23:14:00,2026-06-08 23:14:00,2026-06-12 23:42:26,2026-06-12 12:34:59,0,0,no,,,,,,,,yes,4,2,,,0,21,True,True,Sacramento,False
u_105515,Boston,2026-04-24 14:42:25,reentry_org,25-34,es,phone,permit_passed,21,2026-04-30 08:33:00,2026-06-08 10:48:00,2026-06-08 10:48:00,2026-07-18 15:48:00,2026-07-07 22:35:39,0,0,yes,2026-04-24 15:16:25,3.0,Thu|Sun,morning,2.4,2026-07-06,unsure,yes,0,2,2026-07-18,passed,1,21,True,True,Boston,False
u_102410,NYC,2026-04-24 14:49:08,paid_social,25-34,en,phone,inactive,4,2026-04-24 16:11:05,2026-04-30 18:18:00,,2026-05-01 10:56:06,2026-04-30 06:19:32,0,0,yes,2026-04-24 14:54:08,7.0,Mon|Wed|Thu|Fri|Sat,evening,2.9,2026-05-23,yes,no,0,2,,,0,4,True,False,NYC,False
u_104974,Sacramento,2026-04-24 18:49:51,reentry_org,35-44,en,tablet,not_started,0,,,,2026-04-25 16:06:51,2026-04-24 18:49:51,0,0,yes,2026-04-24 20:17:51,5.0,Wed|Thu|Sun,morning,2.4,2026-06-15,no,yes,0,0,,,0,0,False,False,Sacramento,False
u_101932,NYC,2026-04-24 19:03:52,reentry_org,25-34,en,phone,inactive,2,2026-04-24 19:34:36,2026-04-26 10:27:00,,2026-04-28 02:43:52,2026-04-28 00:59:44,0,0,yes,2026-04-24 19:46:52,7.0,Tue|Wed|Thu|Fri|Sun,morning,3.4,2026-05-27,yes,yes,1,2,,,0,2,True,False,NYC,False
u_101687,NYC,2026-04-24 20:44:21,reentry_org,25-34,en,phone,inactive,3,2026-04-24 21:57:28,2026-04-27 10:59:00,,2026-04-29 16:06:47,2026-04-25 14:46:21,0,0,no,,,,,,,,no,0,0,,,0,3,True,False,NYC,False
u_100438,NYC,2026-04-24 21:21:45,friend_family,45-54,es,phone,inactive,3,2026-04-25 12:30:00,2026-05-01 13:40:00,,2026-05-04 02:34:59,2026-04-26 22:55:48,0,0,no,,,,,,,,no,0,0,,,0,3,True,False,NYC,False
u_105741,Boston,2026-04-24 23:15:51,parole_probation_officer,35-44,en,laptop,course_complete,21,2026-04-27 23:15:00,2026-06-09 22:53:00,2026-06-09 22:53:00,2026-06-11 13:08:03,2026-06-06 02:37:05,0,0,yes,2026-04-25 00:13:51,3.0,Fri|Sat,late_night,2.3,,no,yes,2,2,,,0,21,True,True,Boston,False
u_101266,NYC,2026-04-25 00:02:18,reentry_org,45-54,en,phone,inactive,3,2026-04-26 21:29:00,2026-05-01 20:25:00,,2026-05-02 14:10:54,2026-04-30 14:54:34,0,0,yes,2026-04-25 01:27:18,3.0,Thu|Sun,evening,1.6,2026-07-06,no,no,0,0,,,0,3,True,False,NYC,False
u_105854,Boston,2026-04-25 01:23:23,friend_family,35-44,ht,laptop,course_complete,21,2026-04-25 01:37:02,2026-05-20 20:53:00,2026-05-20 20:53:00,2026-05-29 12:50:06,2026-05-24 14:35:26,0,0,yes,2026-04-25 01:44:23,7.0,Mon|Thu|Fri|Sat|Sun,evening,4.0,2026-05-23,no,no,0,1,,,0,21,True,True,Boston,False
u_101384,NYC,2026-04-25 01:47:45,parole_probation_officer,35-44,en,phone,withdrawn,0,,,,2026-04-26 15:55:54,2026-04-25 01:47:45,0,0,yes,2026-04-25 02:28:45,3.0,Tue|Sun,late_night,2.2,2026-06-30,yes,no,0,0,,,0,0,False,False,NYC,False
u_105823,Boston,2026-04-25 02:20:33,workforce_center,25-34,en,laptop,permit_passed,21,2026-05-07 22:55:00,2026-06-11 22:38:00,2026-06-11 22:38:00,2026-07-20 15:38:00,2026-07-01 14:39:53,0,0,no,,,,,,,,yes,2,1,2026-07-20,passed,1,21,True,True,Boston,False
u_105286,Sacramento,2026-04-25 03:01:20,parole_probation_officer,25-34,en,tablet,permit_passed,21,2026-04-29 08:58:00,2026-06-22 10:12:00,2026-06-22 10:12:00,2026-06-29 15:12:00,2026-06-21 10:10:27,0,0,yes,2026-04-25 03:33:20,3.0,Mon|Sat,morning,2.3,2026-07-03,yes,yes,1,2,2026-06-29,passed,1,21,True,True,Sacramento,False
u_104731,Sacramento,2026-04-25 04:47:15,paid_social,35-44,es,laptop,not_started,0,,,,2026-04-26 06:45:39,2026-04-26 04:25:44,0,0,no,,,,,,,,no,0,0,,,0,0,False,False,Sacramento,False
u_101293,NYC,2026-04-25 05:05:55,paid_social,35-44,en,laptop,course_complete,21,2026-04-25 05:44:19,2026-06-06 19:03:00,2026-06-06 19:03:00,2026-06-07 02:59:07,2026-06-02 08:49:59,0,0,yes,2026-04-25 06:24:55,7.0,Mon|Wed|Fri|Sat|Sun,evening,4.5,2026-06-05,yes,no,0,3,,,0,21,True,True,NYC,False
u_105766,Boston,2026-04-25 07:51:20,paid_social,35-44,en,shared_computer,not_started,0,,,,2026-04-26 02:14:13,2026-04-25 23:47:17,0,0,no,,,,,,,,no,0,0,,,0,0,False,False,Boston,False
u_105368,Sacramento,2026-04-25 08:40:41,paid_social,18-24,en,phone,not_started,0,,,,2026-05-02 09:57:36,2026-05-01 14:11:52,0,0,no,,,,,,,,no,0,0,,,0,0,False,False,Sacramento,False
u_100971,NYC,2026-04-25 09:26:56,workforce_center,25-34,en,phone,inactive,1,2026-04-27 23:57:00,2026-04-27 23:57:00,,2026-04-28 21:43:51,2026-04-28 10:47:51,0,0,no,,,,,,,,yes,1,2,,,0,1,True,False,NYC,False
u_101006,NYC,2026-04-25 12:00:16,reentry_org,45-54,en,laptop,permit_passed,21,2026-05-01 18:54:00,2026-06-08 20:16:00,2026-06-08 20:16:00,2026-06-27 15:16:00,2026-05-28 14:25:54,0,0,yes,2026-04-25 12:03:16,10.0,Mon|Tue|Wed|Thu|Fri|Sat|Sun,evening,5.0,2026-06-05,yes,no,0,1,2026-06-27,passed,1,21,True,True,NYC,False
u_105189,Sacramento,2026-04-25 13:48:28,friend_family,55+,en,phone,not_started,0,,,,2026-04-26 12:30:34,2026-04-26 09:03:48,0,0,no,,,,,,,,no,0,0,,,0,0,False,False,Sacramento,False
u_100349,NYC,2026-04-25 14:07:15,workforce_center,25-34,en,phone,course_complete,21,2026-04-26 23:18:00,2026-05-26 23:46:00,2026-05-26 23:46:00,2026-05-30 08:24:20,2026-05-28 11:15:24,0,0,yes,2026-04-25 15:03:15,10.0,Mon|Tue|Wed|Thu|Fri|Sat|Sun,late_night,5.8,2026-05-29,yes,no,0,3,,,0,21,True,True,NYC,False
u_101306,NYC,2026-04-25 15:01:33,reentry_org,25-34,en,laptop,course_complete,21,2026-04-25 15:30:28,2026-05-30 10:41:00,2026-05-30 10:41:00,2026-06-05 07:06:40,2026-06-04 02:55:18,0,0,yes,2026-04-25 16:25:33,5.0,Mon|Thu|Fri,morning,2.0,2026-06-03,no,yes,1,1,,,0,21,True,True,NYC,False
u_105653,Boston,2026-04-25 15:16:22,friend_family,25-34,es,laptop,course_complete,21,2026-04-30 19:06:00,2026-06-19 17:08:00,2026-06-19 17:08:00,2026-07-05 20:11:55,2026-06-17 05:08:54,0,0,yes,2026-04-25 16:26:22,3.0,Tue|Sun,evening,1.4,2026-07-11,no,yes,4,2,,,0,21,True,True,Boston,False
u_104324,Sacramento,2026-04-25 15:30:47,parole_probation_officer,25-34,en,laptop,inactive,3,2026-05-06 09:07:00,2026-05-07 13:01:00,,2026-05-12 14:43:12,2026-05-12 07:27:48,0,0,no,,,,,,,,no,0,0,,,0,3,True,False,Sacramento,False
u_104837,Sacramento,2026-04-25 17:17:20,paid_social,35-44,en,laptop,course_complete,21,2026-04-30 20:11:00,2026-05-27 18:18:00,2026-05-27 18:18:00,2026-05-29 15:56:52,2026-05-24 16:37:12,0,0,yes,2026-04-25 17:25:20,10.0,Mon|Tue|Wed|Thu|Fri|Sat|Sun,evening,4.7,2026-05-20,yes,no,0,1,,,0,21,True,True,Sacramento,False
u_103771,NYC,2026-04-25 17:51:08,paid_social,35-44,en,phone,not_started,0,,,,2026-04-25 19:29:32,2026-04-25 17:51:08,0,0,no,,,,,,,,no,0,0,,,0,0,False,False,NYC,False
u_102790,NYC,2026-04-25 19:47:54,reentry_org,25-34,en,phone,inactive,1,2026-05-03 23:03:00,2026-05-03 23:03:00,,2026-05-07 11:42:34,2026-05-05 17:48:19,0,0,no,,,,,,,,no,0,0,,,0,1,True,False,NYC,False
u_103780,NYC,2026-04-25 20:28:00,paid_social,35-44,en,tablet,inactive,2,2026-04-27 06:03:00,2026-04-29 09:24:00,,2026-04-30 12:31:17,2026-04-27 13:37:47,0,0,yes,2026-04-25 21:41:00,3.0,Tue|Fri,morning,2.2,2026-06-26,yes,no,0,0,,,0,2,True,False,NYC,False
u_105599,Boston,2026-04-25 23:23:28,paid_social,35-44,en,phone,not_started,0,,,,2026-04-30 09:49:47,2026-04-28 15:00:40,0,0,yes,2026-04-25 23:47:28,3.0,Tue|Thu,late_night,2.2,,unsure,no,0,0,,,0,0,False,False,Boston,False
u_101235,NYC,2026-04-25 23:43:36,reentry_org,25-34,en,laptop,course_complete,21,2026-04-26 20:51:00,2026-06-11 17:00:00,2026-06-11 17:00:00,2026-06-22 08:19:29,2026-06-12 01:03:21,0,0,yes,2026-04-26 00:48:36,5.0,Tue|Thu|Sat,evening,2.4,,yes,no,0,3,,,0,21,True,True,NYC,False
u_103238,NYC,2026-04-26 02:02:53,paid_social,25-34,en,phone,inactive,2,2026-04-26 03:22:09,2026-04-26 22:14:00,,2026-04-27 23:01:32,2026-04-26 02:02:53,0,0,yes,2026-04-26 02:27:53,3.0,Mon|Wed,late_night,2.0,2026-07-12,yes,no,0,0,,,0,2,True,False,NYC,False
u_101468,NYC,2026-04-26 04:58:03,reentry_org,35-44,en,tablet,inactive,2,2026-04-28 16:43:00,2026-04-30 14:03:00,,2026-05-01 15:02:24,2026-04-30 18:21:19,0,0,no,,,,,,,,no,0,0,,,0,2,True,False,NYC,False
u_101640,NYC,2026-04-26 05:03:54,paid_social,25-34,en,laptop,inactive,4,2026-04-26 06:42:12,2026-05-05 20:56:00,,2026-05-05 23:59:12,2026-04-29 03:57:33,0,0,no,,,,,,,,no,0,1,,,0,4,True,False,NYC,False
u_102634,NYC,2026-04-26 08:49:49,paid_social,25-34,es,phone,not_started,0,,,,2026-04-27 09:05:14,2026-04-26 08:49:49,0,0,yes,2026-04-26 09:40:49,5.0,Mon|Wed|Fri,afternoon,3.3,2026-06-15,unsure,no,0,0,,,0,0,False,False,NYC,False
u_104553,Sacramento,2026-04-26 11:19:16,reentry_org,18-24,en,phone,course_complete,21,2026-04-26 11:39:53,2026-06-21 20:21:00,2026-06-21 20:21:00,2026-06-24 10:33:00,2026-06-20 16:37:20,0,0,yes,2026-04-26 11:27:16,3.0,Sat|Sun,evening,2.1,,yes,no,0,1,,,0,21,True,True,Sacramento,False
u_103955,NYC,2026-04-26 12:21:12,paid_social,18-24,en,phone,inactive,3,2026-04-27 21:19:00,2026-05-03 20:38:00,,2026-05-08 13:03:09,2026-05-07 12:47:55,0,0,yes,2026-04-26 12:42:12,5.0,Tue|Wed|Thu,evening,2.9,2026-06-03,yes,yes,2,2,,,0,3,True,False,NYC,False
u_102169,NYC,2026-04-26 13:06:28,reentry_org,35-44,en,phone,permit_failed,21,2026-04-27 19:20:00,2026-06-02 18:07:00,2026-06-02 18:07:00,2026-07-02 15:07:00,2026-06-02 14:42:45,0,0,yes,2026-04-26 14:36:28,7.0,Mon|Wed|Thu|Sat|Sun,evening,4.0,2026-06-14,yes,no,0,1,2026-07-02,failed,1,21,True,True,NYC,False
u_103922,NYC,2026-04-26 14:04:15,parole_probation_officer,25-34,en,phone,not_started,0,,,,2026-04-27 00:09:12,2026-04-26 19:28:56,0,0,no,,,,,,,,no,0,0,,,0,0,False,False,NYC,False
u_100578,NYC,2026-04-26 17:29:52,friend_family,35-44,en,laptop,course_complete,21,2026-05-01 18:03:00,2026-06-01 21:06:00,2026-06-01 21:06:00,2026-06-24 05:07:03,2026-06-19 04:02:52,0,0,yes,2026-04-26 17:58:52,10.0,Mon|Tue|Wed|Thu|Fri|Sat|Sun,evening,4.8,,yes,yes,3,1,,,0,21,True,True,NYC,False
u_102154,NYC,2026-04-26 20:06:29,workforce_center,45-54,en,tablet,not_started,0,,,,2026-04-27 02:40:54,2026-04-26 20:06:29,0,0,yes,2026-04-26 20:39:29,3.0,Wed|Thu,morning,2.3,2026-07-10,yes,no,0,0,,,0,0,False,False,NYC,False
u_104262,Sacramento,2026-04-26 21:22:01,friend_family,35-44,en,phone,permit_passed,21,2026-04-26 21:30:01,2026-05-27 10:07:00,2026-05-27 10:07:00,2026-06-13 15:07:00,2026-06-01 23:57:25,0,0,yes,2026-04-26 22:34:01,5.0,Tue|Wed|Sat,morning,2.8,2026-06-06,yes,no,0,3,2026-06-13,passed,1,21,True,True,Sacramento,False
u_104455,Sacramento,2026-04-26 21:35:36,parole_probation_officer,18-24,en,phone,inactive,13,2026-04-26 23:22:20,2026-05-26 15:28:00,,2026-05-27 03:42:34,2026-05-24 12:05:41,0,0,no,,,,,,,,yes,0,3,,,0,13,True,False,Sacramento,False
u_104501,Sacramento,2026-04-27 00:24:56,paid_social,25-34,en,laptop,not_started,0,,,,2026-04-27 12:05:38,2026-04-27 00:24:56,0,0,yes,2026-04-27 01:22:56,3.0,Fri|Sat,late_night,2.5,2026-06-27,yes,no,0,0,,,0,0,False,False,Sacramento,False
u_102488,NYC,2026-04-27 04:06:38,reentry_org,25-34,en,laptop,not_started,0,,,,2026-04-27 06:16:03,2026-04-27 04:06:38,0,0,no,,,,,,,,no,0,0,,,0,0,False,False,NYC,False
u_100062,NYC,2026-04-27 06:33:16,parole_probation_officer,35-44,en,phone,inactive,2,2026-04-27 06:40:42,2026-04-28 21:17:00,,2026-04-29 08:20:17,2026-04-28 04:43:52,0,0,yes,2026-04-27 06:40:16,10.0,Mon|Tue|Wed|Thu|Fri|Sat|Sun,evening,5.2,2026-05-25,yes,yes,0,0,,,0,2,True,False,NYC,False
u_105618,Boston,2026-04-27 07:45:35,paid_social,35-44,en,phone,inactive,1,2026-04-30 23:49:00,2026-04-30 23:49:00,,2026-05-02 01:25:42,2026-04-28 06:37:29,0,0,no,,,,,,,,no,0,0,,,0,1,True,False,Boston,False
u_100642,NYC,2026-04-27 07:52:43,friend_family,25-34,en,phone,inactive,4,2026-04-27 10:45:38,2026-05-02 07:45:00,,2026-05-04 09:53:57,2026-05-03 13:33:26,0,0,yes,2026-04-27 07:56:43,5.0,Wed|Fri|Sat,morning,2.9,2026-06-17,yes,no,0,0,,,0,4,True,False,NYC,False
u_101502,NYC,2026-04-27 08:23:21,workforce_center,18-24,en,shared_computer,not_started,0,,,,2026-04-27 13:29:51,2026-04-27 08:23:21,0,0,yes,2026-04-27 08:43:21,10.0,Mon|Tue|Wed|Thu|Fri|Sat|Sun,morning,5.7,2026-05-30,yes,no,0,0,,,0,0,False,False,NYC,False
u_101720,NYC,2026-04-27 09:34:27,reentry_org,45-54,en,phone,course_complete,21,2026-04-27 09:51:05,2026-06-01 13:23:00,2026-06-01 13:23:00,2026-06-03 09:02:53,2026-06-01 19:42:57,0,0,yes,2026-04-27 09:56:27,3.0,Wed|Fri,afternoon,1.0,2026-07-02,unsure,yes,1,1,,,0,21,True,True,NYC,False
u_101200,NYC,2026-04-27 10:36:44,workforce_center,35-44,en,phone,inactive,2,2026-04-27 10:54:45,2026-05-01 07:07:00,,2026-05-01 07:19:08,2026-04-27 22:01:21,0,0,yes,2026-04-27 11:06:44,5.0,Mon|Fri|Sat,morning,2.2,,unsure,no,0,0,,,0,2,True,False,NYC,False
u_104326,Sacramento,2026-04-27 16:36:44,parole_probation_officer,18-24,en,phone,course_complete,21,2026-04-27 16:45:15,2026-06-05 16:45:00,2026-06-05 16:45:00,2026-06-10 16:47:07,2026-06-08 12:19:24,0,0,yes,2026-04-27 17:47:44,3.0,Wed|Fri,afternoon,1.7,2026-07-08,unsure,yes,4,2,,,0,21,True,True,Sacramento,False
u_105048,Sacramento,2026-04-27 16:50:29,paid_social,35-44,es,phone,not_started,0,,,,2026-04-28 01:48:50,2026-04-27 16:50:29,0,0,no,,,,,,,,no,0,0,,,0,0,False,False,Sacramento,False
u_101004,NYC,2026-04-27 17:49:11,workforce_center,25-34,en,phone,inactive,2,2026-04-27 20:00:08,2026-04-29 23:15:00,,2026-05-01 09:13:02,2026-04-29 05:41:08,0,0,no,,,,,,,,no,0,1,,,0,2,True,False,NYC,False
u_100751,NYC,2026-04-27 19:01:21,workforce_center,45-54,es,phone,not_started,0,,,,2026-04-28 14:59:57,2026-04-28 11:05:12,0,0,yes,2026-04-27 20:24:21,10.0,Mon|Tue|Wed|Thu|Fri|Sat|Sun,morning,4.6,2026-06-02,yes,yes,0,0,,,0,0,False,False,NYC,False
u_100874,NYC,2026-04-27 19:19:21,paid_social,18-24,en,shared_computer,withdrawn,0,,,,2026-04-28 01:59:02,2026-04-27 19:19:21,0,0,yes,2026-04-27 20:33:21,7.0,Mon|Tue|Wed|Fri|Sat,late_night,3.7,2026-06-02,no,no,0,0,,,0,0,False,False,NYC,False
u_105523,Boston,2026-04-27 19:34:59,parole_probation_officer,45-54,ht,tablet,course_complete,21,2026-04-27 19:43:45,2026-06-22 19:03:00,2026-06-22 19:03:00,2026-06-23 15:41:03,2026-06-20 02:23:32,0,0,yes,2026-04-27 20:39:59,3.0,Wed|Fri,evening,1.4,,yes,yes,4,2,,,0,21,True,True,Boston,False
u_101351,NYC,2026-04-27 22:04:51,reentry_org,25-34,es,phone,not_started,0,,,,2026-04-29 11:43:30,2026-04-29 03:52:55,0,0,yes,2026-04-27 23:28:51,5.0,Tue|Wed|Sun,evening,2.1,2026-06-17,unsure,yes,0,0,,,0,0,False,False,NYC,False
u_105562,Boston,2026-04-27 23:14:15,parole_probation_officer,18-24,en,phone,inactive,3,2026-04-27 23:35:26,2026-05-02 23:19:00,,2026-05-03 00:42:53,2026-05-02 22:43:15,0,0,yes,2026-04-28 00:32:15,10.0,Mon|Tue|Wed|Thu|Fri|Sat|Sun,late_night,5.5,2026-06-03,yes,no,0,0,,,0,3,True,False,Boston,False
u_101830,NYC,2026-04-28 05:33:32,paid_social,35-44,es,phone,not_started,0,,,,2026-05-02 07:06:39,2026-04-28 22:44:55,0,0,no,,,,,,,,no,0,0,,,0,0,False,False,NYC,False
u_101579,NYC,2026-04-28 05:53:57,reentry_org,25-34,en,laptop,not_started,0,,,,2026-04-29 21:34:11,2026-04-28 05:53:57,0,0,no,,,,,,,,no,0,0,,,0,0,False,False,NYC,False
u_101520,NYC,2026-04-28 06:05:46,reentry_org,18-24,en,phone,inactive,3,2026-04-28 06:15:22,2026-04-29 17:50:00,,2026-05-01 11:17:49,2026-04-28 06:05:46,0,0,no,,,,,,,,no,0,1,,,0,3,True,False,NYC,False
u_105798,Boston,2026-04-28 06:13:10,parole_probation_officer,25-34,en,phone,inactive,4,2026-04-29 16:08:00,2026-05-07 16:54:00,,2026-05-09 20:41:40,2026-05-04 14:52:52,0,0,no,,,,,,,,no,0,1,,,0,4,True,False,Boston,False
u_100353,NYC,2026-04-28 06:44:53,reentry_org,35-44,en,phone,inactive,1,2026-05-04 09:14:00,2026-05-04 09:14:00,,2026-05-05 19:16:29,2026-05-05 05:47:02,0,0,no,,,,,,,,yes,2,0,,,0,1,True,False,NYC,False
u_105521,Boston,2026-04-28 08:03:45,friend_family,18-24,en,phone,inactive,14,2026-04-29 14:40:00,2026-05-28 16:03:00,,2026-05-28 22:40:01,2026-05-24 10:58:03,0,0,yes,2026-04-28 09:12:45,3.0,Wed|Fri,afternoon,2.6,2026-06-29,yes,no,0,1,,,0,14,True,False,Boston,False
u_102377,NYC,2026-04-28 08:37:11,reentry_org,45-54,en,laptop,not_started,0,,,,2026-04-28 22:14:39,2026-04-28 08:37:11,0,0,no,,,,,,,,no,0,0,,,0,0,False,False,NYC,False
u_103836,NYC,2026-04-28 09:18:28,paid_social,18-24,en,phone,permit_passed,21,2026-04-29 06:13:00,2026-06-06 11:47:00,2026-06-06 11:47:00,2026-07-01 15:47:00,2026-06-09 05:45:58,0,0,yes,2026-04-28 09:34:28,5.0,Wed|Fri|Sun,morning,1.9,2026-06-10,yes,no,0,2,2026-07-01,passed,1,21,True,True,NYC,False
u_102639,NYC,2026-04-28 09:19:49,parole_probation_officer,35-44,en,laptop,inactive,9,2026-05-02 23:45:00,2026-05-22 23:35:00,,2026-05-23 17:49:52,2026-05-14 04:26:44,0,0,yes,2026-04-28 10:35:49,5.0,Tue|Fri|Sat,late_night,3.1,2026-06-17,yes,yes,1,1,,,0,9,True,False,NYC,False
u_102740,NYC,2026-04-28 11:34:28,paid_social,25-34,en,shared_computer,not_started,0,,,,2026-04-29 04:40:07,2026-04-28 11:34:28,0,0,no,,,,,,,,no,0,0,,,0,0,False,False,NYC,False
u_105354,Sacramento,2026-04-28 11:50:42,paid_social,45-54,es,shared_computer,inactive,3,2026-04-28 13:15:47,2026-05-03 15:35:00,,2026-05-04 01:03:35,2026-05-03 19:14:52,0,0,yes,2026-04-28 12:42:42,5.0,Tue|Wed|Sun,afternoon,1.9,,yes,yes,0,0,,,0,3,True,False,Sacramento,False
u_104892,Sacramento,2026-04-28 12:22:26,reentry_org,25-34,en,laptop,inactive,9,2026-04-29 13:43:00,2026-05-11 13:52:00,,2026-05-12 13:45:00,2026-05-11 19:05:36,0,0,no,,,,,,,,no,0,1,,,0,9,True,False,Sacramento,False
u_100122,NYC,2026-04-28 12:47:16,workforce_center,35-44,es,phone,not_started,0,,,,2026-04-28 13:42:42,2026-04-28 12:47:16,0,0,yes,2026-04-28 14:15:16,7.0,Mon|Wed|Thu|Fri|Sat,evening,3.4,2026-06-11,yes,no,0,0,,,0,0,False,False,NYC,False
u_101716,NYC,2026-04-28 13:37:33,parole_probation_officer,55+,en,laptop,withdrawn,2,2026-05-01 20:21:00,2026-05-04 21:35:00,,2026-05-05 11:19:45,2026-04-29 22:49:39,0,0,yes,2026-04-28 13:40:33,7.0,Mon|Tue|Wed|Thu|Fri,evening,2.9,,yes,no,0,1,,,0,2,True,False,NYC,False
u_104721,Sacramento,2026-04-28 15:35:13,paid_social,35-44,es,phone,inactive,1,2026-05-01 10:01:00,2026-05-01 10:01:00,,2026-05-01 15:06:35,2026-04-28 15:35:13,0,0,no,,,,,,,,no,0,2,,,0,1,True,False,Sacramento,False
u_103396,NYC,2026-04-28 17:25:41,paid_social,25-34,en,phone,not_started,0,,,,2026-04-30 03:20:45,2026-04-29 13:29:34,0,0,no,,,,,,,,yes,0,0,,,0,0,False,False,NYC,False
u_103428,NYC,2026-04-28 19:48:24,parole_probation_officer,25-34,en,phone,inactive,1,2026-04-28 21:01:43,2026-04-28 21:01:43,,2026-04-29 10:05:28,2026-04-28 19:48:24,0,0,no,,,,,,,,no,0,2,,,0,1,True,False,NYC,False
u_102166,NYC,2026-04-28 20:40:02,paid_social,25-34,en,phone,permit_passed,21,2026-04-28 20:47:18,2026-06-19 23:02:00,2026-06-19 23:02:00,2026-07-04 15:02:00,2026-06-19 00:51:11,0,0,yes,2026-04-28 20:59:02,7.0,Mon|Tue|Wed|Thu|Fri,late_night,4.1,2026-06-02,yes,no,0,2,2026-07-04,passed,1,21,True,True,NYC,False
u_103408,NYC,2026-04-28 20:54:05,friend_family,45-54,en,phone,course_complete,21,2026-04-30 07:24:00,2026-05-31 07:16:00,2026-05-31 07:16:00,2026-06-04 04:18:52,2026-06-03 06:16:36,0,0,yes,2026-04-28 21:49:05,10.0,Mon|Tue|Wed|Thu|Fri|Sat|Sun,morning,5.4,2026-05-30,yes,no,0,1,,,0,21,True,True,NYC,False
u_105607,Boston,2026-04-28 22:57:48,reentry_org,25-34,ht,phone,not_started,0,,,,2026-04-30 00:08:17,2026-04-29 23:22:54,0,0,yes,2026-04-28 23:52:48,5.0,Mon|Wed|Sun,evening,2.4,2026-06-19,unsure,no,0,0,,,0,0,False,False,Boston,False
u_100364,NYC,2026-04-28 23:41:37,friend_family,25-34,en,phone,not_started,0,,,,2026-04-30 12:53:33,2026-04-28 23:41:37,0,0,yes,2026-04-28 23:49:37,7.0,Tue|Wed|Thu|Fri|Sat,afternoon,4.1,2026-06-15,yes,no,0,0,,,0,0,False,False,NYC,False
u_104621,Sacramento,2026-04-29 00:45:58,workforce_center,25-34,en,phone,course_complete,21,2026-05-05 22:42:00,2026-06-04 23:45:00,2026-06-04 23:45:00,2026-06-28 08:21:26,2026-06-26 17:00:43,0,0,yes,2026-04-29 02:00:58,7.0,Tue|Wed|Thu|Sat|Sun,late_night,3.8,,yes,yes,4,1,,,0,21,True,True,Sacramento,False
u_102258,NYC,2026-04-29 01:30:36,friend_family,18-24,es,phone,inactive,2,2026-04-30 22:27:00,2026-04-30 23:49:00,,2026-05-03 08:14:08,2026-05-01 20:16:39,0,0,no,,,,,,,,no,0,0,,,0,2,True,False,NYC,False
u_104717,Sacramento,2026-04-29 02:29:11,reentry_org,25-34,en,phone,not_started,0,,,,2026-05-02 03:50:37,2026-04-29 02:29:11,0,0,yes,2026-04-29 02:49:11,3.0,Tue|Sat,evening,1.9,2026-07-09,no,no,0,0,,,0,0,False,False,Sacramento,False
u_100376,NYC,2026-04-29 03:08:49,paid_social,45-54,en,phone,permit_passed,21,2026-05-09 18:41:00,2026-06-08 20:00:00,2026-06-08 20:00:00,2026-06-26 15:00:00,2026-06-19 17:37:07,0,0,no,,,,,,,,yes,1,3,2026-06-26,passed,1,21,True,True,NYC,False
u_102134,NYC,2026-04-29 04:03:25,reentry_org,45-54,en,phone,inactive,2,2026-04-29 06:55:56,2026-04-30 12:01:00,,2026-04-30 18:31:03,2026-04-29 04:03:25,0,0,yes,2026-04-29 04:35:25,3.0,Wed|Sat,afternoon,1.2,2026-06-28,no,no,0,2,,,0,2,True,False,NYC,False
u_104742,Sacramento,2026-04-29 07:39:53,parole_probation_officer,35-44,en,phone,permit_passed,21,2026-04-29 08:18:36,2026-05-28 11:04:00,2026-05-28 11:04:00,2026-06-26 15:04:00,2026-05-27 07:32:40,0,0,yes,2026-04-29 08:39:53,5.0,Mon|Fri|Sat,morning,3.4,,yes,no,0,1,2026-06-26,passed,2,21,True,True,Sacramento,False
u_100803,NYC,2026-04-29 07:56:34,reentry_org,35-44,es,shared_computer,inactive,4,2026-04-29 08:14:07,2026-05-03 15:30:00,,2026-05-07 17:53:15,2026-04-29 07:56:34,0,0,no,,,,,,,,no,0,1,,,0,4,True,False,NYC,False
u_104539,Sacramento,2026-04-29 08:07:19,parole_probation_officer,45-54,en,phone,permit_passed,21,2026-05-03 09:06:00,2026-05-18 10:02:00,2026-05-18 10:02:00,2026-06-05 15:02:00,2026-05-18 15:51:26,0,0,no,,,,,,,,no,0,2,2026-06-05,passed,1,21,True,True,Sacramento,False
u_104951,Sacramento,2026-04-29 08:50:17,reentry_org,35-44,en,phone,not_started,0,,,,2026-04-30 09:24:42,2026-04-29 08:50:17,0,0,no,,,,,,,,yes,0,0,,,0,0,False,False,Sacramento,False
u_105626,Boston,2026-04-29 08:50:26,workforce_center,35-44,en,phone,permit_passed,21,2026-04-30 23:11:00,2026-05-30 22:50:00,2026-05-30 22:50:00,2026-06-24 15:50:00,2026-05-31 11:56:52,0,0,no,,,,,,,,yes,0,1,2026-06-24,passed,1,21,True,True,Boston,False
u_104375,Sacramento,2026-04-29 14:24:07,friend_family,25-34,en,laptop,inactive,12,2026-05-05 15:28:00,2026-05-19 15:40:00,,2026-05-22 01:54:20,2026-05-20 17:14:34,0,0,yes,2026-04-29 14:57:07,10.0,Mon|Tue|Wed|Thu|Fri|Sat|Sun,afternoon,5.2,2026-05-22,unsure,yes,0,1,,,0,12,True,False,Sacramento,False
u_101946,NYC,2026-04-29 15:01:34,parole_probation_officer,35-44,en,phone,inactive,1,2026-05-01 19:10:00,2026-05-01 19:10:00,,2026-05-08 18:51:57,2026-05-08 18:18:55,0,0,no,,,,,,,,yes,1,0,,,0,1,True,False,NYC,False
u_102996,NYC,2026-04-29 17:15:39,parole_probation_officer,55+,en,phone,not_started,0,,,,2026-05-03 14:25:17,2026-04-30 14:28:48,0,0,yes,2026-04-29 18:21:39,5.0,Wed|Thu|Sat,evening,3.6,2026-06-14,yes,no,0,0,,,0,0,False,False,NYC,False
u_101889,NYC,2026-04-29 19:37:00,parole_probation_officer,18-24,es,phone,not_started,0,,,,2026-04-30 16:49:55,2026-04-29 19:37:00,0,0,yes,2026-04-29 21:06:00,7.0,Mon|Tue|Thu|Fri|Sat,afternoon,2.9,2026-06-08,yes,no,0,0,,,0,0,False,False,NYC,False
u_105213,Sacramento,2026-04-29 20:28:24,reentry_org,35-44,en,phone,inactive,6,2026-04-29 21:10:18,2026-05-15 17:33:00,,2026-05-17 02:46:02,2026-05-16 20:55:13,0,0,yes,2026-04-29 20:33:24,10.0,Mon|Tue|Wed|Thu|Fri|Sat|Sun,evening,5.2,2026-06-03,no,no,0,2,,,0,6,True,False,Sacramento,False
u_101245,NYC,2026-04-30 01:47:26,reentry_org,35-44,es,phone,inactive,17,2026-04-30 03:32:43,2026-05-31 15:44:00,,2026-06-02 02:54:42,2026-05-31 12:25:42,0,0,yes,2026-04-30 02:07:26,5.0,Mon|Wed|Sat,afternoon,1.8,2026-06-12,unsure,no,0,2,,,0,17,True,False,NYC,False
u_101729,NYC,2026-04-30 02:28:53,reentry_org,25-34,en,phone,permit_passed,21,2026-04-30 03:35:37,2026-05-27 12:00:00,2026-05-27 12:00:00,2026-06-21 15:00:00,2026-05-28 02:22:39,0,0,no,,,,,,,,no,0,1,2026-06-21,passed,1,21,True,True,NYC,False
u_104360,Sacramento,2026-04-30 03:14:17,friend_family,25-34,en,phone,not_started,0,,,,2026-05-08 11:10:01,2026-05-04 21:25:17,0,0,yes,2026-04-30 04:34:17,5.0,Tue|Wed|Sat,evening,2.3,2026-06-14,yes,no,0,0,,,0,0,False,False,Sacramento,False
u_104263,Sacramento,2026-04-30 03:37:55,parole_probation_officer,45-54,en,phone,inactive,1,2026-05-01 23:22:00,2026-05-01 23:22:00,,2026-05-04 08:17:29,2026-05-03 02:27:39,0,0,no,,,,,,,,no,0,2,,,0,1,True,False,Sacramento,False
u_105753,Boston,2026-04-30 09:19:57,reentry_org,35-44,en,laptop,not_started,0,,,,2026-05-02 00:24:04,2026-04-30 09:19:57,0,0,yes,2026-04-30 09:23:57,5.0,Mon|Thu|Sat,morning,3.0,2026-06-16,no,no,0,0,,,0,0,False,False,Boston,False
u_100295,NYC,2026-04-30 10:21:41,parole_probation_officer,35-44,en,phone,inactive,4,2026-05-02 22:51:00,2026-05-12 23:24:00,,2026-05-14 04:23:09,2026-05-12 23:18:56,0,0,yes,2026-04-30 10:31:41,7.0,Mon|Tue|Wed|Thu|Sun,late_night,3.4,2026-06-05,yes,no,0,2,,,0,4,True,False,NYC,False
u_104209,Sacramento,2026-04-30 11:15:59,paid_social,45-54,en,phone,not_started,0,,,,2026-05-02 06:54:10,2026-04-30 14:50:40,0,0,yes,2026-04-30 11:18:59,5.0,Mon|Wed|Sun,morning,2.0,2026-06-23,yes,no,0,0,,,0,0,False,False,Sacramento,False
u_101081,NYC,2026-04-30 12:03:29,paid_social,45-54,es,phone,course_complete,21,2026-05-01 14:48:00,2026-07-01 16:27:00,2026-07-01 16:27:00,2026-07-04 16:13:47,2026-07-03 09:39:28,0,0,yes,2026-04-30 12:43:29,3.0,Mon|Sat,afternoon,1.2,2026-07-10,no,yes,1,1,,,0,21,True,True,NYC,False
u_101229,NYC,2026-04-30 14:39:56,parole_probation_officer,35-44,en,tablet,course_complete,21,2026-05-09 21:52:00,2026-06-04 21:54:00,2026-06-04 21:54:00,2026-06-09 17:36:37,2026-06-07 10:33:05,0,0,no,,,,,,,,yes,0,3,,,0,21,True,True,NYC,False
u_105262,Sacramento,2026-04-30 14:47:15,workforce_center,18-24,en,phone,not_started,0,,,,2026-05-01 09:52:43,2026-04-30 14:47:15,0,0,no,,,,,,,,no,0,0,,,0,0,False,False,Sacramento,False
u_100811,NYC,2026-04-30 14:50:55,reentry_org,45-54,es,phone,course_complete,21,2026-04-30 15:58:07,2026-06-08 20:20:00,2026-06-08 20:20:00,2026-06-11 13:07:19,2026-06-04 08:58:14,0,0,yes,2026-04-30 16:19:55,5.0,Tue|Fri|Sat,evening,3.0,2026-06-10,no,yes,1,1,,,0,21,True,True,NYC,False
u_104587,Sacramento,2026-04-30 15:37:08,workforce_center,18-24,en,phone,inactive,1,2026-05-07 21:20:00,2026-05-07 21:20:00,,2026-05-11 05:58:32,2026-05-05 22:29:41,0,0,yes,2026-04-30 17:02:08,7.0,Mon|Tue|Wed|Thu|Sat,evening,2.9,2026-06-09,unsure,no,0,0,,,0,1,True,False,Sacramento,False
u_102188,NYC,2026-04-30 17:10:14,workforce_center,18-24,es,phone,permit_passed,21,2026-04-30 17:18:35,2026-05-25 16:42:00,2026-05-25 16:42:00,2026-06-09 15:42:00,2026-05-23 17:51:52,0,0,no,,,,,,,,yes,0,3,2026-06-09,passed,1,21,True,True,NYC,False
u_101910,NYC,2026-04-30 20:03:27,reentry_org,18-24,en,laptop,not_started,0,,,,2026-04-30 22:41:59,2026-04-30 20:03:27,0,0,yes,2026-04-30 20:10:27,5.0,Mon|Tue|Fri,evening,1.9,2026-06-25,yes,no,0,0,,,0,0,False,False,NYC,False
u_100316,NYC,2026-05-01 00:42:11,reentry_org,18-24,es,phone,permit_passed,21,2026-05-01 00:49:56,2026-05-26 08:35:00,2026-05-26 08:35:00,2026-06-30 15:35:00,2026-05-31 13:50:56,0,0,yes,2026-05-01 02:12:11,10.0,Mon|Tue|Wed|Thu|Fri|Sat|Sun,morning,4.4,,yes,yes,0,1,2026-06-30,passed,1,21,True,True,NYC,False
u_101503,NYC,2026-05-01 03:05:35,reentry_org,25-34,en,phone,inactive,3,2026-05-01 05:16:41,2026-05-04 11:46:00,,2026-05-04 19:20:13,2026-05-01 03:05:35,0,0,yes,2026-05-01 03:13:35,5.0,Mon|Tue|Fri,morning,2.2,2026-06-12,no,yes,1,0,,,0,3,True,False,NYC,False
u_101762,NYC,2026-05-01 04:54:28,parole_probation_officer,25-34,en,shared_computer,inactive,1,2026-05-01 05:06:23,2026-05-01 05:06:23,,2026-05-03 15:26:37,2026-05-01 19:45:16,0,0,yes,2026-05-01 05:44:28,5.0,Wed|Thu|Sat,evening,3.3,,yes,no,0,1,,,0,1,True,False,NYC,False
u_101768,NYC,2026-05-01 05:29:59,reentry_org,18-24,en,laptop,inactive,3,2026-05-13 22:53:00,2026-05-22 23:20:00,,2026-05-23 00:25:15,2026-05-22 14:06:17,0,0,yes,2026-05-01 06:02:59,3.0,Thu|Fri,late_night,1.0,,yes,no,0,1,,,0,3,True,False,NYC,False
u_104351,Sacramento,2026-05-01 05:34:28,parole_probation_officer,18-24,en,phone,inactive,4,2026-05-01 06:12:18,2026-05-08 18:16:00,,2026-05-09 23:49:30,2026-05-06 02:59:47,0,0,no,,,,,,,,no,0,2,,,0,4,True,False,Sacramento,False
u_100553,NYC,2026-05-01 06:53:25,parole_probation_officer,25-34,en,phone,permit_passed,21,2026-05-09 17:47:00,2026-07-19 18:02:00,2026-07-19 18:02:00,2026-09-02 15:02:00,2026-07-31 11:52:52,0,0,yes,2026-05-01 08:04:25,3.0,Tue|Sat,evening,1.1,,yes,yes,2,2,2026-09-02,passed,2,21,True,True,NYC,False
u_102209,New York,2026-05-01 07:56:41,reentry_org,35-44,en,phone,not_started,0,,,,2026-05-03 03:13:56,2026-05-01 07:56:41,0,0,no,,,,,,,,no,0,0,,,0,0,False,False,NYC,False
u_102719,NYC,2026-05-01 15:22:33,reentry_org,35-44,en,phone,not_started,0,,,,2026-05-01 20:19:10,2026-05-01 15:22:33,0,0,yes,2026-05-01 16:32:33,5.0,Wed|Sat|Sun,morning,2.8,2026-06-09,unsure,no,0,0,,,0,0,False,False,NYC,False
u_100475,NYC,2026-05-01 15:37:31,reentry_org,35-44,en,phone,course_complete,21,2026-05-06 12:14:00,2026-06-07 15:48:00,2026-06-07 15:48:00,2026-06-29 20:52:37,2026-06-29 09:34:12,0,0,no,,,,,,,,yes,0,3,,,0,21,True,True,NYC,False
u_102278,NYC,2026-05-01 15:56:32,reentry_org,35-44,en,laptop,permit_passed,21,2026-05-05 21:39:00,2026-07-09 18:34:00,2026-07-09 18:34:00,2026-08-06 15:34:00,2026-07-19 05:15:27,0,0,yes,2026-05-01 16:14:32,3.0,Thu|Sun,evening,1.1,2026-07-14,yes,no,0,3,2026-08-06,passed,1,21,True,True,NYC,False
u_104445,Sacramento,2026-05-01 19:22:17,reentry_org,35-44,es,phone,inactive,2,2026-05-04 21:16:00,2026-05-06 19:47:00,,2026-05-09 03:05:20,2026-05-01 19:22:17,0,0,yes,2026-05-01 20:41:17,3.0,Wed|Fri,evening,2.6,2026-06-27,yes,yes,0,1,,,0,2,True,False,Sacramento,False
u_103569,NYC,2026-05-02 00:23:27,paid_social,25-34,en,phone,inactive,4,2026-05-02 00:48:11,2026-05-06 10:49:00,,2026-05-06 19:43:53,2026-05-03 01:37:20,0,0,yes,2026-05-02 01:16:27,5.0,Wed|Thu|Sat,morning,1.8,,yes,no,0,1,,,0,4,True,False,NYC,False
u_100347,NYC,2026-05-02 01:57:14,parole_probation_officer,25-34,en,laptop,inactive,18,2026-05-02 02:07:20,2026-06-05 23:58:00,,2026-06-08 14:29:24,2026-06-01 21:53:47,0,0,no,,,,,,,,no,0,2,,,0,18,True,False,NYC,False
u_104811,Sacramento,2026-05-02 02:50:37,workforce_center,35-44,en,phone,permit_passed,21,2026-05-03 18:35:00,2026-06-02 20:14:00,2026-06-02 20:14:00,2026-06-12 15:14:00,2026-06-05 06:33:52,0,0,yes,2026-05-02 03:09:37,5.0,Wed|Fri|Sat,evening,2.0,2026-06-10,yes,no,0,2,2026-06-12,passed,1,21,True,True,Sacramento,False
u_102643,NYC,2026-05-02 09:12:29,paid_social,35-44,en,laptop,course_complete,21,2026-05-02 11:39:37,2026-05-25 20:21:00,2026-05-25 20:21:00,2026-06-02 22:40:32,2026-06-01 23:19:46,0,0,no,,,,,,,,yes,1,1,,,0,21,True,True,NYC,False
u_101498,NYC,2026-05-02 10:53:22,friend_family,35-44,en,phone,not_started,0,,,,2026-05-02 14:57:33,2026-05-02 10:53:22,0,0,no,,,,,,,,no,0,0,,,0,0,False,False,NYC,False
u_103787,NYC,2026-05-02 12:02:19,workforce_center,18-24,en,phone,not_started,0,,,,2026-05-04 00:19:22,2026-05-02 12:02:19,0,0,yes,2026-05-02 12:53:19,5.0,Tue|Thu|Fri,afternoon,2.9,2026-06-14,yes,yes,0,0,,,0,0,False,False,NYC,False
u_101759,NYC,2026-05-02 13:25:57,reentry_org,25-34,en,shared_computer,inactive,1,2026-05-07 16:49:00,2026-05-07 16:49:00,,2026-05-08 20:11:52,2026-05-02 13:25:57,0,0,yes,2026-05-02 14:19:57,3.0,Mon|Sun,afternoon,1.0,2026-06-28,yes,no,0,0,,,0,1,True,False,NYC,False
u_102914,NYC,2026-05-02 14:15:37,friend_family,25-34,en,phone,inactive,4,2026-05-14 22:30:00,2026-05-23 22:22:00,,2026-05-28 01:53:22,2026-05-27 15:35:17,0,0,yes,2026-05-02 15:17:37,3.0,Tue|Sun,late_night,2.4,2026-06-27,yes,yes,1,0,,,0,4,True,False,NYC,False
u_103088,NYC,2026-05-02 16:15:22,reentry_org,35-44,en,phone,withdrawn,0,,,,2026-05-06 01:02:14,2026-05-04 19:40:31,0,0,no,,,,,,,,no,0,0,,,0,0,False,False,NYC,False
u_102005,NYC,2026-05-02 16:31:59,paid_social,35-44,en,phone,not_started,0,,,,2026-05-02 20:16:48,2026-05-02 16:31:59,0,0,yes,2026-05-02 17:54:59,5.0,Thu|Fri|Sat,late_night,2.3,2026-06-28,unsure,no,0,0,,,0,0,False,False,NYC,False
u_102567,NYC,2026-05-02 17:18:16,reentry_org,35-44,en,phone,inactive,3,2026-05-07 20:04:00,2026-05-10 19:16:00,,2026-05-17 16:43:41,2026-05-17 07:16:50,0,0,no,,,,,,,,no,0,0,,,0,3,True,False,NYC,False
u_101119,NYC,2026-05-02 19:01:21,paid_social,35-44,en,phone,inactive,3,2026-05-08 19:42:00,2026-05-10 18:09:00,,2026-05-12 00:25:08,2026-05-09 04:56:26,0,0,yes,2026-05-02 19:27:21,7.0,Mon|Wed|Fri|Sat|Sun,evening,2.9,,unsure,no,0,1,,,0,3,True,False,NYC,False
u_103704,NYC,2026-05-02 21:00:37,paid_social,45-54,en,phone,inactive,4,2026-05-03 23:12:00,2026-05-12 22:22:00,,2026-05-14 04:07:52,2026-05-13 16:50:42,0,0,no,,,,,,,,yes,0,1,,,0,4,True,False,NYC,False
u_105794,Boston,2026-05-02 21:14:10,paid_social,35-44,en,phone,course_complete,21,2026-05-02 21:29:55,2026-05-20 14:58:00,2026-05-20 14:58:00,2026-05-26 22:47:12,2026-05-23 10:46:16,0,0,yes,2026-05-02 22:26:10,10.0,Mon|Tue|Wed|Thu|Fri|Sat|Sun,afternoon,4.6,2026-05-29,no,no,0,1,,,0,21,True,True,Boston,False
u_105659,Boston,2026-05-02 21:18:58,friend_family,25-34,en,phone,not_started,0,,,,2026-05-07 07:27:21,2026-05-02 21:18:58,0,0,yes,2026-05-02 21:46:58,7.0,Mon|Wed|Thu|Sat|Sun,evening,3.8,2026-05-30,unsure,no,0,0,,,0,0,False,False,Boston,False
u_103953,NYC,2026-05-03 01:23:56,workforce_center,35-44,en,phone,permit_passed,21,2026-05-11 20:07:00,2026-06-23 17:54:00,2026-06-23 17:54:00,2026-07-06 15:54:00,2026-06-25 15:01:24,0,0,no,,,,,,,,no,0,1,2026-07-06,passed,1,21,True,True,NYC,False
u_105512,Boston,2026-05-03 01:56:25,paid_social,35-44,en,phone,not_started,0,,,,2026-05-03 02:50:21,2026-05-03 01:56:25,0,0,no,,,,,,,,no,0,0,,,0,0,False,False,Boston,False
u_104622,Sacramento,2026-05-03 07:08:13,parole_probation_officer,45-54,en,phone,inactive,18,2026-05-03 09:42:25,2026-05-31 12:23:00,,2026-06-03 18:07:44,2026-05-31 23:51:40,0,0,no,,,,,,,,yes,1,1,,,0,18,True,False,Sacramento,False
u_100483,NYC,2026-05-03 08:53:53,paid_social,18-24,en,laptop,course_complete,21,2026-05-05 19:16:00,2026-06-09 18:11:00,2026-06-09 18:11:00,2026-06-13 07:47:39,2026-06-10 15:32:43,0,0,no,,,,,,,,yes,2,1,,,0,21,True,True,NYC,False
u_100269,NYC,2026-05-03 10:11:09,paid_social,45-54,en,shared_computer,inactive,3,2026-05-04 21:15:00,2026-05-16 17:41:00,,2026-05-21 09:00:18,2026-05-21 08:54:11,0,0,yes,2026-05-03 11:26:09,10.0,Mon|Tue|Wed|Thu|Fri|Sat|Sun,evening,5.5,2026-06-02,unsure,no,0,1,,,0,3,True,False,NYC,False
u_102196,NYC,2026-05-03 10:21:34,reentry_org,25-34,en,phone,inactive,2,2026-05-03 10:31:45,2026-05-03 21:15:00,,2026-05-06 20:18:34,2026-05-04 15:00:35,0,0,yes,2026-05-03 11:27:34,7.0,Mon|Tue|Wed|Fri|Sat,evening,3.3,2026-06-07,unsure,no,0,0,,,0,2,True,False,NYC,False
u_102889,NYC,2026-05-03 12:07:55,friend_family,18-24,en,laptop,not_started,0,,,,2026-05-04 00:41:17,2026-05-03 12:07:55,0,0,yes,2026-05-03 13:32:55,7.0,Mon|Tue|Wed|Thu|Sun,late_night,4.3,2026-06-18,yes,yes,0,0,,,0,0,False,False,NYC,False
u_102477,NYC,2026-05-03 15:55:43,reentry_org,35-44,en,phone,course_complete,21,2026-05-04 11:07:00,2026-06-08 06:14:00,2026-06-08 06:14:00,2026-06-13 11:28:02,2026-06-11 03:31:50,0,0,yes,2026-05-03 16:53:43,5.0,Mon|Thu|Sat,morning,1.8,2026-06-16,yes,yes,2,2,,,0,21,True,True,NYC,False
u_105396,Sacramento,2026-05-03 15:55:58,paid_social,45-54,en,phone,not_started,0,,,,2026-05-04 03:05:07,2026-05-03 15:55:58,0,0,yes,2026-05-03 16:58:58,5.0,Tue|Wed|Sun,evening,2.5,,yes,no,0,0,,,0,0,False,False,Sacramento,False
u_101247,NYC,2026-05-03 16:38:57,paid_social,18-24,en,phone,not_started,0,,,,2026-05-03 18:00:26,2026-05-03 16:38:57,0,0,yes,2026-05-03 17:30:57,3.0,Mon|Thu,evening,1.6,,no,no,0,0,,,0,0,False,False,NYC,False
u_103656,NYC,2026-05-03 19:55:46,paid_social,35-44,en,phone,not_started,0,,,,2026-05-06 06:35:20,2026-05-03 19:55:46,0,0,no,,,,,,,,no,0,0,,,0,0,False,False,NYC,False
u_104305,Sacramento,2026-05-03 20:36:15,friend_family,35-44,en,laptop,inactive,3,2026-05-03 22:35:10,2026-05-10 06:30:00,,2026-05-10 18:05:16,2026-05-05 17:56:54,0,0,no,,,,,,,,no,0,0,,,0,3,True,False,Sacramento,False
u_103452,NYC,2026-05-04 02:59:45,paid_social,25-34,en,phone,permit_passed,21,2026-05-04 04:04:26,2026-05-31 19:30:00,2026-05-31 19:30:00,2026-07-04 15:30:00,2026-05-31 23:14:53,0,0,yes,2026-05-04 04:07:45,10.0,Mon|Tue|Wed|Thu|Fri|Sat|Sun,evening,5.9,2026-06-04,unsure,yes,2,1,2026-07-04,passed,2,21,True,True,NYC,False
u_101772,NYC,2026-05-04 03:08:45,paid_social,25-34,en,phone,permit_passed,21,2026-05-04 03:41:26,2026-06-07 07:55:00,2026-06-07 07:55:00,2026-07-09 15:55:00,2026-06-13 07:17:44,0,0,yes,2026-05-04 03:43:45,7.0,Wed|Thu|Fri|Sat|Sun,morning,2.7,2026-06-22,unsure,yes,4,2,2026-07-09,passed,1,21,True,True,NYC,False
u_100721,NYC,2026-05-04 03:55:20,workforce_center,45-54,en,phone,course_complete,21,2026-05-10 08:00:00,2026-06-01 09:51:00,2026-06-01 09:51:00,2026-06-06 23:21:49,2026-06-05 13:10:43,0,0,yes,2026-05-04 04:56:20,7.0,Mon|Tue|Fri|Sat|Sun,morning,3.0,2026-06-01,yes,no,0,2,,,0,21,True,True,NYC,False
u_105738,Boston,2026-05-04 06:14:58,friend_family,25-34,en,laptop,not_started,0,,,,2026-05-04 10:51:54,2026-05-04 06:14:58,0,0,no,,,,,,,,no,0,0,,,0,0,False,False,Boston,False
u_100173,NYC,2026-05-04 07:00:16,friend_family,45-54,en,phone,not_started,0,,,,2026-05-05 21:09:22,2026-05-05 20:20:04,0,0,yes,2026-05-04 07:20:16,5.0,Mon|Wed|Thu,evening,2.4,2026-06-17,no,no,0,0,,,0,0,False,False,NYC,False
u_103901,NYC,2026-05-04 07:59:53,friend_family,25-34,en,laptop,inactive,1,2026-05-04 08:23:16,2026-05-04 08:23:16,,2026-05-04 18:55:06,2026-05-04 07:59:53,0,0,yes,2026-05-04 09:04:53,5.0,Wed|Thu|Sun,evening,2.9,2026-06-16,no,yes,2,2,,,0,1,True,False,NYC,False
u_104481,Sacramento,2026-05-04 09:06:20,workforce_center,35-44,en,phone,inactive,12,2026-05-06 08:07:00,2026-05-28 06:51:00,,2026-05-28 22:23:32,2026-05-25 21:48:40,0,0,no,,,,,,,,no,0,1,,,0,12,True,False,Sacramento,False
u_101874,NYC,2026-05-04 10:07:32,reentry_org,25-34,es,phone,permit_passed,21,2026-05-05 23:50:00,2026-06-28 23:22:00,2026-06-28 23:22:00,2026-07-26 15:22:00,2026-06-22 22:13:43,0,0,yes,2026-05-04 10:24:32,3.0,Thu|Fri,late_night,2.0,2026-07-03,yes,yes,0,1,2026-07-26,passed,1,21,True,True,NYC,False
u_103872,NYC,2026-05-04 11:46:06,paid_social,25-34,en,laptop,not_started,0,,,,2026-05-06 05:46:05,2026-05-04 11:46:06,0,0,yes,2026-05-04 12:57:06,3.0,Mon|Thu,morning,2.8,,yes,no,0,0,,,0,0,False,False,NYC,False
u_103260,NYC,2026-05-04 12:15:32,friend_family,55+,es,phone,inactive,2,2026-05-04 13:56:37,2026-05-08 18:23:00,,2026-05-09 06:54:14,2026-05-07 11:00:23,0,0,no,,,,,,,,no,0,2,,,0,2,True,False,NYC,False
u_105747,Boston,2026-05-04 12:23:57,reentry_org,35-44,en,tablet,not_started,0,,,,2026-05-04 23:30:23,2026-05-04 20:54:18,0,0,yes,2026-05-04 13:28:57,10.0,Mon|Tue|Wed|Thu|Fri|Sat|Sun,evening,5.5,2026-06-05,unsure,no,0,0,,,0,0,False,False,Boston,False
u_104862,Sacramento,2026-05-04 13:41:22,workforce_center,25-34,en,laptop,inactive,2,2026-05-10 14:19:00,2026-05-10 12:46:00,,2026-05-16 15:52:36,2026-05-14 10:55:55,0,0,yes,2026-05-04 14:18:22,10.0,Mon|Tue|Wed|Thu|Fri|Sat|Sun,afternoon,5.0,,yes,no,0,0,,,0,2,True,False,Sacramento,False
u_100650,NYC,2026-05-04 17:11:12,paid_social,18-24,en,phone,inactive,3,2026-05-15 22:34:00,2026-05-18 23:42:00,,2026-05-20 04:14:07,2026-05-18 19:23:10,0,0,no,,,,,,,,no,0,1,,,0,3,True,False,NYC,False
u_105549,Boston,2026-05-04 17:41:18,reentry_org,25-34,en,phone,not_started,0,,,,2026-05-06 22:41:34,2026-05-05 20:47:36,0,0,yes,2026-05-04 17:48:18,3.0,Wed|Fri,morning,2.7,2026-07-11,yes,yes,0,0,,,0,0,False,False,Boston,False
u_105632,Boston,2026-05-04 23:47:45,friend_family,18-24,en,laptop,inactive,3,2026-05-17 20:12:00,2026-05-20 21:08:00,,2026-05-25 10:27:17,2026-05-21 06:33:03,0,0,yes,2026-05-04 23:51:45,5.0,Tue|Thu|Sun,evening,3.4,,yes,yes,0,1,,,0,3,True,False,Boston,False
u_101103,NYC,2026-05-05 00:21:58,friend_family,45-54,es,phone,not_started,0,,,,2026-05-07 09:42:18,2026-05-05 00:21:58,0,0,no,,,,,,,,no,0,0,,,0,0,False,False,NYC,False
u_102621,NYC,2026-05-05 03:00:58,workforce_center,55+,en,phone,inactive,1,2026-05-05 03:39:42,2026-05-05 03:39:42,,2026-05-06 05:57:50,2026-05-05 03:00:58,0,0,yes,2026-05-05 03:16:58,3.0,Thu|Sun,evening,1.4,2026-07-02,yes,yes,0,2,,,0,1,True,False,NYC,False
u_104272,Sacramento,2026-05-05 04:18:04,workforce_center,25-34,en,phone,not_started,0,,,,2026-05-07 00:57:22,2026-05-05 15:55:37,0,0,no,,,,,,,,no,0,0,,,0,0,False,False,Sacramento,False
u_102282,NYC,2026-05-05 06:01:01,workforce_center,35-44,en,phone,not_started,0,,,,2026-05-06 11:19:56,2026-05-05 06:01:01,0,0,yes,2026-05-05 06:43:01,5.0,Wed|Thu|Sat,morning,2.0,2026-06-21,yes,no,0,0,,,0,0,False,False,NYC,False
u_105587,Boston,2026-05-05 06:19:22,paid_social,35-44,en,phone,inactive,2,2026-05-07 22:46:00,2026-05-07 23:45:00,,2026-05-08 20:34:26,2026-05-05 19:49:30,0,0,no,,,,,,,,no,0,0,,,0,2,True,False,Boston,False
u_104140,Sacramento,2026-05-05 07:38:06,reentry_org,25-34,en,tablet,inactive,18,2026-05-05 07:45:01,2026-05-26 19:26:00,,2026-05-27 09:28:01,2026-05-20 09:50:51,0,0,yes,2026-05-05 07:48:06,10.0,Mon|Tue|Wed|Thu|Fri|Sat|Sun,evening,4.4,,yes,no,0,3,,,0,18,True,False,Sacramento,False
u_100526,NYC,2026-05-05 11:40:13,parole_probation_officer,35-44,en,phone,inactive,2,2026-05-08 23:26:00,2026-05-09 22:09:00,,2026-05-14 13:11:58,2026-05-12 07:41:07,0,0,yes,2026-05-05 12:32:13,3.0,Mon|Tue,late_night,1.5,2026-07-17,yes,yes,1,1,,,0,2,True,False,NYC,False
u_102071,NYC,2026-05-05 11:54:53,workforce_center,35-44,en,phone,permit_passed,21,2026-05-11 23:17:00,2026-06-19 22:17:00,2026-06-19 22:17:00,2026-07-09 15:17:00,2026-06-17 15:38:22,0,0,yes,2026-05-05 12:29:53,5.0,Wed|Thu|Sat,late_night,3.7,2026-06-22,yes,yes,3,3,2026-07-09,passed,1,21,True,True,NYC,False
u_100214,NYC,2026-05-05 12:21:31,reentry_org,25-34,en,phone,not_started,0,,,,2026-05-07 18:51:45,2026-05-05 12:21:31,0,0,no,,,,,,,,yes,0,0,,,0,0,False,False,NYC,False
u_104398,Sacramento,2026-05-05 13:02:03,parole_probation_officer,25-34,en,laptop,inactive,1,2026-05-08 14:48:00,2026-05-08 14:48:00,,2026-05-18 05:13:34,2026-05-12 23:18:13,0,0,yes,2026-05-05 14:20:03,5.0,Wed|Thu|Sat,afternoon,2.3,,unsure,no,0,0,,,0,1,True,False,Sacramento,False
u_100724,NYC,2026-05-05 13:31:11,reentry_org,25-34,en,phone,course_complete,21,2026-05-05 13:49:01,2026-05-24 20:46:00,2026-05-24 20:46:00,2026-05-25 00:02:47,2026-05-18 12:02:10,0,0,yes,2026-05-05 14:03:11,10.0,Mon|Tue|Wed|Thu|Fri|Sat|Sun,evening,5.0,2026-06-07,no,no,0,1,,,0,21,True,True,NYC,False
u_102940,NYC,2026-05-05 15:38:07,friend_family,18-24,en,phone,permit_passed,21,2026-05-05 16:03:38,2026-07-09 14:16:00,2026-07-09 14:16:00,2026-07-25 15:16:00,2026-07-12 02:17:19,0,0,yes,2026-05-05 16:51:07,3.0,Mon|Wed,afternoon,2.4,2026-07-18,yes,yes,6,1,2026-07-25,passed,1,21,True,True,NYC,False
u_101807,NYC,2026-05-05 16:27:16,paid_social,25-34,en,phone,inactive,3,2026-05-05 17:09:39,2026-05-10 08:49:00,,2026-05-14 00:41:27,2026-05-13 23:00:36,0,0,no,,,,,,,,yes,1,1,,,0,3,True,False,NYC,False
u_102515,NYC,2026-05-05 16:55:20,reentry_org,45-54,en,phone,withdrawn,1,2026-05-11 17:55:00,2026-05-11 17:55:00,,2026-05-14 19:24:50,2026-05-08 13:21:07,0,0,no,,,,,,,,no,0,0,,,0,1,True,False,NYC,False
u_104984,Sacramento,2026-05-05 19:15:45,reentry_org,18-24,en,phone,permit_passed,21,2026-05-05 19:37:06,2026-05-23 13:24:00,2026-05-23 13:24:00,2026-06-01 15:24:00,2026-05-25 14:11:55,0,0,yes,2026-05-05 20:29:45,7.0,Mon|Wed|Thu|Fri|Sun,afternoon,3.9,2026-06-07,yes,no,0,2,2026-06-01,passed,1,21,True,True,Sacramento,False
u_103989,Sacramento,2026-05-05 20:27:07,reentry_org,35-44,en,phone,not_started,0,,,,2026-05-06 17:55:14,2026-05-05 20:27:07,0,0,yes,2026-05-05 20:34:07,3.0,Tue|Sun,late_night,1.8,,yes,yes,0,0,,,0,0,False,False,Sacramento,False
u_103651,NYC,2026-05-05 20:27:42,parole_probation_officer,35-44,en,tablet,not_started,0,,,,2026-05-06 00:23:17,2026-05-05 20:27:42,0,0,yes,2026-05-05 21:00:42,3.0,Mon|Tue,evening,2.8,2026-07-08,yes,no,0,0,,,0,0,False,False,NYC,False
u_103030,NYC,2026-05-05 21:17:46,paid_social,45-54,en,laptop,inactive,1,2026-05-10 23:25:00,2026-05-10 23:25:00,,2026-05-17 11:08:00,2026-05-17 06:29:05,0,0,no,,,,,,,,yes,0,1,,,0,1,True,False,NYC,False
u_100469,NYC,2026-05-05 22:05:52,friend_family,18-24,en,tablet,permit_passed,21,2026-05-05 22:41:04,2026-06-22 22:25:00,2026-06-22 22:25:00,2026-07-14 15:25:00,2026-06-26 17:50:56,0,0,no,,,,,,,,yes,6,1,2026-07-14,passed,1,21,True,True,NYC,False
u_104328,Sacramento,2026-05-06 01:36:17,reentry_org,35-44,es,tablet,permit_passed,21,2026-05-10 21:36:00,2026-05-31 20:19:00,2026-05-31 20:19:00,2026-06-14 15:19:00,2026-05-31 15:19:45,0,0,yes,2026-05-06 02:58:17,10.0,Mon|Tue|Wed|Thu|Fri|Sat|Sun,evening,4.1,,yes,no,0,2,2026-06-14,passed,1,21,True,True,Sacramento,False
u_104438,Sacramento,2026-05-06 02:53:11,parole_probation_officer,25-34,es,phone,not_started,0,,,,2026-05-10 07:00:33,2026-05-09 14:00:11,0,0,yes,2026-05-06 04:20:11,7.0,Tue|Thu|Fri|Sat|Sun,afternoon,4.3,,yes,yes,0,0,,,0,0,False,False,Sacramento,False
u_103327,NYC,2026-05-06 06:47:17,reentry_org,25-34,en,phone,inactive,11,2026-05-16 19:28:00,2026-06-27 20:27:00,,2026-07-04 06:41:08,2026-06-29 07:19:44,0,0,yes,2026-05-06 07:08:17,3.0,Wed|Thu,evening,2.7,2026-07-12,yes,no,0,3,,,0,11,True,False,NYC,False
u_105565,Boston,2026-05-06 06:48:13,parole_probation_officer,55+,en,phone,inactive,2,2026-05-09 08:08:00,2026-05-09 08:14:00,,2026-05-15 20:31:15,2026-05-09 11:26:38,0,0,yes,2026-05-06 07:12:13,3.0,Mon|Wed,morning,1.0,2026-07-16,no,no,0,0,,,0,2,True,False,Boston,False
u_102395,NYC,2026-05-06 08:38:07,workforce_center,25-34,en,phone,permit_passed,21,2026-05-06 09:11:53,2026-05-25 16:02:00,2026-05-25 16:02:00,2026-06-27 15:02:00,2026-05-22 06:35:31,0,0,no,,,,,,,,no,0,2,2026-06-27,passed,1,21,True,True,NYC,False
u_101639,NYC,2026-05-06 13:06:54,workforce_center,35-44,en,phone,not_started,0,,,,2026-05-07 00:41:37,2026-05-06 21:33:13,0,0,no,,,,,,,,no,0,0,,,0,0,False,False,NYC,False
u_100193,NYC,2026-05-06 14:14:44,workforce_center,55+,en,tablet,permit_failed,21,2026-05-06 15:39:25,2026-06-30 23:46:00,2026-06-30 23:46:00,2026-07-30 15:46:00,2026-06-29 03:06:37,0,0,yes,2026-05-06 14:27:44,3.0,Mon|Wed,late_night,1.2,2026-07-02,yes,no,0,3,2026-07-30,failed,1,21,True,True,NYC,False
u_103519,NYC,2026-05-06 15:27:23,reentry_org,45-54,en,phone,inactive,1,2026-05-09 15:24:00,2026-05-09 15:24:00,,2026-05-15 22:07:54,2026-05-11 23:12:32,0,0,no,,,,,,,,no,0,0,,,0,1,True,False,NYC,False
u_102867,NYC,2026-05-06 15:39:47,reentry_org,18-24,es,phone,course_complete,21,2026-05-06 15:56:11,2026-06-17 17:23:00,2026-06-17 17:23:00,2026-06-22 01:54:33,2026-06-17 00:37:49,0,0,yes,2026-05-06 16:24:47,5.0,Tue|Thu|Fri,evening,3.2,2026-06-29,yes,no,0,1,,,0,21,True,True,NYC,False
u_104290,Sacramento,2026-05-06 16:35:44,workforce_center,45-54,es,laptop,not_started,0,,,,2026-05-10 02:34:45,2026-05-08 19:04:32,0,0,yes,2026-05-06 17:27:44,5.0,Tue|Wed|Fri,evening,3.5,,no,no,0,0,,,0,0,False,False,Sacramento,False
u_105182,Sacramento,2026-05-06 17:33:50,parole_probation_officer,18-24,en,shared_computer,inactive,3,2026-05-07 07:57:00,2026-05-12 08:00:00,,2026-05-15 17:55:18,2026-05-13 18:59:54,0,0,no,,,,,,,,yes,0,1,,,0,3,True,False,Sacramento,False
u_105364,Sacramento,2026-05-06 19:35:14,workforce_center,35-44,en,phone,permit_passed,21,2026-05-07 17:43:00,2026-06-18 17:29:00,2026-06-18 17:29:00,2026-07-06 15:29:00,2026-06-07 06:53:35,0,0,no,,,,,,,,yes,0,1,2026-07-06,passed,1,21,True,True,Sacramento,False
u_100744,NYC,2026-05-06 20:24:14,paid_social,25-34,es,laptop,not_started,0,,,,2026-05-08 15:16:43,2026-05-06 20:24:14,0,0,yes,2026-05-06 21:39:14,10.0,Mon|Tue|Wed|Thu|Fri|Sat|Sun,morning,4.2,2026-05-30,yes,no,0,0,,,0,0,False,False,NYC,False
u_101563,NYC,2026-05-06 22:50:48,reentry_org,18-24,en,phone,inactive,1,2026-05-06 23:24:55,2026-05-06 23:24:55,,2026-05-09 22:57:18,2026-05-06 22:50:48,0,0,no,,,,,,,,yes,0,2,,,0,1,True,False,NYC,False
u_101780,NYC ,2026-05-06 23:32:23,workforce_center,45-54,en,tablet,permit_passed,21,2026-05-06 23:41:02,2026-05-28 20:43:00,2026-05-28 20:43:00,2026-07-01 15:43:00,2026-06-04 06:53:47,0,0,yes,2026-05-06 23:58:23,10.0,Mon|Tue|Wed|Thu|Fri|Sat|Sun,evening,4.9,2026-05-28,no,yes,3,2,2026-07-01,passed,1,21,True,True,NYC,False
u_104279,Sacramento,2026-05-07 01:20:01,paid_social,18-24,en,phone,not_started,0,,,,2026-05-11 20:05:46,2026-05-10 15:49:39,0,0,no,,,,,,,,yes,0,0,,,0,0,False,False,Sacramento,False
u_105426,Sacramento,2026-05-07 01:49:29,reentry_org,25-34,en,phone,inactive,4,2026-05-08 12:05:00,2026-05-15 16:57:00,,2026-05-17 11:56:50,2026-05-15 05:17:06,0,0,yes,2026-05-07 03:07:29,3.0,Wed|Sat,afternoon,1.2,2026-07-07,no,yes,1,1,,,0,4,True,False,Sacramento,False
u_102724,NYC,2026-05-07 04:01:13,reentry_org,18-24,en,phone,inactive,2,2026-05-07 20:06:53,2026-05-09 09:46:00,,2026-05-09 20:43:22,2026-05-08 03:22:23,0,0,yes,2026-05-07 04:54:13,10.0,Mon|Tue|Wed|Thu|Fri|Sat|Sun,morning,4.6,,no,no,0,1,,,0,2,True,False,NYC,False
u_102947,NYC,2026-05-07 07:03:25,parole_probation_officer,25-34,en,shared_computer,withdrawn,0,,,,2026-05-08 19:08:11,2026-05-07 07:03:25,0,0,yes,2026-05-07 07:52:25,5.0,Thu|Fri|Sat,morning,2.8,2026-06-13,yes,yes,0,0,,,0,0,False,False,NYC,False
u_105317,Sacramento,2026-05-07 08:01:53,workforce_center,35-44,en,phone,course_complete,21,2026-05-07 08:10:07,2026-06-03 17:11:00,2026-06-03 17:11:00,2026-06-05 17:36:59,2026-06-05 06:34:33,0,0,no,,,,,,,,no,0,2,,,0,21,True,True,Sacramento,False
u_104876,Sacramento,2026-05-07 08:09:54,reentry_org,25-34,en,laptop,course_complete,21,2026-05-07 09:26:35,2026-06-19 11:34:00,2026-06-19 11:34:00,2026-06-19 15:27:44,2026-06-19 06:36:26,0,0,yes,2026-05-07 08:15:54,3.0,Mon|Fri,morning,2.2,2026-07-02,unsure,yes,1,2,,,0,21,True,True,Sacramento,False
u_105445,Sacramento,2026-05-07 10:17:00,friend_family,25-34,es,phone,course_complete,21,2026-05-07 10:47:56,2026-07-01 17:02:00,2026-07-01 17:02:00,2026-07-02 08:55:23,2026-06-23 23:04:51,0,0,yes,2026-05-07 11:39:00,5.0,Tue|Thu|Sun,evening,3.6,2026-06-28,yes,yes,3,2,,,0,21,True,True,Sacramento,False
u_102249,NYC,2026-05-07 10:20:53,reentry_org,18-24,en,phone,inactive,10,2026-05-07 10:30:34,2026-05-30 22:11:00,,2026-06-01 05:15:23,2026-05-29 11:29:37,0,0,yes,2026-05-07 10:34:53,3.0,Mon|Fri,late_night,2.5,,unsure,yes,6,2,,,0,10,True,False,NYC,False
u_100101,NYC,2026-05-07 10:30:59,paid_social,35-44,es,phone,not_started,0,,,,2026-05-09 16:00:33,2026-05-07 11:51:38,0,0,yes,2026-05-07 11:07:59,5.0,Thu|Sat|Sun,evening,3.7,,unsure,no,0,0,,,0,0,False,False,NYC,False
u_105770,Boston,2026-05-07 10:35:11,friend_family,25-34,en,phone,not_started,0,,,,2026-05-10 14:52:17,2026-05-07 10:35:11,0,0,yes,2026-05-07 11:35:11,3.0,Fri|Sat,morning,2.1,2026-07-04,yes,no,0,0,,,0,0,False,False,Boston,False
u_101363,NYC,2026-05-07 12:30:59,reentry_org,25-34,es,phone,permit_passed,21,2026-05-19 21:56:00,2026-07-21 20:03:00,2026-07-21 20:03:00,2026-08-18 15:03:00,2026-07-20 11:07:34,0,0,yes,2026-05-07 13:10:59,3.0,Tue|Fri,evening,2.7,2026-07-05,unsure,no,0,2,2026-08-18,passed,1,21,True,True,NYC,False
u_101684,New York,2026-05-07 16:03:51,friend_family,18-24,es,phone,course_complete,21,2026-05-17 23:41:00,2026-06-18 23:35:00,2026-06-18 23:35:00,2026-06-24 18:41:23,2026-06-17 14:40:07,0,0,yes,2026-05-07 17:11:51,7.0,Tue|Wed|Thu|Fri|Sat,late_night,4.1,2026-06-17,yes,no,0,2,,,0,21,True,True,NYC,False
u_100080,NYC,2026-05-07 17:49:10,friend_family,25-34,en,phone,not_started,0,,,,2026-05-09 19:08:46,2026-05-07 17:49:10,0,0,no,,,,,,,,no,0,0,,,0,0,False,False,NYC,False
u_102309,NYC,2026-05-07 18:15:41,reentry_org,25-34,en,phone,course_complete,21,2026-05-07 19:30:40,2026-06-22 13:38:00,2026-06-22 13:38:00,2026-06-22 15:00:22,2026-06-22 12:41:47,0,0,yes,2026-05-07 18:42:41,5.0,Mon|Thu|Sat,afternoon,2.2,2026-06-24,yes,no,0,1,,,0,21,True,True,NYC,False
u_101575,NYC,2026-05-07 19:02:57,workforce_center,18-24,es,phone,inactive,1,2026-05-08 08:03:00,2026-05-08 08:03:00,,2026-05-09 23:51:48,2026-05-08 04:22:21,0,0,no,,,,,,,,no,0,1,,,0,1,True,False,NYC,False
u_102112,NYC,2026-05-07 23:07:29,workforce_center,25-34,en,phone,inactive,2,2026-05-09 22:05:00,2026-05-10 22:42:00,,2026-05-11 02:30:53,2026-05-07 23:07:29,0,0,yes,2026-05-07 23:14:29,5.0,Wed|Thu|Sun,late_night,3.4,2026-06-15,no,no,0,1,,,0,2,True,False,NYC,False
u_105010,Sacramento,2026-05-08 01:54:35,parole_probation_officer,35-44,en,phone,permit_passed,21,2026-05-08 14:50:20,2026-05-24 08:25:00,2026-05-24 08:25:00,2026-06-02 15:25:00,2026-05-24 05:26:05,0,0,yes,2026-05-08 02:39:35,7.0,Mon|Tue|Thu|Sat|Sun,morning,4.2,2026-06-20,yes,no,0,3,2026-06-02,passed,1,21,True,True,Sacramento,False
u_102533,NYC,2026-05-08 05:17:10,reentry_org,35-44,en,phone,inactive,3,2026-05-14 19:43:00,2026-05-18 21:13:00,,2026-05-20 09:25:59,2026-05-18 16:08:49,0,0,yes,2026-05-08 06:01:10,5.0,Thu|Fri|Sun,evening,3.6,2026-06-23,unsure,no,0,0,,,0,3,True,False,NYC,False
u_104750,Sacramento,2026-05-08 05:55:00,paid_social,45-54,en,laptop,not_started,0,,,,2026-05-09 10:11:00,2026-05-08 05:55:00,0,0,yes,2026-05-08 06:06:00,10.0,Mon|Tue|Wed|Thu|Fri|Sat|Sun,morning,4.2,2026-06-15,yes,no,0,0,,,0,0,False,False,Sacramento,False
u_100566,NYC,2026-05-08 08:42:11,paid_social,18-24,es,phone,inactive,4,2026-05-10 18:50:00,2026-05-16 21:30:00,,2026-05-19 17:31:47,2026-05-16 09:25:33,0,0,no,,,,,,,,no,0,1,,,0,4,True,False,NYC,False
u_104407,Sacramento,2026-05-08 09:29:33,paid_social,25-34,en,phone,inactive,3,2026-05-13 18:11:00,2026-05-18 20:41:00,,2026-05-22 10:36:13,2026-05-20 05:12:42,0,0,yes,2026-05-08 10:45:33,5.0,Wed|Sat|Sun,evening,2.9,,no,no,0,0,,,0,3,True,False,Sacramento,False
u_104975,Sacramento,2026-05-08 13:07:29,paid_social,35-44,en,shared_computer,inactive,2,2026-05-11 10:03:00,2026-05-12 06:52:00,,2026-05-13 14:30:29,2026-05-08 13:07:29,0,0,yes,2026-05-08 14:29:29,5.0,Mon|Tue|Sun,morning,3.1,2026-06-14,unsure,no,0,0,,,0,2,True,False,Sacramento,False
u_101107,NYC,2026-05-08 17:02:23,parole_probation_officer,18-24,en,phone,inactive,1,2026-05-12 07:35:00,2026-05-12 07:35:00,,2026-05-15 12:26:51,2026-05-15 06:47:45,0,0,no,,,,,,,,no,0,0,,,0,1,True,False,NYC,False
u_100320,NYC,2026-05-08 17:17:33,reentry_org,35-44,en,phone,withdrawn,1,2026-05-15 16:03:00,2026-05-15 16:03:00,,2026-05-16 13:24:26,2026-05-15 02:58:14,0,0,no,,,,,,,,yes,2,2,,,0,1,True,False,NYC,False
u_102069,NYC,2026-05-08 23:04:16,parole_probation_officer,25-34,en,phone,permit_passed,21,2026-05-08 23:27:51,2026-06-13 13:36:00,2026-06-13 13:36:00,2026-07-12 15:36:00,2026-06-11 11:35:29,0,0,yes,2026-05-09 00:01:16,7.0,Mon|Tue|Wed|Sat|Sun,afternoon,4.4,2026-06-11,yes,no,0,2,2026-07-12,passed,1,21,True,True,NYC,False
u_102468,NYC,2026-05-09 02:42:09,parole_probation_officer,25-34,en,phone,not_started,0,,,,2026-05-09 16:00:56,2026-05-09 08:52:17,0,0,yes,2026-05-09 03:11:09,3.0,Wed|Thu,evening,1.2,,yes,no,0,0,,,0,0,False,False,NYC,False
u_102893,NYC,2026-05-09 04:57:51,parole_probation_officer,25-34,en,phone,course_complete,21,2026-05-14 13:32:00,2026-06-12 14:28:00,2026-06-12 14:28:00,2026-06-30 00:30:48,2026-06-29 19:47:19,0,0,no,,,,,,,,yes,0,1,,,0,21,True,True,NYC,False
u_105662,Boston,2026-05-09 05:49:26,paid_social,18-24,en,laptop,not_started,0,,,,2026-05-09 13:20:28,2026-05-09 05:49:26,0,0,yes,2026-05-09 06:12:26,3.0,Mon|Wed,morning,2.2,2026-07-24,yes,yes,0,0,,,0,0,False,False,Boston,False
u_101123,NYC,2026-05-09 07:05:24,workforce_center,25-34,en,phone,not_started,0,,,,2026-05-10 09:47:44,2026-05-09 07:05:24,0,0,no,,,,,,,,yes,0,0,,,0,0,False,False,NYC,False
u_105531,Boston,2026-05-09 07:12:43,reentry_org,25-34,es,phone,inactive,2,2026-05-09 07:21:00,2026-05-09 19:36:00,,2026-05-11 16:28:17,2026-05-09 07:12:43,0,0,yes,2026-05-09 08:18:43,3.0,Fri|Sun,evening,1.3,2026-07-22,yes,no,0,1,,,0,2,True,False,Boston,False
u_101523,NYC,2026-05-09 10:49:32,workforce_center,25-34,es,phone,not_started,0,,,,2026-05-09 18:39:27,2026-05-09 10:49:32,0,0,yes,2026-05-09 11:38:32,5.0,Mon|Fri|Sat,evening,3.0,2026-06-28,no,no,0,0,,,0,0,False,False,NYC,False
u_105195,Sacramento,2026-05-09 11:39:48,paid_social,45-54,en,phone,not_started,0,,,,2026-05-09 11:52:38,2026-05-09 11:39:48,0,0,yes,2026-05-09 12:47:48,5.0,Mon|Wed|Sat,morning,3.5,2026-07-02,yes,yes,0,0,,,0,0,False,False,Sacramento,False
u_105132,Sacramento,2026-05-09 12:08:24,paid_social,35-44,es,laptop,not_started,0,,,,2026-05-09 18:53:34,2026-05-09 12:08:24,0,0,yes,2026-05-09 13:36:24,5.0,Mon|Tue|Thu,late_night,1.8,2026-06-17,yes,no,0,0,,,0,0,False,False,Sacramento,False
u_103391,NYC,2026-05-09 12:35:51,reentry_org,25-34,en,phone,inactive,3,2026-05-10 17:09:00,2026-05-19 18:35:00,,2026-05-20 13:37:20,2026-05-20 07:37:29,0,0,yes,2026-05-09 13:09:51,7.0,Mon|Wed|Thu|Fri|Sun,evening,3.2,,yes,no,0,1,,,0,3,True,False,NYC,False
u_105538,Boston,2026-05-09 15:34:49,paid_social,25-34,es,tablet,permit_passed,21,2026-05-11 23:13:00,2026-06-10 23:34:00,2026-06-10 23:34:00,2026-07-15 15:34:00,2026-06-17 00:41:57,0,0,no,,,,,,,,no,0,3,2026-07-15,passed,1,21,True,True,Boston,False
u_103357,NYC,2026-05-09 18:13:41,paid_social,35-44,en,phone,inactive,3,2026-05-10 22:38:00,2026-05-15 22:43:00,,2026-05-16 04:30:15,2026-05-10 19:44:56,0,0,no,,,,,,,,no,0,1,,,0,3,True,False,NYC,False
u_102942,NYC,2026-05-09 18:26:06,parole_probation_officer,45-54,en,phone,not_started,0,,,,2026-05-15 16:36:54,2026-05-15 14:54:42,0,0,yes,2026-05-09 18:34:06,10.0,Mon|Tue|Wed|Thu|Fri|Sat|Sun,afternoon,5.2,2026-06-03,no,no,0,0,,,0,0,False,False,NYC,False
u_104081,Sacramento,2026-05-09 18:32:59,reentry_org,25-34,en,phone,course_complete,21,2026-05-10 10:07:00,2026-05-29 06:58:00,2026-05-29 06:58:00,2026-06-07 06:15:19,2026-06-07 01:25:16,0,0,no,,,,,,,,yes,1,2,,,0,21,True,True,Sacramento,False
u_101234,NYC,2026-05-09 21:12:38,paid_social,35-44,en,phone,inactive,4,2026-05-10 16:26:00,2026-05-19 14:08:00,,2026-05-21 05:47:15,2026-05-13 21:33:03,0,0,yes,2026-05-09 21:46:38,5.0,Thu|Fri|Sat,afternoon,3.7,,yes,no,0,0,,,0,4,True,False,NYC,False
u_102554,NYC,2026-05-09 21:18:21,parole_probation_officer,35-44,en,shared_computer,not_started,0,,,,2026-05-10 02:38:26,2026-05-09 21:18:21,0,0,no,,,,,,,,yes,0,0,,,0,0,False,False,NYC,False
u_102461,NYC,2026-05-09 22:14:55,workforce_center,35-44,en,tablet,permit_passed,21,2026-05-10 23:15:00,2026-06-15 23:46:00,2026-06-15 23:46:00,2026-06-27 15:46:00,2026-06-17 14:37:01,0,0,no,,,,,,,,no,0,1,2026-06-27,passed,1,21,True,True,NYC,False
u_101210,NYC,2026-05-09 22:25:49,reentry_org,25-34,en,phone,inactive,4,2026-05-11 21:43:00,2026-05-16 17:34:00,,2026-05-18 21:12:42,2026-05-17 19:58:40,0,0,yes,2026-05-09 22:49:49,5.0,Wed|Sat|Sun,evening,1.8,,yes,no,0,1,,,0,4,True,False,NYC,False
u_105859,Boston,2026-05-09 22:35:57,reentry_org,18-24,en,laptop,inactive,3,2026-05-09 22:50:30,2026-05-15 20:27:00,,2026-05-18 08:32:06,2026-05-11 06:52:56,0,0,yes,2026-05-10 00:02:57,3.0,Mon|Tue,evening,2.7,2026-07-14,yes,no,0,1,,,0,3,True,False,Boston,False
u_103893,NYC,2026-05-09 22:45:20,parole_probation_officer,35-44,en,phone,inactive,1,2026-05-09 23:01:13,2026-05-09 23:01:13,,2026-05-15 09:56:19,2026-05-12 06:09:26,0,0,yes,2026-05-09 23:03:20,5.0,Fri|Sat|Sun,morning,1.8,2026-06-23,unsure,yes,6,0,,,0,1,True,False,NYC,False
u_103777,NYC,2026-05-10 08:45:39,paid_social,25-34,en,phone,not_started,0,,,,2026-05-12 01:14:09,2026-05-10 08:45:39,0,0,yes,2026-05-10 09:07:39,7.0,Mon|Tue|Wed|Sat|Sun,afternoon,4.0,2026-06-11,no,yes,0,0,,,0,0,False,False,NYC,False
u_102934,NYC,2026-05-10 10:27:31,paid_social,25-34,en,phone,inactive,5,2026-05-10 22:22:23,2026-05-24 19:32:00,,2026-05-26 11:42:05,2026-05-25 17:41:09,0,0,yes,2026-05-10 10:32:31,7.0,Tue|Wed|Thu|Fri|Sun,evening,3.8,2026-06-28,unsure,no,0,1,,,0,5,True,False,NYC,False
u_102983,NYC,2026-05-10 12:24:33,parole_probation_officer,25-34,en,phone,inactive,3,2026-05-15 22:45:00,2026-05-26 23:10:00,,2026-05-30 08:09:14,2026-05-22 21:53:38,0,0,yes,2026-05-10 13:13:33,3.0,Tue|Sat,late_night,1.8,2026-07-08,unsure,no,0,0,,,0,3,True,False,NYC,False
u_100656,NYC,2026-05-10 12:54:11,reentry_org,35-44,en,laptop,withdrawn,2,2026-05-14 22:47:00,2026-05-22 22:24:00,,2026-05-25 21:02:54,2026-05-25 06:11:31,0,0,yes,2026-05-10 14:16:11,7.0,Mon|Tue|Wed|Thu|Sun,late_night,3.0,2026-06-13,yes,no,0,2,,,0,2,True,False,NYC,False
u_102863,NYC,2026-05-10 14:11:31,reentry_org,25-34,en,shared_computer,not_started,0,,,,2026-05-10 20:21:41,2026-05-10 14:11:31,0,0,yes,2026-05-10 15:36:31,10.0,Mon|Tue|Wed|Thu|Fri|Sat|Sun,late_night,5.4,2026-06-09,yes,no,0,0,,,0,0,False,False,NYC,False
u_100716,NYC,2026-05-10 14:27:21,parole_probation_officer,25-34,en,phone,course_complete,21,2026-05-15 06:49:00,2026-06-05 11:48:00,2026-06-05 11:48:00,2026-06-07 09:53:04,2026-06-06 10:15:59,0,0,yes,2026-05-10 15:43:21,7.0,Tue|Thu|Fri|Sat|Sun,morning,2.9,,yes,no,0,1,,,0,21,True,True,NYC,False
u_103046,NYC,2026-05-10 15:00:29,parole_probation_officer,18-24,en,phone,inactive,4,2026-05-19 15:40:00,2026-05-29 16:50:00,,2026-05-31 03:34:54,2026-05-29 11:01:43,0,0,yes,2026-05-10 15:08:29,7.0,Tue|Thu|Fri|Sat|Sun,afternoon,3.7,2026-06-09,yes,no,0,0,,,0,4,True,False,NYC,False
u_103483,NYC,2026-05-10 17:48:21,reentry_org,25-34,en,phone,inactive,2,2026-05-10 18:06:37,2026-05-11 07:12:00,,2026-05-14 00:40:48,2026-05-11 23:35:54,0,0,no,,,,,,,,no,0,0,,,0,2,True,False,NYC,False
u_104510,Sacramento,2026-05-10 18:33:15,friend_family,25-34,en,phone,permit_passed,21,2026-05-10 19:41:03,2026-06-14 22:48:00,2026-06-14 22:48:00,2026-06-22 17:38:46,2026-06-18 23:36:23,0,0,yes,2026-05-10 20:00:15,5.0,Thu|Fri|Sun,late_night,2.9,2026-06-19,unsure,no,0,1,2026-06-22,passed,1,21,True,True,Sacramento,False
u_101050,NYC,2026-05-10 20:51:07,paid_social,25-34,en,laptop,inactive,1,2026-05-13 13:49:00,2026-05-13 13:49:00,,2026-05-14 04:20:29,2026-05-10 20:51:07,0,0,yes,2026-05-10 21:19:07,7.0,Mon|Tue|Wed|Fri|Sat,afternoon,3.2,,yes,no,0,1,,,0,1,True,False,NYC,False
u_102594,NYC,2026-05-11 00:24:16,friend_family,35-44,es,laptop,not_started,0,,,,2026-05-14 12:08:36,2026-05-11 00:24:16,0,0,yes,2026-05-11 00:59:16,5.0,Wed|Sat|Sun,evening,3.2,2026-06-25,yes,yes,0,0,,,0,0,False,False,NYC,False
u_103248,NYC,2026-05-11 01:38:39,paid_social,25-34,es,phone,not_started,0,,,,2026-05-11 03:38:34,2026-05-11 01:38:39,0,0,yes,2026-05-11 02:13:39,7.0,Tue|Wed|Thu|Sat|Sun,morning,3.8,2026-06-15,yes,no,0,0,,,0,0,False,False,NYC,False
u_105507,Boston,2026-05-11 01:45:53,workforce_center,35-44,es,phone,inactive,14,2026-05-13 23:12:00,2026-06-01 23:45:00,,2026-06-03 09:39:35,2026-05-28 03:22:29,0,0,yes,2026-05-11 02:56:53,5.0,Mon|Thu|Fri,late_night,3.4,2026-07-07,yes,no,0,2,,,0,14,True,False,Boston,False
u_104495,Sacramento,2026-05-11 01:57:13,parole_probation_officer,25-34,en,phone,inactive,1,2026-05-11 02:16:10,2026-05-11 02:16:10,,2026-05-15 01:22:07,2026-05-11 01:57:13,0,0,no,,,,,,,,no,0,0,,,0,1,True,False,Sacramento,False
u_104644,Sacramento,2026-05-11 02:35:41,paid_social,55+,en,phone,not_started,0,,,,2026-05-13 21:00:25,2026-05-11 02:35:41,0,0,no,,,,,,,,yes,0,0,,,0,0,False,False,Sacramento,False
u_105043,Sacramento,2026-05-11 05:27:04,friend_family,25-34,en,laptop,inactive,2,2026-05-11 19:04:05,2026-05-12 23:38:00,,2026-05-18 06:38:02,2026-05-16 09:08:54,0,0,no,,,,,,,,no,0,0,,,0,2,True,False,Sacramento,False
u_103142,NYC,2026-05-11 06:28:26,paid_social,18-24,en,phone,not_started,0,,,,2026-05-13 11:22:34,2026-05-11 06:28:26,0,0,yes,2026-05-11 06:51:26,5.0,Tue|Thu|Sun,morning,3.0,2026-07-02,yes,no,0,0,,,0,0,False,False,NYC,False
u_100556,NYC,2026-05-11 06:32:25,workforce_center,45-54,en,laptop,inactive,2,2026-05-11 08:53:40,2026-05-13 12:22:00,,2026-05-14 12:10:33,2026-05-13 16:45:38,0,0,yes,2026-05-11 07:17:25,10.0,Mon|Tue|Wed|Thu|Fri|Sat|Sun,afternoon,4.4,2026-06-12,unsure,no,0,0,,,0,2,True,False,NYC,False
u_103017,NYC,2026-05-11 07:01:36,workforce_center,18-24,es,phone,inactive,3,2026-05-11 07:18:40,2026-05-16 13:39:00,,2026-05-20 22:18:34,2026-05-11 07:01:36,0,0,no,,,,,,,,no,0,2,,,0,3,True,False,NYC,False
u_105724,Boston,2026-05-11 11:50:19,friend_family,18-24,en,phone,not_started,0,,,,2026-05-14 11:52:59,2026-05-11 11:50:19,0,0,yes,2026-05-11 12:25:19,7.0,Mon|Tue|Fri|Sat|Sun,evening,4.1,2026-06-26,yes,yes,0,0,,,0,0,False,False,Boston,False
u_102251,NYC,2026-05-11 11:51:18,reentry_org,25-34,en,phone,inactive,4,2026-05-11 12:23:20,2026-05-13 12:49:00,,2026-05-16 09:21:03,2026-05-12 05:03:27,0,0,yes,2026-05-11 12:31:18,3.0,Tue|Sun,afternoon,2.0,,yes,yes,3,1,,,0,4,True,False,NYC,False
u_102884,NYC,2026-05-11 16:05:01,paid_social,25-34,en,phone,not_started,0,,,,2026-05-12 14:44:00,2026-05-11 16:05:01,0,0,no,,,,,,,,no,0,0,,,0,0,False,False,NYC,False
u_104471,Sacramento,2026-05-11 16:31:26,reentry_org,35-44,en,tablet,inactive,2,2026-05-23 20:57:00,2026-05-24 20:57:00,,2026-05-28 03:20:30,2026-05-26 08:39:58,0,0,yes,2026-05-11 17:57:26,3.0,Mon|Sun,evening,1.1,2026-07-16,yes,no,0,0,,,0,2,True,False,Sacramento,False
u_101714,NYC,2026-05-11 19:54:51,reentry_org,25-34,en,shared_computer,inactive,4,2026-05-11 20:56:14,2026-05-19 23:31:00,,2026-05-22 23:43:13,2026-05-22 18:53:38,0,0,yes,2026-05-11 20:28:51,5.0,Tue|Fri|Sat,late_night,2.6,2026-06-23,yes,no,0,0,,,0,4,True,False,NYC,False
u_102669,NYC,2026-05-11 20:11:31,paid_social,35-44,en,tablet,inactive,3,2026-05-14 11:49:00,2026-05-14 11:09:00,,2026-05-18 05:52:25,2026-05-17 16:53:00,0,0,yes,2026-05-11 20:38:31,10.0,Mon|Tue|Wed|Thu|Fri|Sat|Sun,morning,4.5,2026-06-09,no,yes,0,0,,,0,3,True,False,NYC,False
u_100146,nyc,2026-05-12 01:10:05,paid_social,35-44,en,phone,not_started,0,,,,2026-05-13 12:34:54,2026-05-12 01:10:05,0,0,yes,2026-05-12 01:53:05,3.0,Thu|Sun,late_night,1.1,2026-07-25,yes,no,0,0,,,0,0,False,False,NYC,False
u_103305,NYC,2026-05-12 03:14:54,friend_family,18-24,en,phone,inactive,3,2026-05-16 22:58:00,2026-05-30 23:50:00,,2026-06-04 00:54:20,2026-06-01 17:44:36,0,0,yes,2026-05-12 03:31:54,5.0,Thu|Fri|Sat,late_night,2.1,,yes,no,0,1,,,0,3,True,False,NYC,False
u_101091,NYC,2026-05-12 04:18:30,paid_social,25-34,en,phone,inactive,2,2026-05-14 21:56:00,2026-05-15 19:03:00,,2026-05-18 13:17:32,2026-05-15 09:44:00,0,0,yes,2026-05-12 05:25:30,5.0,Mon|Wed|Fri,evening,2.9,2026-06-21,yes,no,0,1,,,0,2,True,False,NYC,False
u_101481,NYC,2026-05-12 04:23:11,parole_probation_officer,18-24,en,phone,inactive,2,2026-05-12 04:36:29,2026-05-15 14:09:00,,2026-05-16 13:06:51,2026-05-12 04:23:11,0,0,yes,2026-05-12 04:44:11,5.0,Mon|Wed|Sat,afternoon,1.8,2026-06-19,yes,no,0,1,,,0,2,True,False,NYC,False
u_101352,NYC,2026-05-12 05:15:17,reentry_org,25-34,en,phone,course_complete,21,2026-05-12 05:24:54,2026-06-21 19:28:00,2026-06-21 19:28:00,2026-06-29 13:23:53,2026-06-29 00:14:25,0,0,no,,,,,,,,yes,3,2,,,0,21,True,True,NYC,False
u_103783,NYC,2026-05-12 09:55:04,paid_social,25-34,en,laptop,inactive,3,2026-05-17 08:58:00,2026-05-24 08:35:00,,2026-05-25 03:27:32,2026-05-21 22:16:29,0,0,no,,,,,,,,no,0,0,,,0,3,True,False,NYC,False
u_102848,NYC,2026-05-12 10:06:23,reentry_org,55+,en,phone,inactive,1,2026-05-16 08:47:00,2026-05-16 08:47:00,,2026-05-19 22:16:51,2026-05-16 00:33:05,0,0,no,,,,,,,,yes,0,0,,,0,1,True,False,NYC,False
u_104142,Sacramento,2026-05-12 11:01:29,friend_family,35-44,en,phone,permit_passed,21,2026-05-12 13:27:44,2026-07-05 23:23:00,2026-07-05 23:23:00,2026-07-21 15:23:00,2026-07-16 22:52:41,0,0,yes,2026-05-12 12:10:29,3.0,Tue|Sun,late_night,1.0,2026-07-15,yes,no,0,2,2026-07-21,passed,2,21,True,True,Sacramento,False
u_103849,NYC,2026-05-12 12:17:47,friend_family,35-44,en,phone,inactive,3,2026-05-13 19:50:00,2026-05-23 17:04:00,,2026-05-27 01:36:41,2026-05-20 00:02:10,0,0,yes,2026-05-12 12:37:47,10.0,Mon|Tue|Wed|Thu|Fri|Sat|Sun,evening,4.4,2026-06-20,yes,no,0,0,,,0,3,True,False,NYC,False
u_101806,nyc,2026-05-12 12:32:03,paid_social,18-24,en,laptop,not_started,0,,,,2026-05-13 09:18:37,2026-05-12 22:15:33,0,0,yes,2026-05-12 12:37:03,5.0,Mon|Tue|Wed,evening,3.0,,unsure,no,0,0,,,0,0,False,False,NYC,False
u_100955,NYC,2026-05-12 13:09:40,friend_family,25-34,en,laptop,course_complete,21,2026-05-14 21:42:00,2026-06-19 17:46:00,2026-06-19 17:46:00,2026-07-04 09:21:58,2026-06-30 10:19:09,0,0,no,,,,,,,,yes,0,1,,,0,21,True,True,NYC,False
u_104849,Sacramento,2026-05-12 13:45:13,workforce_center,45-54,en,laptop,not_started,0,,,,2026-05-14 02:48:14,2026-05-12 17:20:43,0,0,yes,2026-05-12 15:01:13,3.0,Tue|Wed,evening,2.3,2026-07-24,no,yes,0,0,,,0,0,False,False,Sacramento,False
u_105474,Boston,2026-05-12 17:28:07,parole_probation_officer,25-34,en,phone,not_started,0,,,,2026-05-13 06:52:05,2026-05-12 17:28:07,0,0,yes,2026-05-12 17:37:07,10.0,Mon|Tue|Wed|Thu|Fri|Sat|Sun,evening,5.1,2026-06-08,unsure,yes,0,0,,,0,0,False,False,Boston,False
u_101272,NYC,2026-05-12 19:47:10,parole_probation_officer,18-24,en,tablet,not_started,0,,,,2026-05-13 13:07:30,2026-05-12 19:47:10,0,0,yes,2026-05-12 20:36:10,5.0,Mon|Wed|Thu,morning,1.9,,no,yes,0,0,,,0,0,False,False,NYC,False
u_100184,NYC,2026-05-12 21:01:27,friend_family,25-34,en,laptop,inactive,3,2026-05-18 17:59:00,2026-05-25 20:59:00,,2026-06-04 16:26:12,2026-06-04 05:43:42,0,0,no,,,,,,,,yes,6,1,,,0,3,True,False,NYC,False
u_104530,Sacramento,2026-05-12 21:21:16,reentry_org,35-44,en,laptop,not_started,0,,,,2026-05-13 15:04:24,2026-05-12 21:21:16,0,0,no,,,,,,,,no,0,0,,,0,0,False,False,Sacramento,False
u_105641,Boston,2026-05-12 23:29:25,workforce_center,35-44,en,phone,permit_passed,21,2026-05-24 22:20:00,2026-06-28 22:31:00,2026-06-28 22:31:00,2026-07-20 15:31:00,2026-07-03 18:55:53,0,0,no,,,,,,,,yes,4,1,2026-07-20,passed,1,21,True,True,Boston,False
u_103334,NYC,2026-05-13 00:12:14,paid_social,55+,en,phone,inactive,1,2026-05-17 14:11:00,2026-05-17 14:11:00,,2026-05-19 13:17:47,2026-05-15 13:45:51,0,0,no,,,,,,,,no,0,1,,,0,1,True,False,NYC,False
u_105374,Sacramento,2026-05-13 01:35:18,reentry_org,25-34,en,phone,inactive,4,2026-05-17 23:32:00,2026-05-26 22:13:00,,2026-05-27 21:59:54,2026-05-21 11:30:00,0,0,no,,,,,,,,no,0,0,,,0,4,True,False,Sacramento,False
u_105359,Sacramento,2026-05-13 02:39:50,paid_social,35-44,en,laptop,inactive,2,2026-05-14 22:31:00,2026-05-24 22:59:00,,2026-05-28 00:26:04,2026-05-13 02:39:50,0,0,yes,2026-05-13 02:44:50,5.0,Wed|Thu|Sun,late_night,2.3,,unsure,no,0,1,,,0,2,True,False,Sacramento,False
u_100942,NYC,2026-05-13 03:34:25,parole_probation_officer,35-44,en,phone,inactive,14,2026-05-16 13:17:00,2026-06-03 15:29:00,,2026-06-12 10:40:30,2026-06-06 23:03:06,0,0,yes,2026-05-13 04:29:25,5.0,Mon|Tue|Fri,afternoon,2.9,2026-07-08,unsure,yes,1,1,,,0,14,True,False,NYC,False
u_104500,Sacramento,2026-05-13 03:55:33,reentry_org,55+,en,shared_computer,inactive,3,2026-05-21 19:39:00,2026-05-24 19:45:00,,2026-05-26 02:18:59,2026-05-14 00:22:58,0,0,no,,,,,,,,no,0,0,,,0,3,True,False,Sacramento,False
u_102655,NYC,2026-05-13 05:47:53,parole_probation_officer,18-24,en,phone,inactive,5,2026-05-24 20:18:00,2026-06-08 21:22:00,,2026-06-10 03:43:12,2026-06-08 11:30:28,0,0,yes,2026-05-13 06:43:53,5.0,Tue|Fri|Sat,evening,3.3,,yes,yes,3,2,,,0,5,True,False,NYC,False
u_100848,NYC,2026-05-13 06:15:27,parole_probation_officer,25-34,en,laptop,not_started,0,,,,2026-05-13 19:55:10,2026-05-13 06:15:27,0,0,yes,2026-05-13 07:42:27,10.0,Mon|Tue|Wed|Thu|Fri|Sat|Sun,evening,4.9,2026-06-03,yes,no,0,0,,,0,0,False,False,NYC,False
u_100547,NYC,2026-05-13 07:39:55,friend_family,25-34,en,phone,permit_passed,21,2026-05-14 16:13:00,2026-06-27 12:43:00,2026-06-27 12:43:00,2026-07-23 11:31:13,2026-07-22 05:53:49,0,0,no,,,,,,,,no,0,3,2026-07-09,passed,1,21,True,True,NYC,False
u_105216,Sacramento,2026-05-13 08:58:43,friend_family,25-34,en,phone,inactive,2,2026-05-13 10:14:14,2026-05-17 17:59:00,,2026-05-19 23:50:15,2026-05-13 08:58:43,0,0,yes,2026-05-13 09:03:43,3.0,Tue|Sat,evening,1.8,,yes,no,0,1,,,0,2,True,False,Sacramento,False
u_103115,NYC,2026-05-13 10:51:22,parole_probation_officer,25-34,en,shared_computer,inactive,4,2026-05-13 11:12:36,2026-05-21 21:53:00,,2026-05-23 07:30:02,2026-05-17 17:54:27,0,0,yes,2026-05-13 11:14:22,5.0,Wed|Fri|Sat,evening,2.6,2026-07-02,yes,no,0,1,,,0,4,True,False,NYC,False
u_103392,NYC,2026-05-13 14:03:47,workforce_center,55+,en,laptop,inactive,2,2026-05-13 15:14:25,2026-05-14 10:40:00,,2026-05-14 14:58:15,2026-05-13 14:03:47,0,0,yes,2026-05-13 14:13:47,5.0,Wed|Thu|Sun,morning,1.8,2026-07-09,no,yes,1,0,,,0,2,True,False,NYC,False
u_103147,NYC,2026-05-13 15:27:37,parole_probation_officer,18-24,en,laptop,permit_passed,21,2026-05-13 15:33:38,2026-05-26 10:50:00,2026-05-26 10:50:00,2026-06-25 15:50:00,2026-05-25 15:48:45,0,0,yes,2026-05-13 16:52:37,10.0,Mon|Tue|Wed|Thu|Fri|Sat|Sun,morning,5.8,2026-06-21,yes,yes,2,1,2026-06-25,passed,1,21,True,True,NYC,False
u_103673,NYC,2026-05-13 16:19:32,reentry_org,35-44,en,shared_computer,inactive,3,2026-05-13 16:59:18,2026-05-17 23:42:00,,2026-05-24 23:41:39,2026-05-19 02:33:55,0,0,yes,2026-05-13 17:03:32,5.0,Mon|Sat|Sun,late_night,3.6,,yes,no,0,0,,,0,3,True,False,NYC,False
u_105117,Sacramento,2026-05-13 17:25:32,friend_family,35-44,en,phone,permit_passed,21,2026-05-13 19:35:28,2026-06-09 07:20:00,2026-06-09 07:20:00,2026-06-26 15:20:00,2026-06-13 20:08:04,0,0,yes,2026-05-13 18:18:32,5.0,Mon|Wed|Fri,morning,2.1,2026-06-29,yes,no,0,2,2026-06-26,passed,1,21,True,True,Sacramento,False
u_103489,NYC,2026-05-13 19:34:02,friend_family,55+,en,laptop,course_complete,21,2026-05-15 15:12:00,2026-06-20 15:33:00,2026-06-20 15:33:00,2026-06-22 02:25:08,2026-06-13 14:55:59,0,0,no,,,,,,,,no,0,1,,,0,21,True,True,NYC,False
u_100143,NYC,2026-05-13 20:16:45,paid_social,35-44,en,phone,inactive,3,2026-05-15 23:58:00,2026-05-23 23:57:00,,2026-05-24 16:55:10,2026-05-23 00:27:36,0,0,yes,2026-05-13 20:41:45,5.0,Tue|Wed|Sun,late_night,3.3,2026-06-26,yes,no,0,0,,,0,3,True,False,NYC,False
u_102938,NYC,2026-05-13 21:11:37,workforce_center,35-44,en,shared_computer,inactive,3,2026-05-15 17:07:00,2026-05-16 19:31:00,,2026-05-17 06:15:53,2026-05-13 21:11:37,0,0,yes,2026-05-13 22:01:37,3.0,Mon|Thu,evening,1.1,2026-07-11,yes,no,0,0,,,0,3,True,False,NYC,False
u_100806,NYC,2026-05-13 21:40:22,friend_family,35-44,en,phone,inactive,2,2026-05-24 19:34:00,2026-05-26 18:18:00,,2026-05-28 16:49:31,2026-05-27 14:45:29,0,0,yes,2026-05-13 22:02:22,3.0,Sat|Sun,evening,1.3,,unsure,no,0,2,,,0,2,True,False,NYC,False
u_105119,Sacramento,2026-05-13 22:04:03,paid_social,25-34,es,tablet,not_started,0,,,,2026-05-14 17:40:38,2026-05-13 22:04:03,0,0,no,,,,,,,,yes,0,0,,,0,0,False,False,Sacramento,False
u_103163,NYC,2026-05-13 23:29:48,workforce_center,25-34,en,phone,not_started,0,,,,2026-05-13 23:40:35,2026-05-13 23:29:48,0,0,no,,,,,,,,no,0,0,,,0,0,False,False,NYC,False
u_102877,NYC,2026-05-14 04:27:06,paid_social,35-44,en,phone,inactive,3,2026-05-14 04:42:50,2026-05-21 17:13:00,,2026-05-23 01:20:54,2026-05-15 16:04:42,0,0,yes,2026-05-14 05:20:06,10.0,Mon|Tue|Wed|Thu|Fri|Sat|Sun,evening,5.1,2026-06-20,no,no,0,1,,,0,3,True,False,NYC,False
u_103247,NYC,2026-05-14 05:36:49,parole_probation_officer,45-54,en,phone,course_complete,21,2026-05-15 17:45:00,2026-07-18 18:25:00,2026-07-18 18:25:00,2026-07-25 17:12:52,2026-07-20 08:34:55,0,0,yes,2026-05-14 06:55:49,3.0,Tue|Wed,evening,1.2,2026-07-21,yes,yes,4,3,,,0,21,True,True,NYC,False
u_101786,NYC,2026-05-14 07:11:43,parole_probation_officer,35-44,en,laptop,course_complete,21,2026-05-17 13:25:00,2026-06-21 15:27:00,2026-06-21 15:27:00,2026-06-22 05:58:18,2026-06-01 23:10:32,0,0,yes,2026-05-14 08:13:43,3.0,Tue|Fri,afternoon,1.8,2026-07-11,yes,no,0,2,,,0,21,True,True,NYC,False
u_101532,NYC,2026-05-14 07:26:30,reentry_org,25-34,en,phone,course_complete,21,2026-05-14 07:37:16,2026-07-02 17:10:00,2026-07-02 17:10:00,2026-07-06 22:03:47,2026-07-02 10:39:56,0,0,yes,2026-05-14 08:36:30,3.0,Mon|Sun,afternoon,2.5,,no,yes,1,3,,,0,21,True,True,NYC,False
u_105280,Sacramento,2026-05-14 07:58:38,paid_social,18-24,en,phone,inactive,2,2026-05-19 23:58:00,2026-05-19 22:20:00,,2026-05-25 16:21:47,2026-05-25 15:01:27,0,0,yes,2026-05-14 09:12:38,3.0,Thu|Sun,late_night,1.6,,unsure,no,0,0,,,0,2,True,False,Sacramento,False
u_103372,NYC,2026-05-14 10:40:52,workforce_center,18-24,en,laptop,course_complete,21,2026-05-16 19:23:00,2026-06-10 19:56:00,2026-06-10 19:56:00,2026-06-24 01:43:51,2026-06-20 17:55:58,0,0,yes,2026-05-14 11:58:52,10.0,Mon|Tue|Wed|Thu|Fri|Sat|Sun,evening,4.0,2026-06-18,unsure,no,0,1,,,0,21,True,True,NYC,False
u_105204,Sacramento,2026-05-14 10:46:51,paid_social,45-54,es,phone,not_started,0,,,,2026-05-14 16:46:43,2026-05-14 10:46:51,0,0,yes,2026-05-14 11:44:51,3.0,Tue|Sat,evening,2.4,,yes,no,0,0,,,0,0,False,False,Sacramento,False
u_102204,NYC,2026-05-14 12:11:37,friend_family,18-24,es,tablet,inactive,2,2026-05-17 07:37:00,2026-05-19 10:36:00,,2026-05-22 05:43:24,2026-05-21 03:53:05,0,0,yes,2026-05-14 12:38:37,3.0,Tue|Fri,morning,2.5,,no,no,0,1,,,0,2,True,False,NYC,False
u_104334,Sacramento,2026-05-14 12:41:18,parole_probation_officer,25-34,en,laptop,not_started,0,,,,2026-05-15 02:20:59,2026-05-14 12:41:18,0,0,yes,2026-05-14 12:59:18,3.0,Mon|Tue,evening,2.2,,yes,no,0,0,,,0,0,False,False,Sacramento,False
u_102512,NYC,2026-05-14 13:54:11,parole_probation_officer,45-54,en,phone,inactive,20,2026-05-14 14:17:57,2026-07-07 23:13:00,,2026-07-08 09:51:15,2026-07-06 20:00:05,0,0,yes,2026-05-14 14:03:11,3.0,Wed|Thu,late_night,1.1,2026-07-24,yes,yes,0,2,,,0,20,True,False,NYC,False
u_105654,Boston,2026-05-14 14:52:33,paid_social,25-34,en,laptop,inactive,3,2026-05-19 18:37:00,2026-05-27 21:11:00,,2026-05-28 12:02:41,2026-05-27 01:32:05,0,0,yes,2026-05-14 15:44:33,5.0,Wed|Thu|Sun,evening,2.6,,yes,no,0,0,,,0,3,True,False,Boston,False
u_102794,NYC,2026-05-14 15:34:01,friend_family,25-34,en,phone,not_started,0,,,,2026-05-15 21:50:14,2026-05-15 07:00:22,0,0,yes,2026-05-14 15:49:01,3.0,Mon|Tue,morning,1.8,2026-07-11,yes,no,0,0,,,0,0,False,False,NYC,False
u_103339,NYC,2026-05-14 17:26:35,workforce_center,35-44,en,phone,withdrawn,0,,,,2026-05-14 21:10:29,2026-05-14 17:26:35,0,0,no,,,,,,,,no,0,0,,,0,0,False,False,NYC,False
u_104920,Sacramento,2026-05-14 19:19:30,parole_probation_officer,25-34,en,phone,inactive,4,2026-05-14 19:51:04,2026-05-25 09:48:00,,2026-05-29 04:09:35,2026-05-26 23:15:10,0,0,yes,2026-05-14 20:11:30,7.0,Mon|Tue|Thu|Fri|Sat,morning,3.1,2026-06-21,yes,no,0,2,,,0,4,True,False,Sacramento,False
u_102481,NYC,2026-05-14 19:42:10,workforce_center,35-44,en,phone,inactive,17,2026-05-26 10:49:00,2026-06-28 06:31:00,,2026-07-04 01:50:12,2026-06-26 22:20:59,0,0,yes,2026-05-14 20:31:10,3.0,Tue|Fri,morning,2.7,2026-07-16,no,yes,1,1,,,0,16,True,False,NYC,False
u_105104,Sacramento,2026-05-14 20:04:15,friend_family,25-34,en,phone,course_complete,21,2026-05-23 06:35:00,2026-07-11 07:32:00,2026-07-11 07:32:00,2026-07-16 07:15:14,2026-07-06 19:42:23,0,0,yes,2026-05-14 21:00:15,3.0,Mon|Wed,morning,2.5,2026-07-10,yes,yes,3,3,,,0,21,True,True,Sacramento,False
u_100711,NYC,2026-05-14 21:40:29,workforce_center,35-44,en,phone,permit_passed,21,2026-05-14 22:05:58,2026-06-14 22:50:00,2026-06-14 22:50:00,2026-07-02 15:50:00,2026-06-22 13:14:01,0,0,yes,2026-05-14 21:43:29,5.0,Tue|Thu|Fri,late_night,3.7,2026-07-08,yes,yes,1,1,2026-07-02,passed,1,21,True,True,NYC,False
u_100277,NYC,2026-05-14 22:37:45,paid_social,35-44,en,phone,not_started,0,,,,2026-05-15 11:18:30,2026-05-14 22:37:45,0,0,yes,2026-05-14 23:22:45,10.0,Mon|Tue|Wed|Thu|Fri|Sat|Sun,afternoon,4.3,2026-06-09,yes,no,0,0,,,0,0,False,False,NYC,False
u_102384,NYC,2026-05-14 23:15:42,paid_social,35-44,es,phone,not_started,0,,,,2026-05-15 19:12:19,2026-05-14 23:15:42,0,0,yes,2026-05-14 23:25:42,7.0,Tue|Wed|Thu|Fri|Sat,morning,3.9,2026-06-21,yes,no,0,0,,,0,0,False,False,NYC,False
u_105829,Boston,2026-05-14 23:23:04,reentry_org,18-24,en,phone,permit_failed,21,2026-05-20 21:32:00,2026-06-22 18:13:00,2026-06-22 18:13:00,2026-07-21 15:13:00,2026-06-21 17:45:18,0,0,yes,2026-05-15 00:21:04,5.0,Tue|Wed|Thu,evening,2.6,2026-07-01,unsure,yes,3,1,2026-07-21,failed,1,21,True,True,Boston,False
u_103488,NYC,2026-05-15 01:17:24,friend_family,35-44,en,phone,not_started,0,,,,2026-05-19 22:27:17,2026-05-15 01:17:24,0,0,yes,2026-05-15 02:40:24,3.0,Wed|Sat,morning,1.0,,yes,no,0,0,,,0,0,False,False,NYC,False
u_102299,NYC,2026-05-15 01:36:45,parole_probation_officer,25-34,es,phone,withdrawn,1,2026-05-26 19:45:00,2026-05-26 19:45:00,,2026-05-27 10:04:38,2026-05-23 07:00:17,0,0,yes,2026-05-15 03:04:45,7.0,Mon|Tue|Thu|Fri|Sat,evening,4.5,,yes,no,0,2,,,0,1,True,False,NYC,False
u_103640,NYC,2026-05-15 02:21:00,workforce_center,25-34,en,laptop,inactive,3,2026-05-15 05:12:10,2026-05-23 07:47:00,,2026-05-25 14:43:35,2026-05-15 02:21:00,0,0,no,,,,,,,,no,0,1,,,0,3,True,False,NYC,False
u_104289,Sacramento,2026-05-15 04:34:27,reentry_org,35-44,en,tablet,inactive,11,2026-05-16 17:31:00,2026-06-21 20:38:00,,2026-06-22 12:44:22,2026-06-10 19:32:05,0,0,yes,2026-05-15 05:19:27,3.0,Mon|Thu,evening,2.2,2026-07-16,unsure,no,0,2,,,0,11,True,False,Sacramento,False
u_105838,Boston,2026-05-15 05:19:46,reentry_org,25-34,en,phone,withdrawn,0,,,,2026-05-16 04:46:12,2026-05-15 05:19:46,0,0,yes,2026-05-15 05:43:46,5.0,Mon|Fri|Sat,afternoon,2.0,,unsure,yes,0,0,,,0,0,False,False,Boston,False
u_103795,NYC,2026-05-15 06:49:51,workforce_center,25-34,en,phone,inactive,4,2026-05-20 10:58:00,2026-05-30 08:21:00,,2026-06-01 09:13:39,2026-05-31 11:26:32,0,0,no,,,,,,,,no,0,1,,,0,4,True,False,NYC,False
u_103859,NYC,2026-05-15 08:38:34,reentry_org,45-54,es,laptop,permit_passed,21,2026-05-15 10:28:30,2026-06-14 18:56:00,2026-06-14 18:56:00,2026-07-27 15:56:00,2026-06-14 22:43:18,0,0,yes,2026-05-15 09:50:34,5.0,Tue|Thu|Sat,evening,2.2,,yes,yes,0,1,2026-07-27,passed,2,21,True,True,NYC,False
u_101422,NYC,2026-05-15 09:34:27,paid_social,45-54,en,laptop,not_started,0,,,,2026-05-15 20:08:39,2026-05-15 09:34:27,0,0,yes,2026-05-15 10:04:27,7.0,Tue|Wed|Fri|Sat|Sun,morning,4.3,2026-07-03,yes,no,0,0,,,0,0,False,False,NYC,False
u_100871,NYC,2026-05-15 09:51:54,reentry_org,45-54,en,phone,course_complete,21,2026-05-16 15:42:00,2026-06-17 14:19:00,2026-06-17 14:19:00,2026-06-25 21:55:55,2026-06-25 16:25:11,0,0,no,,,,,,,,no,0,1,,,0,21,True,True,NYC,False
u_104248,Sacramento,2026-05-15 12:33:20,reentry_org,55+,en,phone,permit_passed,21,2026-05-17 08:38:00,2026-06-19 11:47:00,2026-06-19 11:47:00,2026-06-28 15:47:00,2026-06-25 12:28:11,0,0,yes,2026-05-15 13:04:20,5.0,Mon|Fri|Sun,morning,3.1,2026-07-04,yes,no,0,3,2026-06-28,passed,1,21,True,True,Sacramento,False
u_100700,NYC,2026-05-15 14:27:30,friend_family,35-44,en,phone,not_started,0,,,,2026-05-17 18:04:37,2026-05-15 14:27:30,0,0,no,,,,,,,,no,0,0,,,0,0,False,False,NYC,False
u_100692,NYC,2026-05-15 15:08:42,paid_social,25-34,en,laptop,not_started,0,,,,2026-05-16 05:41:17,2026-05-15 15:08:42,0,0,yes,2026-05-15 15:50:42,5.0,Tue|Wed|Sun,evening,3.4,2026-06-29,yes,yes,0,0,,,0,0,False,False,NYC,False
u_102854,NYC,2026-05-15 18:11:22,paid_social,25-34,es,tablet,inactive,4,2026-05-15 18:24:42,2026-06-09 06:43:00,,2026-06-10 10:20:38,2026-06-05 10:09:12,0,0,no,,,,,,,,no,0,0,,,0,4,True,False,NYC,False
u_105689,Boston,2026-05-15 18:26:36,paid_social,25-34,en,laptop,not_started,0,,,,2026-05-16 18:04:39,2026-05-15 18:26:36,0,0,no,,,,,,,,no,0,0,,,0,0,False,False,Boston,False
u_103011,NYC,2026-05-15 19:08:47,paid_social,18-24,en,phone,course_complete,21,2026-05-16 08:28:00,2026-06-24 09:53:00,2026-06-24 09:53:00,2026-07-03 11:29:48,2026-06-17 06:41:36,0,0,yes,2026-05-15 19:59:47,7.0,Tue|Wed|Thu|Fri|Sun,morning,4.4,,no,yes,3,3,,,0,21,True,True,NYC,False
u_102681,NYC,2026-05-15 21:43:19,parole_probation_officer,18-24,en,phone,inactive,14,2026-05-15 22:14:39,2026-06-09 19:18:00,,2026-06-10 19:50:58,2026-06-03 08:25:51,0,0,yes,2026-05-15 22:17:19,5.0,Tue|Wed|Thu,evening,2.0,,unsure,yes,6,2,,,0,14,True,False,NYC,False
u_102770,NYC,2026-05-15 22:42:43,friend_family,35-44,en,laptop,course_complete,21,2026-05-15 23:09:04,2026-06-19 22:21:00,2026-06-19 22:21:00,2026-06-21 09:57:39,2026-06-14 16:51:40,0,0,yes,2026-05-15 23:25:43,5.0,Wed|Sat|Sun,late_night,2.7,2026-06-30,yes,yes,0,1,,,0,21,True,True,NYC,False
u_101333,NYC,2026-05-15 23:14:49,reentry_org,18-24,es,laptop,not_started,0,,,,2026-05-17 04:02:51,2026-05-15 23:14:49,0,0,no,,,,,,,,yes,0,0,,,0,0,False,False,NYC,False
u_102267,NYC,2026-05-16 00:25:20,reentry_org,25-34,en,laptop,not_started,0,,,,2026-05-18 22:52:14,2026-05-16 00:25:20,0,0,no,,,,,,,,yes,0,0,,,0,0,False,False,NYC,False
u_102916,NYC,2026-05-16 05:40:21,paid_social,35-44,en,phone,not_started,0,,,,2026-05-17 09:55:43,2026-05-16 05:40:21,0,0,yes,2026-05-16 06:25:21,5.0,Tue|Fri|Sat,evening,3.1,2026-06-28,yes,yes,0,0,,,0,0,False,False,NYC,False
u_104018,Sacramento,2026-05-16 06:14:02,parole_probation_officer,25-34,en,phone,not_started,0,,,,2026-05-17 22:37:33,2026-05-16 06:14:02,0,0,yes,2026-05-16 07:05:02,10.0,Mon|Tue|Wed|Thu|Fri|Sat|Sun,morning,5.6,2026-06-16,unsure,no,0,0,,,0,0,False,False,Sacramento,False
u_103204,NYC,2026-05-16 08:02:28,reentry_org,25-34,en,phone,not_started,0,,,,2026-05-17 09:27:37,2026-05-16 08:02:28,0,0,yes,2026-05-16 08:05:28,3.0,Thu|Sun,afternoon,1.4,2026-07-19,no,yes,0,0,,,0,0,False,False,NYC,False
u_102156,NYC,2026-05-16 08:27:00,paid_social,25-34,en,phone,not_started,0,,,,2026-05-19 19:18:40,2026-05-16 08:27:00,0,0,no,,,,,,,,no,0,0,,,0,0,False,False,NYC,False
u_100281,NYC ,2026-05-16 08:28:10,parole_probation_officer,18-24,en,phone,inactive,3,2026-05-17 11:35:00,2026-05-21 06:53:00,,2026-05-21 10:45:52,2026-05-16 08:28:10,0,0,no,,,,,,,,no,0,2,,,0,3,True,False,NYC,False
u_102687,NYC,2026-05-16 12:55:33,parole_probation_officer,25-34,es,laptop,inactive,10,2026-05-17 22:05:00,2026-06-01 23:59:00,,2026-06-02 10:05:30,2026-06-01 13:55:14,0,0,yes,2026-05-16 12:58:33,5.0,Tue|Sat|Sun,late_night,2.1,2026-06-25,no,no,0,2,,,0,10,True,False,NYC,False
u_101184,NYC,2026-05-16 14:52:50,paid_social,45-54,en,phone,inactive,3,2026-05-18 20:36:00,2026-05-24 21:39:00,,2026-05-24 23:05:24,2026-05-23 15:01:59,0,0,no,,,,,,,,no,0,1,,,0,3,True,False,NYC,False
u_104408,Sacramento,2026-05-16 15:33:38,reentry_org,35-44,en,phone,not_started,0,,,,2026-05-20 07:25:49,2026-05-20 05:04:51,0,0,yes,2026-05-16 15:47:38,3.0,Sat|Sun,evening,1.3,,unsure,yes,0,0,,,0,0,False,False,Sacramento,False
u_103817,NYC,2026-05-16 16:54:14,workforce_center,18-24,en,phone,not_started,0,,,,2026-05-16 22:44:35,2026-05-16 16:54:14,0,0,yes,2026-05-16 18:03:14,7.0,Mon|Wed|Thu|Fri|Sat,evening,3.3,2026-06-16,yes,no,0,0,,,0,0,False,False,NYC,False
u_104663,Sacramento,2026-05-16 17:42:11,paid_social,35-44,es,phone,not_started,0,,,,2026-05-17 21:05:27,2026-05-16 17:42:11,0,0,yes,2026-05-16 19:06:11,10.0,Mon|Tue|Wed|Thu|Fri|Sat|Sun,evening,5.5,,no,no,0,0,,,0,0,False,False,Sacramento,False
u_104851,Sacramento,2026-05-16 18:32:00,reentry_org,25-34,en,laptop,inactive,2,2026-05-22 23:56:00,2026-05-23 23:07:00,,2026-05-25 15:32:47,2026-05-16 18:32:00,0,0,no,,,,,,,,no,0,1,,,0,2,True,False,Sacramento,False
u_103711,NYC,2026-05-16 22:07:33,reentry_org,35-44,es,shared_computer,inactive,4,2026-05-16 23:48:17,2026-05-22 23:43:00,,2026-05-28 14:20:52,2026-05-24 07:06:21,0,0,yes,2026-05-16 22:39:33,7.0,Mon|Tue|Thu|Fri|Sun,late_night,3.1,,yes,no,0,1,,,0,4,True,False,NYC,False
u_102801,NYC,2026-05-16 23:00:08,friend_family,18-24,en,tablet,not_started,0,,,,2026-05-20 09:40:36,2026-05-16 23:00:08,0,0,no,,,,,,,,yes,0,0,,,0,0,False,False,NYC,False
u_100767,NYC,2026-05-17 00:14:24,friend_family,35-44,es,phone,not_started,0,,,,2026-05-17 11:40:10,2026-05-17 00:14:24,0,0,no,,,,,,,,yes,0,0,,,0,0,False,False,NYC,False
u_100448,NYC,2026-05-17 02:44:31,parole_probation_officer,25-34,en,phone,inactive,3,2026-05-17 17:39:28,2026-05-27 15:10:00,,2026-06-01 13:05:37,2026-05-26 07:43:01,0,0,no,,,,,,,,yes,6,1,,,0,3,True,False,NYC,False
u_105180,Sacramento,2026-05-17 03:07:31,paid_social,25-34,en,phone,not_started,0,,,,2026-05-17 13:15:22,2026-05-17 03:07:31,0,0,yes,2026-05-17 03:44:31,3.0,Fri|Sun,afternoon,2.5,2026-07-26,yes,yes,0,0,,,0,0,False,False,Sacramento,False
u_103168,NYC,2026-05-17 04:55:50,reentry_org,18-24,en,phone,inactive,4,2026-05-28 19:07:00,2026-06-06 18:00:00,,2026-06-09 06:50:20,2026-06-07 18:59:58,0,0,yes,2026-05-17 05:11:50,5.0,Mon|Thu|Sun,evening,3.1,,no,no,0,1,,,0,4,True,False,NYC,False
u_103827,NYC,2026-05-17 05:52:01,reentry_org,45-54,en,phone,permit_failed,21,2026-05-18 20:14:00,2026-06-18 19:07:00,2026-06-18 19:07:00,2026-07-20 15:07:00,2026-06-29 09:34:28,0,0,yes,2026-05-17 05:59:01,10.0,Mon|Tue|Wed|Thu|Fri|Sat|Sun,evening,4.8,2026-06-24,unsure,no,0,3,2026-07-20,failed,2,21,True,True,NYC,False
u_102597,NYC,2026-05-17 10:22:36,paid_social,45-54,en,shared_computer,inactive,1,2026-05-17 10:39:55,2026-05-17 10:39:55,,2026-05-18 22:27:45,2026-05-17 10:22:36,0,0,yes,2026-05-17 11:44:36,5.0,Mon|Thu|Fri,morning,2.5,2026-06-29,yes,no,0,1,,,0,1,True,False,NYC,False
u_103449,NYC ,2026-05-17 11:11:24,workforce_center,25-34,en,phone,not_started,0,,,,2026-05-18 11:27:48,2026-05-17 11:11:24,0,0,yes,2026-05-17 11:29:24,7.0,Mon|Thu|Fri|Sat|Sun,evening,2.9,2026-07-04,yes,no,0,0,,,0,0,False,False,NYC,False
u_102216,NYC,2026-05-17 14:48:36,reentry_org,18-24,en,phone,inactive,4,2026-05-17 15:05:49,2026-06-05 22:00:00,,2026-06-07 16:25:42,2026-06-04 02:48:39,0,0,no,,,,,,,,yes,0,0,,,0,4,True,False,NYC,False
u_100902,NYC,2026-05-17 14:56:53,reentry_org,45-54,en,phone,course_complete,21,2026-05-17 17:46:28,2026-06-23 18:24:00,2026-06-23 18:24:00,2026-06-24 20:17:45,2026-06-23 22:44:28,0,0,no,,,,,,,,yes,0,2,,,0,21,True,True,NYC,False
u_102493,NYC,2026-05-17 19:09:42,friend_family,35-44,en,laptop,not_started,0,,,,2026-05-19 07:39:54,2026-05-18 01:54:32,0,0,yes,2026-05-17 20:14:42,3.0,Tue|Fri,afternoon,2.7,2026-07-15,yes,yes,0,0,,,0,0,False,False,NYC,False
u_100745,NYC,2026-05-17 23:55:25,reentry_org,35-44,es,phone,not_started,0,,,,2026-05-19 01:39:00,2026-05-17 23:55:25,0,0,yes,2026-05-18 00:51:25,10.0,Mon|Tue|Wed|Thu|Fri|Sat|Sun,evening,4.7,2026-06-17,yes,yes,0,0,,,0,0,False,False,NYC,False
u_103848,NYC,2026-05-18 00:58:18,parole_probation_officer,25-34,en,laptop,not_started,0,,,,2026-05-18 09:14:34,2026-05-18 00:58:18,0,0,yes,2026-05-18 01:01:18,5.0,Mon|Tue|Fri,evening,2.0,2026-06-30,yes,no,0,0,,,0,0,False,False,NYC,False
u_101834,NYC,2026-05-18 01:23:42,workforce_center,35-44,en,phone,not_started,0,,,,2026-05-21 23:10:20,2026-05-18 01:23:42,0,0,yes,2026-05-18 01:41:42,5.0,Tue|Wed|Thu,morning,1.8,2026-07-12,yes,yes,0,0,,,0,0,False,False,NYC,False
u_103750,NYC,2026-05-18 02:18:39,parole_probation_officer,35-44,en,tablet,inactive,1,2026-05-18 02:58:32,2026-05-18 02:58:32,,2026-05-18 15:27:36,2026-05-18 02:18:39,0,0,yes,2026-05-18 03:35:39,5.0,Tue|Thu|Sun,morning,2.2,2026-07-02,yes,no,0,0,,,0,1,True,False,NYC,False
u_103287,NYC,2026-05-18 03:18:48,reentry_org,55+,en,phone,permit_passed,21,2026-05-19 17:01:00,2026-07-13 19:43:00,2026-07-13 19:43:00,2026-08-10 15:43:00,2026-07-20 18:08:01,0,0,yes,2026-05-18 04:44:48,3.0,Tue|Sat,evening,1.0,,unsure,no,0,2,2026-08-10,passed,1,21,True,True,NYC,False
u_100203,NYC,2026-05-18 03:20:44,reentry_org,35-44,en,tablet,course_complete,21,2026-05-18 03:32:17,2026-06-10 16:19:00,2026-06-10 16:19:00,2026-06-19 00:41:40,2026-06-17 06:40:54,0,0,no,,,,,,,,yes,4,2,,,0,21,True,True,NYC,False
u_104479,Sacramento,2026-05-18 04:05:33,reentry_org,35-44,en,shared_computer,permit_passed,21,2026-05-18 23:11:00,2026-07-13 14:30:00,2026-07-13 14:30:00,2026-07-20 01:31:31,2026-07-19 22:31:55,0,0,yes,2026-05-18 05:01:33,3.0,Wed|Thu,afternoon,1.6,,yes,yes,6,1,2026-07-18,passed,1,21,True,True,Sacramento,False
u_104293,Sacramento,2026-05-18 06:36:21,reentry_org,25-34,en,phone,inactive,3,2026-05-23 13:16:00,2026-06-09 13:02:00,,2026-06-09 14:48:16,2026-06-09 04:24:12,0,0,yes,2026-05-18 06:55:21,5.0,Wed|Thu|Sat,afternoon,2.7,,yes,no,0,0,,,0,3,True,False,Sacramento,False
u_105372,Sacramento,2026-05-18 06:49:11,friend_family,45-54,en,phone,inactive,1,2026-05-22 07:23:00,2026-05-22 07:23:00,,2026-05-23 22:03:30,2026-05-22 04:57:05,0,0,no,,,,,,,,yes,0,2,,,0,1,True,False,Sacramento,False
u_102381,NYC,2026-05-18 07:29:38,paid_social,25-34,en,laptop,inactive,3,2026-05-18 09:57:41,2026-05-19 15:12:00,,2026-05-20 03:35:07,2026-05-18 07:29:38,0,0,yes,2026-05-18 07:35:38,5.0,Wed|Sat|Sun,afternoon,1.8,2026-07-02,yes,no,0,2,,,0,3,True,False,NYC,False
u_101345,NYC,2026-05-18 08:14:35,reentry_org,18-24,es,phone,inactive,2,2026-05-18 08:27:34,2026-05-18 18:36:00,,2026-05-21 14:52:24,2026-05-18 08:14:35,0,0,no,,,,,,,,no,0,1,,,0,2,True,False,NYC,False
u_103698,nyc,2026-05-18 09:27:48,paid_social,35-44,en,phone,inactive,4,2026-05-22 18:31:00,2026-05-28 21:50:00,,2026-05-29 05:38:38,2026-05-25 00:55:25,0,0,yes,2026-05-18 10:18:48,10.0,Mon|Tue|Wed|Thu|Fri|Sat|Sun,evening,5.9,2026-06-29,no,no,0,0,,,0,4,True,False,NYC,False
u_102093,NYC ,2026-05-18 10:02:35,friend_family,18-24,en,shared_computer,inactive,4,2026-05-18 10:24:47,2026-06-08 20:33:00,,2026-06-09 20:23:18,2026-06-04 15:31:10,0,0,yes,2026-05-18 11:32:35,10.0,Mon|Tue|Wed|Thu|Fri|Sat|Sun,evening,4.1,2026-06-08,no,yes,4,0,,,0,4,True,False,NYC,False
u_104076,Sacramento,2026-05-18 11:27:46,paid_social,35-44,en,phone,course_complete,21,2026-05-21 22:29:00,2026-07-01 23:40:00,2026-07-01 23:40:00,2026-07-04 02:58:40,2026-06-30 23:49:32,0,0,yes,2026-05-18 12:54:46,5.0,Wed|Thu|Fri,late_night,3.4,,yes,yes,4,2,,,0,21,True,True,Sacramento,False
u_104897,Sacramento,2026-05-18 12:58:37,paid_social,35-44,en,phone,inactive,3,2026-05-18 13:21:48,2026-05-26 17:49:00,,2026-05-27 15:47:58,2026-05-21 06:52:49,0,0,yes,2026-05-18 13:20:37,7.0,Mon|Tue|Wed|Fri|Sat,evening,3.6,,yes,no,0,1,,,0,3,True,False,Sacramento,False
u_101260,NYC,2026-05-18 14:27:54,reentry_org,45-54,en,phone,not_started,0,,,,2026-05-19 17:32:20,2026-05-18 14:27:54,0,0,yes,2026-05-18 15:47:54,3.0,Mon|Thu,late_night,2.0,2026-07-18,unsure,no,0,0,,,0,0,False,False,NYC,False
u_105055,Sacramento,2026-05-18 17:47:03,friend_family,18-24,en,phone,course_complete,21,2026-05-18 18:11:41,2026-06-20 22:38:00,2026-06-20 22:38:00,2026-07-03 11:43:16,2026-06-26 21:20:37,0,0,yes,2026-05-18 18:37:03,5.0,Wed|Fri|Sun,late_night,2.2,,no,yes,4,2,,,0,21,True,True,Sacramento,False
u_101008,NYC,2026-05-18 19:50:26,reentry_org,35-44,es,phone,course_complete,21,2026-05-18 20:06:20,2026-07-07 21:50:00,2026-07-07 21:50:00,2026-07-21 16:40:15,2026-07-07 11:53:51,0,0,yes,2026-05-18 20:03:26,3.0,Mon|Wed,evening,1.3,2026-07-15,unsure,yes,0,1,,,0,21,True,True,NYC,False
u_101816,NYC,2026-05-18 22:49:21,reentry_org,35-44,en,laptop,inactive,3,2026-05-21 21:20:00,2026-05-23 20:11:00,,2026-05-28 11:33:32,2026-05-18 22:49:21,0,0,yes,2026-05-19 00:14:21,10.0,Mon|Tue|Wed|Thu|Fri|Sat|Sun,evening,4.7,2026-06-09,no,no,0,1,,,0,3,True,False,NYC,False
u_100982,NYC,2026-05-19 00:18:02,workforce_center,18-24,es,phone,permit_passed,21,2026-05-19 18:13:11,2026-06-12 20:42:00,2026-06-12 20:42:00,2026-06-28 15:42:00,2026-06-13 21:45:54,0,0,yes,2026-05-19 01:48:02,5.0,Tue|Wed|Thu,evening,1.8,2026-06-27,yes,yes,1,2,2026-06-28,passed,1,21,True,True,NYC,False
u_101295,NYC,2026-05-19 02:07:42,friend_family,25-34,en,phone,withdrawn,0,,,,2026-05-19 16:29:21,2026-05-19 02:07:42,0,0,no,,,,,,,,yes,0,0,,,0,0,False,False,NYC,False
u_103913,NYC,2026-05-19 04:45:36,paid_social,25-34,en,phone,inactive,2,2026-05-19 05:00:24,2026-05-21 09:30:00,,2026-06-01 17:40:32,2026-05-25 06:57:49,0,0,no,,,,,,,,yes,2,0,,,0,2,True,False,NYC,False
u_105201,Sacramento,2026-05-19 08:19:24,friend_family,35-44,en,phone,course_complete,21,2026-05-19 09:50:35,2026-06-29 20:46:00,2026-06-29 20:46:00,2026-07-14 20:40:10,2026-07-13 20:05:39,0,0,yes,2026-05-19 08:50:24,5.0,Tue|Wed|Sat,evening,3.3,2026-06-26,no,no,0,1,,,0,21,True,True,Sacramento,False
u_101525,NYC,2026-05-19 09:24:34,paid_social,25-34,en,tablet,not_started,0,,,,2026-05-20 18:36:36,2026-05-20 00:19:45,0,0,yes,2026-05-19 10:33:34,5.0,Mon|Wed|Thu,late_night,3.6,,yes,no,0,0,,,0,0,False,False,NYC,False
u_105074,Sacramento,2026-05-19 10:49:22,friend_family,18-24,en,phone,inactive,3,2026-05-19 10:58:06,2026-05-24 23:57:00,,2026-05-25 03:05:32,2026-05-19 10:49:22,0,0,no,,,,,,,,yes,3,1,,,0,3,True,False,Sacramento,False
u_102358,NYC,2026-05-19 11:02:32,friend_family,45-54,es,laptop,inactive,4,2026-05-19 23:12:57,2026-05-26 17:08:00,,2026-05-26 22:05:09,2026-05-26 03:45:22,0,0,yes,2026-05-19 12:03:32,5.0,Wed|Thu|Sun,evening,3.3,,unsure,no,0,0,,,0,4,True,False,NYC,False
u_102744,NYC,2026-05-19 14:51:21,reentry_org,18-24,en,phone,permit_failed,21,2026-05-25 13:38:00,2026-06-17 12:16:00,2026-06-17 12:16:00,2026-07-14 15:16:00,2026-06-14 19:19:12,0,0,no,,,,,,,,yes,2,1,2026-07-14,failed,1,21,True,True,NYC,False
u_102568,NYC,2026-05-19 14:55:16,paid_social,25-34,es,phone,inactive,7,2026-05-19 15:07:59,2026-06-03 17:15:00,,2026-06-04 06:59:22,2026-06-03 05:26:20,0,0,yes,2026-05-19 15:04:16,5.0,Mon|Tue|Sun,evening,1.9,2026-06-27,yes,no,0,1,,,0,7,True,False,NYC,False
u_103863,NYC,2026-05-19 15:40:17,paid_social,25-34,en,phone,inactive,2,2026-05-24 23:37:00,2026-05-26 23:00:00,,2026-05-27 22:45:12,2026-05-20 03:29:35,0,0,no,,,,,,,,no,0,1,,,0,2,True,False,NYC,False
u_104753,Sacramento,2026-05-19 20:18:23,reentry_org,25-34,en,phone,course_complete,21,2026-05-19 20:29:33,2026-07-01 14:09:00,2026-07-01 14:09:00,2026-07-10 15:29:56,2026-07-10 12:45:22,0,0,yes,2026-05-19 21:36:23,3.0,Tue|Sat,afternoon,0.9,2026-07-22,unsure,no,0,3,,,0,21,True,True,Sacramento,False
u_103580,NYC,2026-05-20 00:50:36,paid_social,35-44,en,laptop,not_started,0,,,,2026-05-20 23:24:37,2026-05-20 00:50:36,0,0,yes,2026-05-20 00:57:36,7.0,Mon|Tue|Wed|Thu|Fri,evening,3.0,2026-07-04,unsure,no,0,0,,,0,0,False,False,NYC,False
u_103188,NYC,2026-05-20 03:36:23,reentry_org,25-34,en,phone,course_complete,21,2026-05-29 22:25:00,2026-07-11 22:51:00,2026-07-11 22:51:00,2026-07-14 02:32:17,2026-07-12 13:53:44,0,0,no,,,,,,,,yes,0,2,,,0,21,True,True,NYC,False
u_101600,NYC,2026-05-20 03:44:17,friend_family,55+,en,phone,not_started,0,,,,2026-05-23 11:19:50,2026-05-21 02:37:49,0,0,yes,2026-05-20 04:16:17,3.0,Fri|Sun,evening,2.6,2026-08-04,no,yes,0,0,,,0,0,False,False,NYC,False
u_104303,Sacramento,2026-05-20 03:52:46,parole_probation_officer,35-44,en,phone,not_started,0,,,,2026-05-20 11:08:34,2026-05-20 03:52:46,0,0,yes,2026-05-20 04:37:46,3.0,Tue|Wed,morning,2.4,2026-07-16,yes,no,0,0,,,0,0,False,False,Sacramento,False
u_103207,NYC,2026-05-20 05:53:06,paid_social,35-44,en,phone,course_complete,21,2026-05-20 07:03:13,2026-06-29 18:38:00,2026-06-29 18:38:00,2026-07-02 16:45:08,2026-06-26 15:14:11,0,0,no,,,,,,,,yes,0,2,,,0,21,True,True,NYC,False
u_104082,Sacramento,2026-05-20 06:48:54,parole_probation_officer,35-44,en,phone,course_complete,21,2026-05-20 09:46:21,2026-06-17 17:38:00,2026-06-17 17:38:00,2026-06-23 16:12:39,2026-06-11 01:00:58,0,0,no,,,,,,,,no,0,2,,,0,21,True,True,Sacramento,False
u_104570,Sacramento,2026-05-20 07:34:18,paid_social,55+,en,phone,inactive,4,2026-05-22 10:51:00,2026-05-29 10:25:00,,2026-05-30 21:35:00,2026-05-23 08:12:10,0,0,yes,2026-05-20 08:14:18,10.0,Mon|Tue|Wed|Thu|Fri|Sat|Sun,morning,4.5,2026-06-22,yes,no,0,0,,,0,4,True,False,Sacramento,False
u_101207,NYC,2026-05-20 10:23:46,workforce_center,35-44,en,phone,permit_failed,21,2026-05-20 10:58:48,2026-06-30 08:47:00,2026-06-30 08:47:00,2026-07-24 15:47:00,2026-06-29 14:24:43,0,0,yes,2026-05-20 10:56:46,3.0,Wed|Thu,morning,1.9,2026-08-05,no,no,0,1,2026-07-24,failed,2,21,True,True,NYC,False
u_102886,NYC,2026-05-20 12:45:31,reentry_org,35-44,en,phone,permit_failed,21,2026-05-25 23:36:00,2026-06-27 00:30:00,2026-06-27 00:30:00,2026-07-13 15:30:00,2026-06-25 12:15:26,0,0,no,,,,,,,,yes,0,1,2026-07-13,failed,1,21,True,True,NYC,False
u_104192,Sacramento,2026-05-20 13:00:00,parole_probation_officer,35-44,en,phone,inactive,4,2026-05-20 13:17:06,2026-05-23 13:25:00,,2026-05-26 09:23:00,2026-05-20 13:00:00,0,0,yes,2026-05-20 13:57:00,5.0,Tue|Thu|Fri,afternoon,2.2,,no,yes,1,0,,,0,4,True,False,Sacramento,False
u_103020,NYC,2026-05-20 13:02:07,reentry_org,25-34,en,shared_computer,not_started,0,,,,2026-05-20 23:31:40,2026-05-20 13:02:07,0,0,no,,,,,,,,no,0,0,,,0,0,False,False,NYC,False
u_102802,NYC,2026-05-20 13:54:29,reentry_org,25-34,en,shared_computer,not_started,0,,,,2026-05-20 23:27:31,2026-05-20 13:54:29,0,0,no,,,,,,,,no,0,0,,,0,0,False,False,NYC,False
u_105769,Boston,2026-05-20 15:31:03,reentry_org,25-34,en,phone,inactive,4,2026-05-21 13:30:00,2026-06-06 12:40:00,,2026-06-08 08:02:57,2026-06-08 07:55:27,0,0,yes,2026-05-20 16:54:03,5.0,Mon|Sat|Sun,afternoon,3.4,2026-07-03,unsure,no,0,0,,,0,4,True,False,Boston,False
u_104257,Sacramento,2026-05-20 16:11:06,parole_probation_officer,35-44,en,phone,permit_failed,21,2026-05-21 17:06:00,2026-06-20 18:07:00,2026-06-20 18:07:00,2026-07-16 15:07:00,2026-06-19 02:37:17,0,0,yes,2026-05-20 16:39:06,10.0,Mon|Tue|Wed|Thu|Fri|Sat|Sun,evening,4.9,2026-06-28,yes,no,0,3,2026-07-16,failed,2,21,True,True,Sacramento,False
u_100684,NYC,2026-05-20 16:50:07,paid_social,45-54,en,phone,not_started,0,,,,2026-05-20 17:52:40,2026-05-20 16:50:07,0,0,no,,,,,,,,no,0,0,,,0,0,False,False,NYC,False
u_103336,NYC,2026-05-20 18:20:10,friend_family,18-24,en,tablet,permit_passed,21,2026-05-21 10:12:00,2026-07-14 06:47:00,2026-07-14 06:47:00,2026-08-30 15:47:00,2026-07-19 22:00:46,0,0,yes,2026-05-20 18:55:10,3.0,Mon|Thu,morning,1.4,2026-08-05,yes,yes,6,2,2026-08-30,passed,2,21,True,True,NYC,False
u_100032,NYC,2026-05-20 19:02:26,friend_family,55+,en,laptop,inactive,4,2026-05-21 19:41:00,2026-05-22 20:47:00,,2026-05-24 10:24:11,2026-05-24 03:06:14,0,0,yes,2026-05-20 19:19:26,3.0,Tue|Sat,evening,2.7,2026-08-02,no,yes,2,2,,,0,4,True,False,NYC,False
u_103092,NYC,2026-05-20 23:41:09,friend_family,45-54,en,phone,not_started,0,,,,2026-05-21 07:12:23,2026-05-20 23:41:09,0,0,no,,,,,,,,no,0,0,,,0,0,False,False,NYC,False
u_100939,NYC,2026-05-20 23:43:13,paid_social,18-24,en,laptop,not_started,0,,,,2026-05-21 12:01:29,2026-05-20 23:43:13,0,0,no,,,,,,,,no,0,0,,,0,0,False,False,NYC,False
u_100425,NYC,2026-05-20 23:47:16,reentry_org,25-34,en,phone,inactive,1,2026-05-22 17:59:00,2026-05-22 17:59:00,,2026-05-25 22:52:31,2026-05-20 23:47:16,0,0,no,,,,,,,,no,0,2,,,0,1,True,False,NYC,False
u_104784,Sacramento,2026-05-21 03:25:05,paid_social,55+,en,laptop,inactive,20,2026-05-24 20:33:00,2026-06-21 21:47:00,,2026-06-22 08:36:47,2026-06-21 11:02:57,0,0,no,,,,,,,,yes,6,2,,,0,20,True,False,Sacramento,False
u_103659,NYC,2026-05-21 03:44:34,parole_probation_officer,35-44,en,laptop,inactive,1,2026-05-21 06:26:12,2026-05-21 06:26:12,,2026-05-21 09:18:09,2026-05-21 03:44:34,0,0,no,,,,,,,,no,0,0,,,0,1,True,False,NYC,False
u_100916,NYC,2026-05-21 04:58:33,reentry_org,18-24,en,phone,inactive,3,2026-05-21 06:28:06,2026-05-26 22:35:00,,2026-06-03 14:17:18,2026-05-28 18:54:04,0,0,yes,2026-05-21 05:50:33,7.0,Tue|Wed|Fri|Sat|Sun,late_night,4.6,,yes,yes,2,0,,,0,3,True,False,NYC,False
u_103737,NYC,2026-05-21 05:32:59,friend_family,18-24,en,laptop,course_complete,21,2026-05-21 08:00:58,2026-07-02 14:26:00,2026-07-02 14:26:00,2026-07-12 05:08:54,2026-07-11 19:57:30,0,0,yes,2026-05-21 06:42:59,3.0,Fri|Sun,afternoon,1.9,2026-07-27,no,yes,4,1,,,0,21,True,True,NYC,False
u_103403,NYC,2026-05-21 07:38:28,reentry_org,25-34,en,shared_computer,not_started,0,,,,2026-05-21 11:04:09,2026-05-21 07:38:28,0,0,no,,,,,,,,no,0,0,,,0,0,False,False,NYC,False
u_101155,NYC,2026-05-21 09:17:17,reentry_org,25-34,en,phone,permit_passed,21,2026-05-21 09:25:53,2026-07-05 21:29:00,2026-07-05 21:29:00,2026-08-06 15:29:00,2026-07-06 18:42:44,0,0,yes,2026-05-21 10:31:17,3.0,Wed|Fri,evening,1.5,2026-07-20,yes,no,0,3,2026-08-06,passed,1,21,True,True,NYC,False
u_105868,Boston,2026-05-21 09:18:09,reentry_org,25-34,en,phone,inactive,4,2026-05-21 09:29:08,2026-05-27 19:08:00,,2026-05-31 09:43:14,2026-05-30 19:21:11,0,0,yes,2026-05-21 10:24:09,10.0,Mon|Tue|Wed|Thu|Fri|Sat|Sun,evening,5.6,2026-06-29,yes,no,0,2,,,0,4,True,False,Boston,False
u_100709,NYC,2026-05-21 09:54:58,workforce_center,45-54,en,laptop,not_started,0,,,,2026-05-21 19:42:46,2026-05-21 09:54:58,0,0,yes,2026-05-21 10:57:58,5.0,Thu|Sat|Sun,evening,2.7,2026-07-03,yes,no,0,0,,,0,0,False,False,NYC,False
u_104909,Sacramento,2026-05-21 10:46:46,friend_family,18-24,es,laptop,inactive,3,2026-05-21 11:02:34,2026-06-06 23:40:00,,2026-06-10 04:24:26,2026-06-09 16:05:01,0,0,no,,,,,,,,no,0,0,,,0,3,True,False,Sacramento,False
u_100695,NYC,2026-05-21 10:49:46,reentry_org,55+,en,phone,inactive,3,2026-05-22 20:28:00,2026-05-30 19:48:00,,2026-06-02 05:20:19,2026-05-28 17:42:31,0,0,yes,2026-05-21 12:18:46,5.0,Wed|Sat|Sun,evening,2.8,2026-07-12,yes,no,0,1,,,0,3,True,False,NYC,False
u_102236,NYC,2026-05-21 11:36:32,paid_social,18-24,es,phone,not_started,0,,,,2026-05-23 20:52:10,2026-05-23 04:44:59,0,0,yes,2026-05-21 12:05:32,3.0,Tue|Sun,evening,2.3,2026-07-19,yes,no,0,0,,,0,0,False,False,NYC,False
u_104122,Sacramento,2026-05-21 13:13:21,reentry_org,25-34,es,phone,not_started,0,,,,2026-05-21 19:45:55,2026-05-21 13:13:21,0,0,yes,2026-05-21 14:17:21,3.0,Wed|Thu,evening,1.6,2026-07-28,yes,no,0,0,,,0,0,False,False,Sacramento,False
u_101539,NYC,2026-05-21 16:50:38,friend_family,25-34,en,laptop,course_complete,21,2026-05-24 23:16:00,2026-06-21 22:04:00,2026-06-21 22:04:00,2026-06-22 07:29:17,2026-06-22 06:41:32,0,0,no,,,,,,,,yes,2,3,,,0,21,True,True,NYC,False
u_100534,NYC,2026-05-21 17:32:54,parole_probation_officer,25-34,en,phone,permit_passed,21,2026-05-21 17:44:12,2026-07-24 20:26:00,2026-07-24 20:26:00,2026-08-05 15:26:00,2026-07-18 09:37:29,0,0,yes,2026-05-21 17:39:54,3.0,Fri|Sun,evening,2.3,2026-07-17,yes,yes,2,3,2026-08-05,passed,1,21,True,True,NYC,False
u_102109,NYC,2026-05-21 18:38:12,reentry_org,25-34,en,phone,permit_passed,21,2026-05-30 23:05:00,2026-07-16 23:57:00,2026-07-16 23:57:00,2026-08-01 15:57:00,2026-07-17 09:49:46,0,0,yes,2026-05-21 19:03:12,3.0,Thu|Sat,late_night,1.5,2026-07-20,yes,no,0,1,2026-08-01,passed,1,21,True,True,NYC,False
u_103465,NYC,2026-05-21 19:06:32,paid_social,35-44,es,phone,inactive,6,2026-05-21 21:37:46,2026-05-29 09:52:00,,2026-05-30 09:40:11,2026-05-28 07:51:14,0,0,no,,,,,,,,no,0,2,,,0,6,True,False,NYC,False
u_104733,Sacramento,2026-05-21 22:04:55,parole_probation_officer,35-44,es,phone,course_complete,21,2026-05-27 22:51:00,2026-07-29 23:20:00,2026-07-29 23:20:00,2026-07-31 00:44:33,2026-07-30 16:19:33,0,0,yes,2026-05-21 22:34:55,5.0,Mon|Tue|Sun,late_night,2.5,2026-07-16,no,yes,2,1,,,0,21,True,True,Sacramento,False
u_105779,Boston,2026-05-22 00:03:43,paid_social,45-54,en,laptop,inactive,1,2026-05-29 23:48:00,2026-05-29 23:48:00,,2026-05-31 01:01:26,2026-05-30 07:49:41,0,0,no,,,,,,,,no,0,2,,,0,1,True,False,Boston,False
u_105337,Sacramento,2026-05-22 00:17:45,workforce_center,35-44,en,phone,permit_passed,21,2026-06-02 17:37:00,2026-06-30 17:53:00,2026-06-30 17:53:00,2026-07-18 15:53:00,2026-07-05 20:56:31,0,0,yes,2026-05-22 00:54:45,5.0,Tue|Wed|Sat,evening,3.2,2026-07-04,no,yes,4,1,2026-07-18,passed,1,21,True,True,Sacramento,False
u_101954,NYC,2026-05-22 01:36:25,friend_family,35-44,en,phone,inactive,4,2026-05-22 02:57:18,2026-05-23 15:23:00,,2026-05-25 22:21:48,2026-05-22 01:36:25,0,0,no,,,,,,,,no,0,0,,,0,4,True,False,NYC,False
u_102714,NYC,2026-05-22 02:21:24,parole_probation_officer,35-44,en,phone,inactive,3,2026-05-22 05:19:48,2026-05-24 06:15:00,,2026-05-25 17:59:23,2026-05-24 20:34:07,0,0,no,,,,,,,,yes,4,0,,,0,3,True,False,NYC,False
u_100713,NYC,2026-05-22 03:19:51,reentry_org,35-44,en,phone,not_started,0,,,,2026-05-24 09:53:10,2026-05-22 03:19:51,0,0,no,,,,,,,,no,0,0,,,0,0,False,False,NYC,False
u_101173,NYC,2026-05-22 04:04:24,parole_probation_officer,35-44,en,phone,not_started,0,,,,2026-05-22 17:36:14,2026-05-22 04:04:24,0,0,yes,2026-05-22 04:38:24,10.0,Mon|Tue|Wed|Thu|Fri|Sat|Sun,afternoon,4.2,,no,no,0,0,,,0,0,False,False,NYC,False
u_105907,Boston,2026-05-22 09:19:43,friend_family,25-34,en,laptop,inactive,3,2026-05-24 23:31:00,2026-05-27 23:54:00,,2026-06-01 20:05:30,2026-05-30 07:35:45,0,0,yes,2026-05-22 09:56:43,5.0,Tue|Thu|Fri,late_night,2.3,2026-07-11,yes,no,0,0,,,0,3,True,False,Boston,False
u_104212,Sacramento,2026-05-22 10:20:32,parole_probation_officer,25-34,en,tablet,permit_passed,21,2026-05-27 15:41:00,2026-06-19 15:21:00,2026-06-19 15:21:00,2026-07-04 15:21:00,2026-06-24 02:36:54,0,0,yes,2026-05-22 11:46:32,7.0,Mon|Thu|Fri|Sat|Sun,afternoon,3.3,2026-07-04,yes,no,0,3,2026-07-04,passed,1,21,True,True,Sacramento,False
u_101796,NYC,2026-05-22 11:02:18,paid_social,25-34,en,shared_computer,permit_passed,21,2026-05-23 23:55:00,2026-06-25 23:07:00,2026-06-25 23:07:00,2026-07-15 15:07:00,2026-06-17 07:50:30,0,0,yes,2026-05-22 11:33:18,5.0,Mon|Fri|Sat,late_night,2.3,2026-07-12,yes,yes,2,2,2026-07-15,passed,1,21,True,True,NYC,False
u_103851,NYC,2026-05-22 11:39:13,parole_probation_officer,25-34,en,phone,not_started,0,,,,2026-05-22 21:22:26,2026-05-22 11:39:13,0,0,yes,2026-05-22 12:44:13,7.0,Mon|Tue|Wed|Thu|Fri,afternoon,3.4,2026-07-03,unsure,no,0,0,,,0,0,False,False,NYC,False
u_104282,Sacramento,2026-05-22 11:39:47,paid_social,18-24,es,phone,not_started,0,,,,2026-05-23 02:24:08,2026-05-22 11:39:47,0,0,no,,,,,,,,no,0,0,,,0,0,False,False,Sacramento,False
u_105373,Sacramento,2026-05-22 13:08:07,reentry_org,35-44,en,phone,inactive,18,2026-05-28 19:57:00,2026-06-18 19:07:00,,2026-06-21 16:28:21,2026-06-21 13:40:39,0,0,yes,2026-05-22 14:29:07,10.0,Mon|Tue|Wed|Thu|Fri|Sat|Sun,evening,5.4,2026-06-23,no,no,0,2,,,0,18,True,False,Sacramento,False
u_101478,NYC,2026-05-22 14:45:41,parole_probation_officer,18-24,es,laptop,inactive,2,2026-05-23 13:30:00,2026-05-23 15:15:00,,2026-05-27 12:21:10,2026-05-26 01:51:46,0,0,no,,,,,,,,no,0,1,,,0,2,True,False,NYC,False
u_105850,Boston,2026-05-22 15:19:42,paid_social,25-34,es,phone,course_complete,21,2026-05-23 12:12:00,2026-07-13 12:28:00,2026-07-13 12:28:00,2026-07-22 00:26:02,2026-07-17 13:05:27,0,0,yes,2026-05-22 15:57:42,3.0,Sat|Sun,afternoon,2.6,,no,no,0,2,,,0,21,True,True,Boston,False
u_101063,NYC,2026-05-22 18:27:40,reentry_org,35-44,es,phone,course_complete,21,2026-05-27 19:57:00,2026-07-02 17:50:00,2026-07-02 17:50:00,2026-07-11 03:47:36,2026-07-10 07:13:51,0,0,yes,2026-05-22 18:47:40,5.0,Thu|Fri|Sun,evening,2.1,2026-07-18,no,no,0,3,,,0,21,True,True,NYC,False
u_102918,NYC,2026-05-22 18:52:46,workforce_center,35-44,en,phone,inactive,2,2026-05-28 16:06:00,2026-05-29 14:37:00,,2026-05-31 09:09:22,2026-05-29 08:42:48,0,0,yes,2026-05-22 20:02:46,7.0,Tue|Wed|Thu|Sat|Sun,afternoon,3.3,,yes,yes,4,1,,,0,2,True,False,NYC,False
u_103025,NYC,2026-05-22 19:31:51,paid_social,25-34,en,laptop,inactive,2,2026-05-22 19:37:58,2026-05-23 07:08:00,,2026-05-26 01:11:36,2026-05-24 15:04:38,0,0,yes,2026-05-22 20:04:51,5.0,Mon|Fri|Sat,morning,3.4,2026-06-28,yes,no,0,2,,,0,2,True,False,NYC,False
u_103775,NYC,2026-05-22 20:14:53,paid_social,18-24,en,phone,inactive,2,2026-05-22 20:27:19,2026-05-26 07:43:00,,2026-05-28 04:37:14,2026-05-25 11:40:11,0,0,yes,2026-05-22 21:38:53,7.0,Mon|Tue|Thu|Sat|Sun,morning,3.6,2026-06-30,unsure,yes,4,1,,,0,2,True,False,NYC,False
u_105134,Sacramento,2026-05-23 00:44:37,workforce_center,35-44,en,phone,inactive,2,2026-05-26 22:46:00,2026-05-27 23:36:00,,2026-05-29 03:41:32,2026-05-24 09:17:40,0,0,no,,,,,,,,yes,1,2,,,0,2,True,False,Sacramento,False
u_102665,New York,2026-05-23 01:44:15,friend_family,18-24,en,laptop,inactive,1,2026-05-23 02:08:00,2026-05-23 02:08:00,,2026-05-24 04:38:41,2026-05-23 01:44:15,0,0,yes,2026-05-23 01:52:15,3.0,Wed|Sat,late_night,1.9,2026-07-20,no,no,0,0,,,0,1,True,False,NYC,False
u_103649,NYC,2026-05-23 02:50:23,paid_social,25-34,en,phone,inactive,2,2026-05-23 02:58:40,2026-05-31 11:56:00,,2026-06-02 13:56:57,2026-05-23 23:12:21,0,0,yes,2026-05-23 03:13:23,10.0,Mon|Tue|Wed|Thu|Fri|Sat|Sun,morning,4.4,2026-06-22,yes,no,0,1,,,0,2,True,False,NYC,False
u_105595,Boston,2026-05-23 04:09:10,reentry_org,35-44,en,laptop,course_complete,21,2026-05-23 18:32:07,2026-06-23 23:32:00,2026-06-23 23:32:00,2026-06-25 17:14:24,2026-06-22 19:38:24,0,0,no,,,,,,,,no,0,3,,,0,21,True,True,Boston,False
u_104866,Sacramento,2026-05-23 06:13:24,reentry_org,45-54,es,phone,permit_passed,21,2026-05-26 16:03:00,2026-07-05 16:07:00,2026-07-05 16:07:00,2026-07-21 05:11:58,2026-07-18 03:29:18,0,0,yes,2026-05-23 06:19:24,5.0,Tue|Sat|Sun,afternoon,3.5,,yes,no,0,1,2026-07-14,passed,1,21,True,True,Sacramento,False
u_101045,NYC,2026-05-23 08:00:22,parole_probation_officer,18-24,en,phone,inactive,8,2026-05-23 08:09:34,2026-06-13 07:30:00,,2026-06-14 16:02:21,2026-06-11 21:08:28,0,0,no,,,,,,,,no,0,3,,,0,8,True,False,NYC,False
u_103353,NYC,2026-05-23 08:55:21,parole_probation_officer,25-34,en,laptop,not_started,0,,,,2026-05-24 06:26:55,2026-05-23 08:55:21,0,0,yes,2026-05-23 09:38:21,10.0,Mon|Tue|Wed|Thu|Fri|Sat|Sun,morning,5.8,2026-06-24,yes,yes,0,0,,,0,0,False,False,NYC,False
u_105680,Boston,2026-05-23 10:11:02,reentry_org,25-34,en,phone,course_complete,21,2026-05-23 10:26:50,2026-06-18 15:59:00,2026-06-18 15:59:00,2026-06-19 10:40:40,2026-06-15 06:04:55,0,0,no,,,,,,,,yes,1,2,,,0,21,True,True,Boston,False
u_104795,Sacramento,2026-05-23 14:41:42,reentry_org,25-34,en,phone,course_complete,21,2026-05-25 13:05:00,2026-07-09 14:13:00,2026-07-09 14:13:00,2026-07-15 16:19:59,2026-07-14 23:41:52,0,0,yes,2026-05-23 14:51:42,3.0,Wed|Thu,afternoon,1.9,2026-07-22,yes,yes,0,3,,,0,21,True,True,Sacramento,False
u_101678,NYC,2026-05-23 15:38:13,friend_family,25-34,en,phone,inactive,4,2026-05-23 18:36:30,2026-06-07 23:18:00,,2026-06-13 10:24:13,2026-06-08 02:55:51,0,0,no,,,,,,,,yes,0,0,,,0,4,True,False,NYC,False
u_101120,NYC,2026-05-23 16:23:20,paid_social,35-44,es,phone,inactive,4,2026-05-23 16:58:05,2026-06-04 17:53:00,,2026-06-06 08:31:09,2026-06-02 18:45:43,0,0,yes,2026-05-23 17:48:20,10.0,Mon|Tue|Wed|Thu|Fri|Sat|Sun,evening,5.6,2026-07-02,yes,no,0,2,,,0,4,True,False,NYC,False
u_104162,Sacramento,2026-05-23 17:08:16,workforce_center,25-34,en,phone,withdrawn,11,2026-05-24 16:23:00,2026-06-22 15:18:00,,2026-06-24 14:20:19,2026-06-19 14:35:57,0,0,no,,,,,,,,yes,0,2,,,0,11,True,False,Sacramento,False
u_100155,NYC,2026-05-23 18:38:58,paid_social,45-54,en,phone,not_started,0,,,,2026-05-27 04:44:41,2026-05-23 18:38:58,0,0,yes,2026-05-23 18:44:58,3.0,Mon|Fri,evening,0.9,2026-08-01,unsure,no,0,0,,,0,0,False,False,NYC,False
u_100929,NYC,2026-05-23 18:58:58,paid_social,35-44,en,phone,inactive,2,2026-05-25 16:49:00,2026-05-26 13:38:00,,2026-05-29 12:17:50,2026-05-27 03:47:10,0,0,yes,2026-05-23 20:00:58,5.0,Wed|Fri|Sun,afternoon,3.6,2026-07-19,yes,no,0,2,,,0,2,True,False,NYC,False
u_102585,NYC,2026-05-23 21:24:53,friend_family,18-24,en,laptop,inactive,5,2026-05-23 22:03:21,2026-06-01 23:03:00,,2026-06-03 15:52:21,2026-05-23 21:24:53,0,0,yes,2026-05-23 22:13:53,5.0,Thu|Fri|Sun,late_night,3.7,2026-07-14,no,no,0,1,,,0,5,True,False,NYC,False
u_105742,Boston,2026-05-23 21:45:37,paid_social,35-44,es,phone,not_started,0,,,,2026-05-24 11:53:43,2026-05-24 08:02:51,0,0,yes,2026-05-23 22:21:37,7.0,Tue|Thu|Fri|Sat|Sun,evening,3.4,2026-07-08,no,no,0,0,,,0,0,False,False,Boston,False
u_102747,NYC,2026-05-23 23:22:14,workforce_center,55+,en,laptop,not_started,0,,,,2026-05-24 21:24:58,2026-05-23 23:22:14,0,0,no,,,,,,,,no,0,0,,,0,0,False,False,NYC,False
u_100838,NYC,2026-05-23 23:24:41,reentry_org,35-44,en,phone,inactive,6,2026-05-24 08:03:00,2026-05-28 09:43:00,,2026-05-30 08:07:34,2026-05-23 23:24:41,0,0,yes,2026-05-24 00:10:41,7.0,Mon|Wed|Fri|Sat|Sun,morning,3.2,2026-07-11,yes,no,0,2,,,0,6,True,False,NYC,False
u_105556,Boston,2026-05-23 23:32:55,workforce_center,35-44,en,phone,inactive,4,2026-05-23 23:46:57,2026-06-05 22:12:00,,2026-06-06 06:53:06,2026-06-06 04:19:13,0,0,no,,,,,,,,no,0,2,,,0,4,True,False,Boston,False
u_103892,NYC,2026-05-24 01:05:08,parole_probation_officer,35-44,en,laptop,permit_passed,21,2026-05-24 01:48:27,2026-06-15 16:21:00,2026-06-15 16:21:00,2026-07-20 15:21:00,2026-06-25 23:16:34,0,0,yes,2026-05-24 02:12:08,7.0,Mon|Tue|Wed|Thu|Sun,afternoon,4.6,2026-07-06,yes,yes,0,3,2026-07-20,passed,2,21,True,True,NYC,False
u_103070,NYC,2026-05-24 01:56:20,parole_probation_officer,25-34,en,laptop,course_complete,21,2026-05-24 04:19:29,2026-06-20 22:07:00,2026-06-20 22:07:00,2026-06-24 04:23:06,2026-06-22 15:21:16,0,0,yes,2026-05-24 02:01:20,10.0,Mon|Tue|Wed|Thu|Fri|Sat|Sun,late_night,4.4,2026-07-01,no,no,0,1,,,0,21,True,True,NYC,False
u_104640,Sacramento,2026-05-24 03:00:30,parole_probation_officer,35-44,en,laptop,not_started,0,,,,2026-05-24 16:16:48,2026-05-24 12:48:57,0,0,yes,2026-05-24 03:53:30,10.0,Mon|Tue|Wed|Thu|Fri|Sat|Sun,morning,4.6,,unsure,yes,0,0,,,0,0,False,False,Sacramento,False
u_101499,NYC,2026-05-24 03:43:24,reentry_org,18-24,en,laptop,not_started,0,,,,2026-05-24 06:11:31,2026-05-24 03:43:24,0,0,no,,,,,,,,yes,0,0,,,0,0,False,False,NYC,False
u_100904,NYC,2026-05-24 09:33:08,friend_family,35-44,en,phone,not_started,0,,,,2026-05-25 19:15:13,2026-05-24 11:22:44,0,0,no,,,,,,,,no,0,0,,,0,0,False,False,NYC,False
u_100512,NYC,2026-05-24 09:46:30,reentry_org,18-24,en,phone,course_complete,21,2026-05-24 09:58:15,2026-06-16 16:19:00,2026-06-16 16:19:00,2026-06-17 17:31:46,2026-06-10 18:36:55,0,0,no,,,,,,,,yes,0,1,,,0,21,True,True,NYC,False
u_105024,Sacramento,2026-05-24 11:39:44,parole_probation_officer,25-34,en,tablet,inactive,10,2026-06-03 13:53:00,2026-06-26 15:34:00,,2026-06-26 16:28:31,2026-06-22 14:59:25,0,0,yes,2026-05-24 11:53:44,3.0,Tue|Sun,afternoon,1.1,2026-08-03,unsure,yes,1,1,,,0,10,True,False,Sacramento,False
u_100125,NYC,2026-05-24 12:29:34,reentry_org,18-24,en,phone,permit_passed,21,2026-05-25 11:51:00,2026-07-05 10:51:00,2026-07-05 10:51:00,2026-07-17 15:51:00,2026-06-28 15:15:52,0,0,yes,2026-05-24 13:37:34,10.0,Mon|Tue|Wed|Thu|Fri|Sat|Sun,morning,4.4,,yes,yes,6,2,2026-07-17,passed,1,21,True,True,NYC,False
u_103810,NYC,2026-05-24 12:44:05,workforce_center,35-44,en,laptop,permit_passed,21,2026-05-24 13:00:21,2026-07-11 23:18:00,2026-07-11 23:18:00,2026-08-09 15:18:00,2026-07-15 20:46:46,0,0,yes,2026-05-24 13:08:05,3.0,Thu|Fri,late_night,1.7,2026-07-22,yes,no,0,1,2026-08-09,passed,1,21,True,True,NYC,False
u_103613,NYC,2026-05-24 13:39:00,workforce_center,45-54,en,phone,course_complete,21,2026-05-24 13:47:56,2026-08-01 00:57:00,2026-08-01 00:57:00,2026-08-05 17:08:59,2026-08-02 21:14:22,0,0,yes,2026-05-24 14:59:00,3.0,Thu|Fri,late_night,1.9,2026-07-31,yes,no,0,2,,,0,21,True,True,NYC,False
u_103526,NYC,2026-05-24 14:19:22,workforce_center,25-34,en,tablet,permit_failed,21,2026-05-24 14:49:56,2026-07-15 17:13:00,2026-07-15 17:13:00,2026-08-11 15:13:00,2026-07-19 09:41:26,0,0,no,,,,,,,,no,0,1,2026-08-11,failed,1,21,True,True,NYC,False
u_105677,Boston,2026-05-24 15:03:41,workforce_center,25-34,es,phone,inactive,1,2026-05-24 16:18:21,2026-05-24 16:18:21,,2026-05-28 05:59:51,2026-05-24 15:03:41,0,0,yes,2026-05-24 16:04:41,3.0,Wed|Sat,morning,0.9,2026-08-09,yes,no,0,2,,,0,1,True,False,Boston,False
u_100628,NYC,2026-05-24 15:10:18,friend_family,25-34,en,phone,course_complete,21,2026-06-03 15:17:00,2026-07-16 16:01:00,2026-07-16 16:01:00,2026-07-28 23:11:41,2026-07-25 02:01:36,0,0,yes,2026-05-24 16:06:18,5.0,Tue|Wed|Thu,afternoon,2.8,2026-07-12,yes,yes,1,2,,,0,21,True,True,NYC,False
u_105452,Boston,2026-05-24 19:26:02,reentry_org,18-24,en,tablet,not_started,0,,,,2026-05-25 11:05:52,2026-05-24 19:26:02,0,0,no,,,,,,,,no,0,0,,,0,0,False,False,Boston,False
u_100586,NYC,2026-05-24 23:11:48,reentry_org,35-44,en,phone,inactive,2,2026-05-25 23:26:00,2026-05-25 22:06:00,,2026-05-26 12:57:13,2026-05-24 23:11:48,0,0,no,,,,,,,,no,0,0,,,0,2,True,False,NYC,False
u_103463,NYC,2026-05-25 03:16:57,parole_probation_officer,18-24,en,phone,permit_failed,21,2026-05-25 03:34:15,2026-07-19 14:38:00,2026-07-19 14:38:00,2026-08-19 15:38:00,2026-07-14 10:48:51,0,0,yes,2026-05-25 04:06:57,3.0,Mon|Sat,afternoon,2.8,2026-08-02,no,yes,1,2,2026-08-19,failed,1,21,True,True,NYC,False
u_105688,Boston,2026-05-25 04:33:19,parole_probation_officer,35-44,en,phone,not_started,0,,,,2026-05-27 18:27:45,2026-05-27 07:08:26,0,0,yes,2026-05-25 05:49:19,5.0,Tue|Sat|Sun,late_night,3.7,2026-07-04,yes,no,0,0,,,0,0,False,False,Boston,False
u_104911,Sacramento,2026-05-25 04:45:05,reentry_org,25-34,en,laptop,permit_passed,21,2026-05-25 05:18:10,2026-07-05 22:55:00,2026-07-05 22:55:00,2026-07-18 15:55:00,2026-07-16 08:56:50,0,0,no,,,,,,,,yes,1,2,2026-07-18,passed,1,21,True,True,Sacramento,False
u_101040,NYC,2026-05-25 08:59:53,friend_family,45-54,en,phone,inactive,4,2026-06-02 11:53:00,2026-06-10 07:25:00,,2026-06-11 18:14:56,2026-06-09 00:48:03,0,0,yes,2026-05-25 10:03:53,5.0,Tue|Wed|Sun,morning,3.5,2026-07-20,yes,no,0,1,,,0,4,True,False,NYC,False
u_101378,NYC,2026-05-25 10:33:41,friend_family,25-34,en,laptop,course_complete,21,2026-05-25 12:35:56,2026-07-02 12:49:00,2026-07-02 12:49:00,2026-07-02 12:55:10,2026-06-27 18:04:20,0,0,yes,2026-05-25 10:52:41,5.0,Mon|Tue|Sun,afternoon,3.0,2026-07-08,no,no,0,3,,,0,21,True,True,NYC,False
u_103499,NYC,2026-05-25 12:20:45,parole_probation_officer,25-34,en,shared_computer,course_complete,21,2026-05-30 21:15:00,2026-07-17 19:29:00,2026-07-17 19:29:00,2026-07-19 12:33:41,2026-07-18 08:18:51,0,0,no,,,,,,,,yes,1,2,,,0,21,True,True,NYC,False
u_104133,Sacramento,2026-05-25 14:30:00,parole_probation_officer,55+,en,tablet,permit_passed,21,2026-05-26 07:50:00,2026-06-18 10:13:00,2026-06-18 10:13:00,2026-06-29 06:42:48,2026-06-26 08:33:19,0,0,no,,,,,,,,no,0,3,2026-06-28,passed,1,21,True,True,Sacramento,False
u_102998,NYC,2026-05-25 14:31:02,reentry_org,25-34,es,phone,permit_passed,21,2026-05-26 19:19:00,2026-06-20 20:37:00,2026-06-20 20:37:00,2026-07-05 15:37:00,2026-06-21 06:32:22,0,0,yes,2026-05-25 15:21:02,10.0,Mon|Tue|Wed|Thu|Fri|Sat|Sun,evening,5.4,2026-06-28,yes,yes,4,2,2026-07-05,passed,1,21,True,True,NYC,False
u_103714,NYC,2026-05-25 15:14:39,paid_social,25-34,en,phone,not_started,0,,,,2026-05-26 10:00:45,2026-05-25 15:14:39,0,0,yes,2026-05-25 15:20:39,5.0,Mon|Tue|Wed,late_night,3.0,2026-07-10,unsure,yes,0,0,,,0,0,False,False,NYC,False
u_105165,Sacramento,2026-05-25 21:46:27,parole_probation_officer,45-54,en,phone,inactive,1,2026-05-31 11:44:00,2026-05-31 11:44:00,,2026-06-01 18:47:37,2026-05-31 19:59:20,0,0,no,,,,,,,,no,0,1,,,0,1,True,False,Sacramento,False
u_105097,Sacramento,2026-05-25 22:07:05,parole_probation_officer,45-54,en,phone,inactive,20,2026-05-31 20:15:00,2026-06-21 19:48:00,,2026-06-23 20:16:48,2026-06-22 12:48:40,0,0,yes,2026-05-25 22:43:05,10.0,Mon|Tue|Wed|Thu|Fri|Sat|Sun,evening,5.6,2026-07-04,unsure,yes,0,1,,,0,20,True,False,Sacramento,False
u_100187,NYC,2026-05-25 23:16:53,reentry_org,25-34,en,phone,not_started,0,,,,2026-05-26 22:51:34,2026-05-25 23:16:53,0,0,no,,,,,,,,no,0,0,,,0,0,False,False,NYC,False
u_102605,NYC,2026-05-25 23:27:00,parole_probation_officer,35-44,en,laptop,inactive,1,2026-05-26 22:45:00,2026-05-26 22:45:00,,2026-05-28 02:44:44,2026-05-25 23:27:00,0,0,no,,,,,,,,no,0,1,,,0,1,True,False,NYC,False
u_101867,NYC,2026-05-26 00:28:47,reentry_org,55+,en,phone,inactive,2,2026-05-26 00:35:40,2026-05-31 14:46:00,,2026-06-06 11:41:47,2026-06-05 10:47:39,0,0,no,,,,,,,,no,0,1,,,0,2,True,False,NYC,False
u_104341,Sacramento,2026-05-26 05:22:36,friend_family,55+,es,phone,course_complete,21,2026-05-28 22:24:00,2026-06-26 23:21:00,2026-06-26 23:21:00,2026-07-01 23:31:01,2026-07-01 07:25:08,0,0,no,,,,,,,,yes,1,3,,,0,21,True,True,Sacramento,False
u_105217,Sacramento,2026-05-26 07:50:28,reentry_org,35-44,en,laptop,course_complete,21,2026-05-28 13:03:00,2026-06-27 14:51:00,2026-06-27 14:51:00,2026-07-05 03:57:47,2026-06-28 07:13:14,0,0,no,,,,,,,,no,0,2,,,0,21,True,True,Sacramento,False
u_104828,Sacramento,2026-05-26 08:08:09,paid_social,25-34,en,tablet,course_complete,21,2026-05-28 12:39:00,2026-08-05 15:57:00,2026-08-05 15:57:00,2026-08-19 12:33:51,2026-08-19 06:41:32,0,0,yes,2026-05-26 09:14:09,3.0,Mon|Sat,afternoon,2.7,2026-07-24,unsure,no,0,2,,,0,21,True,True,Sacramento,False
u_103326,NYC,2026-05-26 08:14:58,parole_probation_officer,25-34,en,tablet,not_started,0,,,,2026-05-26 15:24:38,2026-05-26 13:14:02,0,0,no,,,,,,,,yes,0,0,,,0,0,False,False,NYC,False
u_103718,NYC,2026-05-26 08:41:50,friend_family,25-34,en,phone,inactive,1,2026-05-27 22:14:00,2026-05-27 22:14:00,,2026-05-28 11:34:11,2026-05-26 08:41:50,0,0,no,,,,,,,,yes,0,0,,,0,1,True,False,NYC,False
u_105910,Boston,2026-05-26 09:26:33,friend_family,25-34,en,laptop,not_started,0,,,,2026-05-28 18:52:05,2026-05-27 18:02:40,0,0,yes,2026-05-26 10:28:33,7.0,Mon|Tue|Wed|Fri|Sat,afternoon,4.5,2026-07-03,yes,yes,0,0,,,0,0,False,False,Boston,False
u_102432,NYC,2026-05-26 09:33:55,reentry_org,18-24,en,phone,permit_passed,21,2026-05-27 17:35:00,2026-07-21 20:30:00,2026-07-21 20:30:00,2026-08-24 15:30:00,2026-07-24 21:05:41,0,0,yes,2026-05-26 09:54:55,3.0,Wed|Thu,evening,1.3,2026-08-04,yes,no,0,1,2026-08-24,passed,1,21,True,True,NYC,False
u_101592,NYC,2026-05-26 10:35:22,reentry_org,55+,en,laptop,inactive,1,2026-05-26 10:51:19,2026-05-26 10:51:19,,2026-05-28 04:56:02,2026-05-26 20:21:27,0,0,no,,,,,,,,no,0,1,,,0,1,True,False,NYC,False
u_103612,NYC,2026-05-26 10:36:48,workforce_center,35-44,en,laptop,not_started,0,,,,2026-05-26 20:16:33,2026-05-26 10:36:48,0,0,yes,2026-05-26 11:58:48,10.0,Mon|Tue|Wed|Thu|Fri|Sat|Sun,morning,5.3,2026-07-06,no,no,0,0,,,0,0,False,False,NYC,False
u_103832,NYC,2026-05-26 11:12:18,paid_social,55+,es,phone,not_started,0,,,,2026-06-01 11:03:40,2026-05-26 11:12:18,0,0,yes,2026-05-26 12:20:18,3.0,Thu|Fri,evening,0.9,,yes,yes,0,0,,,0,0,False,False,NYC,False
u_105590,Boston,2026-05-26 13:20:19,reentry_org,25-34,en,phone,inactive,3,2026-05-30 23:32:00,2026-06-05 22:54:00,,2026-06-12 12:40:03,2026-06-04 18:56:36,0,0,no,,,,,,,,no,0,0,,,0,3,True,False,Boston,False
u_102908,NYC,2026-05-26 13:34:15,reentry_org,35-44,en,phone,not_started,0,,,,2026-05-26 17:55:14,2026-05-26 13:34:15,0,0,no,,,,,,,,no,0,0,,,0,0,False,False,NYC,False
u_104184,Sacramento,2026-05-26 13:37:55,friend_family,45-54,es,phone,not_started,0,,,,2026-05-26 18:50:46,2026-05-26 13:37:55,0,0,yes,2026-05-26 13:46:55,3.0,Thu|Sat,evening,2.6,,yes,no,0,0,,,0,0,False,False,Sacramento,False
u_100683,NYC,2026-05-26 14:09:47,friend_family,35-44,en,phone,not_started,0,,,,2026-05-27 16:41:24,2026-05-26 14:09:47,0,0,yes,2026-05-26 15:34:47,10.0,Mon|Tue|Wed|Thu|Fri|Sat|Sun,morning,5.8,,yes,no,0,0,,,0,0,False,False,NYC,False
u_104432,Sacramento,2026-05-26 16:01:29,workforce_center,25-34,en,phone,inactive,3,2026-06-04 21:04:00,2026-06-07 20:08:00,,2026-06-10 05:50:17,2026-06-06 02:54:26,0,0,yes,2026-05-26 17:11:29,3.0,Thu|Sun,evening,2.2,2026-07-28,unsure,no,0,1,,,0,3,True,False,Sacramento,False
u_102355,NYC,2026-05-26 17:05:32,parole_probation_officer,25-34,en,tablet,inactive,3,2026-06-02 16:14:00,2026-06-11 15:52:00,,2026-06-16 07:41:22,2026-06-16 03:12:10,0,0,no,,,,,,,,no,0,1,,,0,3,True,False,NYC,False
u_100933,NYC,2026-05-26 18:05:56,paid_social,55+,en,phone,inactive,7,2026-06-07 08:22:00,2026-06-24 11:13:00,,2026-06-24 20:41:03,2026-06-21 21:21:11,0,0,yes,2026-05-26 19:10:56,3.0,Thu|Sat,morning,2.1,2026-07-28,yes,no,0,1,,,0,7,True,False,NYC,False
u_103125,NYC,2026-05-26 19:16:10,paid_social,35-44,en,tablet,course_complete,21,2026-05-26 19:38:13,2026-06-19 21:05:00,2026-06-19 21:05:00,2026-07-11 02:17:47,2026-07-07 01:14:48,0,0,yes,2026-05-26 20:37:10,10.0,Mon|Tue|Wed|Thu|Fri|Sat|Sun,evening,4.2,2026-07-05,unsure,yes,6,1,,,0,21,True,True,NYC,False
u_101975,NYC,2026-05-26 19:34:40,paid_social,25-34,en,phone,inactive,2,2026-05-30 08:25:00,2026-05-30 10:59:00,,2026-05-31 05:33:23,2026-05-30 09:26:28,0,0,no,,,,,,,,no,0,1,,,0,2,True,False,NYC,False
u_101322,NYC,2026-05-26 22:12:59,friend_family,35-44,es,phone,permit_passed,21,2026-05-26 22:19:27,2026-06-29 09:02:00,2026-06-29 09:02:00,2026-07-13 21:29:25,2026-07-09 21:33:45,0,0,yes,2026-05-26 22:37:59,3.0,Thu|Sun,morning,1.4,2026-08-08,yes,no,0,1,2026-07-13,passed,1,21,True,True,NYC,False
u_101382,NYC,2026-05-26 23:40:01,paid_social,18-24,en,phone,permit_passed,21,2026-05-28 19:05:00,2026-07-17 17:58:00,2026-07-17 17:58:00,2026-08-20 15:58:00,2026-07-23 13:32:59,0,0,yes,2026-05-26 23:54:01,5.0,Thu|Fri|Sat,evening,1.8,,no,no,0,2,2026-08-20,passed,1,21,True,True,NYC,False
u_101077,NYC,2026-05-27 00:01:07,parole_probation_officer,45-54,es,phone,inactive,19,2026-05-28 21:04:00,2026-06-19 21:26:00,,2026-06-20 09:36:57,2026-06-18 19:55:17,0,0,no,,,,,,,,no,0,2,,,0,19,True,False,NYC,False
u_102631,NYC,2026-05-27 02:56:07,reentry_org,18-24,es,laptop,course_complete,21,2026-05-31 23:15:00,2026-08-01 22:55:00,2026-08-01 22:55:00,2026-08-04 19:29:43,2026-08-03 22:47:49,0,0,no,,,,,,,,no,0,1,,,0,21,True,True,NYC,False
u_104981,Sacramento,2026-05-27 05:22:07,reentry_org,45-54,en,phone,permit_passed,21,2026-05-27 06:42:00,2026-06-20 20:54:00,2026-06-20 20:54:00,2026-07-07 03:37:24,2026-06-22 01:34:41,0,0,yes,2026-05-27 05:45:07,10.0,Mon|Tue|Wed|Thu|Fri|Sat|Sun,evening,4.2,2026-06-17,yes,yes,1,1,2026-07-02,passed,1,21,True,True,Sacramento,False
u_101319,NYC,2026-05-27 05:33:09,workforce_center,35-44,en,phone,inactive,2,2026-05-27 23:08:09,2026-06-01 06:35:00,,2026-06-01 11:07:13,2026-05-29 12:05:50,0,0,no,,,,,,,,no,0,0,,,0,2,True,False,NYC,False
u_105009,Sacramento,2026-05-27 06:44:28,parole_probation_officer,45-54,en,phone,permit_passed,21,2026-06-02 19:47:00,2026-07-14 18:07:00,2026-07-14 18:07:00,2026-07-22 15:07:00,2026-07-11 01:13:03,0,0,yes,2026-05-27 06:49:28,5.0,Mon|Fri|Sun,evening,2.1,2026-07-04,yes,yes,1,2,2026-07-22,passed,1,21,True,True,Sacramento,False
u_101172,NYC,2026-05-27 06:57:50,parole_probation_officer,45-54,en,phone,permit_passed,21,2026-05-27 09:04:32,2026-06-20 07:46:00,2026-06-20 07:46:00,2026-07-24 15:46:00,2026-07-05 08:43:59,0,0,yes,2026-05-27 08:20:50,10.0,Mon|Tue|Wed|Thu|Fri|Sat|Sun,morning,5.6,2026-06-23,yes,yes,1,2,2026-07-24,passed,1,21,True,True,NYC,False
u_103587,NYC,2026-05-27 12:55:55,friend_family,45-54,en,phone,not_started,0,,,,2026-05-27 13:44:36,2026-05-27 12:55:55,0,0,yes,2026-05-27 12:58:55,7.0,Mon|Tue|Thu|Fri|Sat,evening,3.3,2026-07-03,unsure,no,0,0,,,0,0,False,False,NYC,False
u_103172,NYC,2026-05-27 14:16:42,paid_social,25-34,en,phone,inactive,1,2026-06-03 23:27:00,2026-06-03 23:27:00,,2026-06-08 01:43:11,2026-06-04 21:21:15,0,0,yes,2026-05-27 15:14:42,5.0,Mon|Tue|Sun,late_night,2.5,,yes,no,0,0,,,0,1,True,False,NYC,False
u_104062,Sacramento,2026-05-27 14:19:25,paid_social,35-44,en,phone,inactive,8,2026-05-27 14:28:36,2026-06-14 15:49:00,,2026-06-14 16:53:25,2026-06-12 05:30:22,0,0,yes,2026-05-27 14:54:25,7.0,Mon|Tue|Fri|Sat|Sun,afternoon,3.7,2026-06-24,yes,no,0,3,,,0,7,True,False,Sacramento,False
u_100149,NYC,2026-05-27 16:23:38,parole_probation_officer,35-44,en,phone,course_complete,21,2026-05-29 11:38:00,2026-06-24 06:58:00,2026-06-24 06:58:00,2026-06-28 23:22:43,2026-06-27 02:16:30,0,0,no,,,,,,,,yes,2,1,,,0,21,True,True,NYC,False
u_103497,NYC,2026-05-27 16:37:39,parole_probation_officer,25-34,en,phone,not_started,0,,,,2026-05-30 04:58:41,2026-05-27 16:37:39,0,0,yes,2026-05-27 17:21:39,5.0,Tue|Wed|Fri,evening,2.9,2026-07-18,no,yes,0,0,,,0,0,False,False,NYC,False
u_105113,Sacramento,2026-05-27 16:52:24,parole_probation_officer,35-44,en,phone,inactive,3,2026-05-27 18:52:44,2026-06-03 20:44:00,,2026-06-04 09:19:07,2026-05-27 16:52:24,0,0,yes,2026-05-27 17:21:24,3.0,Thu|Fri,evening,1.1,2026-07-22,yes,no,0,1,,,0,3,True,False,Sacramento,False
u_104987,Sacramento,2026-05-27 21:34:24,paid_social,35-44,en,shared_computer,inactive,4,2026-05-27 21:47:22,2026-06-18 15:49:00,,2026-06-19 18:00:50,2026-06-18 12:41:16,0,0,no,,,,,,,,no,0,0,,,0,4,True,False,Sacramento,False
u_103917,NYC,2026-05-28 02:07:35,paid_social,18-24,en,phone,permit_passed,21,2026-05-28 23:45:59,2026-06-21 09:16:00,2026-06-21 09:16:00,2026-07-19 15:16:00,2026-06-22 04:54:27,0,0,yes,2026-05-28 02:55:35,7.0,Mon|Wed|Thu|Sat|Sun,morning,2.8,2026-06-27,yes,no,0,1,2026-07-19,passed,1,21,True,True,NYC,False
u_100523,NYC,2026-05-28 02:54:21,workforce_center,55+,en,laptop,inactive,2,2026-05-31 23:36:00,2026-06-01 23:37:00,,2026-06-02 13:05:46,2026-05-29 10:51:43,0,0,yes,2026-05-28 04:03:21,7.0,Wed|Thu|Fri|Sat|Sun,late_night,4.6,2026-07-11,yes,yes,4,2,,,0,2,True,False,NYC,False
u_102034,NYC,2026-05-28 03:01:09,reentry_org,25-34,en,shared_computer,not_started,0,,,,2026-05-30 23:10:01,2026-05-28 03:01:09,0,0,yes,2026-05-28 04:31:09,3.0,Thu|Fri,morning,1.0,,no,no,0,0,,,0,0,False,False,NYC,False
u_103099,NYC,2026-05-28 04:16:41,friend_family,25-34,en,phone,inactive,4,2026-05-28 18:46:02,2026-06-09 22:16:00,,2026-06-13 18:14:48,2026-06-09 14:26:55,0,0,no,,,,,,,,yes,0,0,,,0,4,True,False,NYC,False
u_101226,NYC,2026-05-28 04:34:32,friend_family,35-44,en,tablet,permit_passed,21,2026-05-29 17:19:00,2026-07-02 19:17:00,2026-07-02 19:17:00,2026-07-31 15:17:00,2026-06-29 02:44:54,0,0,yes,2026-05-28 05:26:32,5.0,Mon|Thu|Sun,evening,3.3,2026-07-16,unsure,no,0,1,2026-07-31,passed,1,21,True,True,NYC,False
u_105179,Sacramento,2026-05-28 04:49:44,parole_probation_officer,25-34,en,phone,permit_passed,21,2026-06-02 23:59:00,2026-06-28 23:59:00,2026-06-28 23:59:00,2026-07-10 16:24:45,2026-07-09 10:37:59,0,0,yes,2026-05-28 05:16:44,10.0,Mon|Tue|Wed|Thu|Fri|Sat|Sun,late_night,5.3,2026-06-30,unsure,yes,1,2,2026-07-03,passed,1,21,True,True,Sacramento,False
u_102538,NYC,2026-05-28 06:04:37,reentry_org,25-34,en,phone,inactive,3,2026-06-01 14:20:00,2026-06-03 16:56:00,,2026-06-13 11:31:55,2026-06-12 13:12:14,0,0,yes,2026-05-28 07:29:37,7.0,Mon|Tue|Thu|Sat|Sun,afternoon,2.7,,yes,no,0,1,,,0,3,True,False,NYC,False
u_100301,NYC,2026-05-28 06:06:55,paid_social,25-34,en,phone,inactive,1,2026-05-29 14:46:00,2026-05-29 14:46:00,,2026-05-30 17:29:34,2026-05-28 06:06:55,0,0,yes,2026-05-28 06:20:55,5.0,Wed|Fri|Sun,afternoon,2.7,,yes,no,0,1,,,0,1,True,False,NYC,False
u_105644,Boston,2026-05-28 08:19:50,workforce_center,25-34,en,laptop,not_started,0,,,,2026-05-29 19:45:08,2026-05-28 08:19:50,0,0,yes,2026-05-28 09:14:50,7.0,Mon|Tue|Thu|Fri|Sun,afternoon,3.9,,unsure,no,0,0,,,0,0,False,False,Boston,False
u_103474,NYC,2026-05-28 08:58:21,friend_family,18-24,en,phone,not_started,0,,,,2026-05-29 04:44:37,2026-05-28 08:58:21,0,0,yes,2026-05-28 09:02:21,3.0,Mon|Fri,late_night,2.8,,yes,yes,0,0,,,0,0,False,False,NYC,False
u_101792,NYC,2026-05-28 09:11:09,paid_social,45-54,en,phone,not_started,0,,,,2026-05-29 04:36:53,2026-05-28 09:11:09,0,0,no,,,,,,,,no,0,0,,,0,0,False,False,NYC,False
u_104492,Sacramento,2026-05-28 10:15:54,friend_family,55+,en,phone,course_complete,21,2026-05-30 18:40:00,2026-06-29 18:20:00,2026-06-29 18:20:00,2026-07-13 15:25:42,2026-07-10 10:19:31,0,0,yes,2026-05-28 11:45:54,7.0,Mon|Tue|Wed|Thu|Sat,evening,2.7,2026-07-12,yes,yes,0,1,,,0,21,True,True,Sacramento,False
u_102546,NYC,2026-05-28 11:08:55,workforce_center,25-34,en,shared_computer,not_started,0,,,,2026-05-29 08:10:04,2026-05-29 05:11:20,0,0,yes,2026-05-28 12:06:55,3.0,Mon|Sun,evening,2.4,2026-08-04,no,no,0,0,,,0,0,False,False,NYC,False
u_105282,Sacramento,2026-05-28 14:08:15,paid_social,25-34,en,phone,permit_passed,21,2026-05-28 14:24:12,2026-06-29 13:33:00,2026-06-29 13:33:00,2026-07-13 15:33:00,2026-06-27 23:45:27,0,0,yes,2026-05-28 14:42:15,7.0,Mon|Wed|Thu|Sat|Sun,afternoon,4.2,2026-07-16,yes,no,0,2,2026-07-13,passed,1,21,True,True,Sacramento,False
u_104010,Sacramento,2026-05-28 14:32:19,reentry_org,25-34,es,laptop,inactive,2,2026-05-28 15:58:33,2026-05-29 11:27:00,,2026-05-31 23:56:13,2026-05-31 18:34:06,0,0,no,,,,,,,,yes,2,1,,,0,2,True,False,Sacramento,False
u_101037,NYC,2026-05-28 16:05:29,reentry_org,25-34,en,phone,inactive,8,2026-05-28 16:19:30,2026-06-09 18:02:00,,2026-06-14 13:46:14,2026-06-03 18:23:13,0,0,no,,,,,,,,no,0,1,,,0,7,True,False,NYC,False
u_105870,Boston,2026-05-28 16:21:13,friend_family,35-44,en,phone,not_started,0,,,,2026-05-29 14:07:15,2026-05-28 16:21:13,0,0,no,,,,,,,,yes,0,0,,,0,0,False,False,Boston,False
u_102999,NYC,2026-05-28 17:30:48,friend_family,25-34,en,laptop,not_started,0,,,,2026-05-29 22:26:56,2026-05-28 17:30:48,0,0,yes,2026-05-28 17:49:48,7.0,Tue|Wed|Thu|Fri|Sat,evening,4.6,,no,yes,0,0,,,0,0,False,False,NYC,False
u_103023,NYC,2026-05-28 20:13:01,friend_family,25-34,en,laptop,course_complete,21,2026-05-28 20:52:46,2026-07-12 21:13:00,2026-07-12 21:13:00,2026-07-18 12:01:35,2026-07-10 14:09:50,0,0,yes,2026-05-28 20:28:01,5.0,Mon|Wed|Fri,evening,2.6,,no,yes,3,2,,,0,21,True,True,NYC,False
u_101426,NYC,2026-05-28 20:21:26,friend_family,35-44,en,laptop,not_started,0,,,,2026-05-30 08:23:39,2026-05-30 00:37:08,0,0,no,,,,,,,,no,0,0,,,0,0,False,False,NYC,False
u_102850,NYC,2026-05-28 20:37:49,reentry_org,35-44,es,laptop,course_complete,21,2026-05-28 20:44:06,2026-07-04 23:36:00,2026-07-04 23:36:00,2026-07-07 16:50:50,2026-07-06 01:51:53,0,0,yes,2026-05-28 21:18:49,5.0,Mon|Wed|Sun,late_night,2.5,2026-07-06,yes,yes,0,2,,,0,21,True,True,NYC,False
u_103272,NYC,2026-05-28 20:43:03,friend_family,25-34,en,tablet,inactive,3,2026-05-28 20:56:01,2026-06-02 06:55:00,,2026-06-03 06:35:11,2026-05-31 15:35:29,0,0,no,,,,,,,,no,0,2,,,0,3,True,False,NYC,False
u_101775,NYC,2026-05-28 21:20:06,paid_social,45-54,en,phone,not_started,0,,,,2026-05-30 22:58:51,2026-05-28 21:20:06,0,0,no,,,,,,,,yes,0,0,,,0,0,False,False,NYC,False
u_102012,NYC,2026-05-28 22:08:32,paid_social,25-34,en,phone,inactive,4,2026-06-08 23:32:00,2026-06-14 22:45:00,,2026-06-25 20:37:24,2026-06-24 03:39:16,0,0,no,,,,,,,,no,0,1,,,0,4,True,False,NYC,False
u_102929,NYC,2026-05-28 22:47:12,reentry_org,25-34,en,phone,not_started,0,,,,2026-05-29 20:35:55,2026-05-28 22:47:12,0,0,yes,2026-05-28 23:18:12,3.0,Thu|Fri,evening,1.7,,unsure,yes,0,0,,,0,0,False,False,NYC,False
u_102527,NYC,2026-05-29 01:16:11,workforce_center,18-24,en,tablet,not_started,0,,,,2026-05-29 11:53:05,2026-05-29 01:16:11,0,0,yes,2026-05-29 02:36:11,5.0,Wed|Thu|Sun,afternoon,3.1,2026-07-13,yes,no,0,0,,,0,0,False,False,NYC,False
u_100590,NYC,2026-05-29 01:27:07,parole_probation_officer,18-24,en,phone,permit_passed,21,2026-06-01 20:29:00,2026-08-14 18:40:00,2026-08-14 18:40:00,2026-08-28 15:40:00,2026-08-17 06:25:24,0,0,yes,2026-05-29 02:33:07,3.0,Thu|Sun,evening,2.7,2026-08-07,yes,yes,4,1,2026-08-28,passed,1,21,True,True,NYC,False
u_100599,NYC,2026-05-29 02:36:33,parole_probation_officer,45-54,es,phone,not_started,0,,,,2026-05-31 00:03:42,2026-05-29 02:36:33,0,0,yes,2026-05-29 03:32:33,7.0,Mon|Tue|Thu|Fri|Sat,evening,3.0,,yes,yes,0,0,,,0,0,False,False,NYC,False
u_103596,NYC,2026-05-29 02:49:36,paid_social,35-44,es,phone,permit_passed,21,2026-06-10 09:56:00,2026-07-05 10:26:00,2026-07-05 10:26:00,2026-08-06 15:26:00,2026-07-10 20:18:15,0,0,yes,2026-05-29 03:18:36,5.0,Wed|Fri|Sun,morning,2.3,2026-07-20,yes,yes,1,1,2026-08-06,passed,1,21,True,True,NYC,False
u_104709,Sacramento,2026-05-29 03:26:52,parole_probation_officer,25-34,en,laptop,not_started,0,,,,2026-05-30 21:33:54,2026-05-29 03:26:52,0,0,no,,,,,,,,no,0,0,,,0,0,False,False,Sacramento,False
u_101976,NYC,2026-05-29 06:07:39,friend_family,25-34,en,phone,not_started,0,,,,2026-05-29 16:52:57,2026-05-29 06:07:39,0,0,yes,2026-05-29 06:53:39,10.0,Mon|Tue|Wed|Thu|Fri|Sat|Sun,late_night,5.3,,yes,yes,0,0,,,0,0,False,False,NYC,False
u_100346,NYC ,2026-05-29 08:32:07,reentry_org,25-34,en,phone,course_complete,21,2026-05-29 21:33:54,2026-07-18 21:10:00,2026-07-18 21:10:00,2026-07-25 06:29:29,2026-07-11 14:50:42,0,0,yes,2026-05-29 09:22:07,5.0,Fri|Sat|Sun,evening,3.2,,yes,no,0,3,,,0,21,True,True,NYC,False
u_105821,Boston,2026-05-29 09:49:23,friend_family,35-44,es,laptop,inactive,1,2026-05-29 10:07:07,2026-05-29 10:07:07,,2026-06-02 06:38:46,2026-06-01 03:19:35,0,0,no,,,,,,,,no,0,2,,,0,1,True,False,Boston,False
u_102389,NYC,2026-05-29 11:21:10,paid_social,18-24,en,laptop,inactive,2,2026-05-30 16:10:00,2026-05-31 12:46:00,,2026-05-31 16:07:02,2026-05-30 22:22:37,0,0,no,,,,,,,,no,0,0,,,0,2,True,False,NYC,False
u_104490,Sacramento,2026-05-29 11:55:39,parole_probation_officer,45-54,es,tablet,inactive,4,2026-06-10 11:39:00,2026-06-16 12:32:00,,2026-06-18 06:32:31,2026-06-16 09:14:01,0,0,no,,,,,,,,no,0,0,,,0,4,True,False,Sacramento,False
u_100532,NYC,2026-05-29 15:29:43,friend_family,35-44,en,phone,not_started,0,,,,2026-05-29 23:49:46,2026-05-29 15:29:43,0,0,yes,2026-05-29 16:38:43,5.0,Thu|Fri|Sat,evening,2.5,,no,no,0,0,,,0,0,False,False,NYC,False
u_105313,Sacramento,2026-05-29 16:25:33,friend_family,18-24,en,laptop,not_started,0,,,,2026-06-04 20:03:27,2026-06-03 19:02:43,0,0,no,,,,,,,,no,0,0,,,0,0,False,False,Sacramento,False
u_101197,NYC,2026-05-29 17:26:41,parole_probation_officer,45-54,es,phone,inactive,2,2026-06-01 20:23:00,2026-06-01 21:24:00,,2026-06-03 13:48:06,2026-05-29 17:26:41,0,0,yes,2026-05-29 18:04:41,10.0,Mon|Tue|Wed|Thu|Fri|Sat|Sun,evening,4.7,2026-06-28,unsure,no,0,2,,,0,2,True,False,NYC,False
u_102460,NYC,2026-05-29 20:06:33,reentry_org,25-34,es,tablet,not_started,0,,,,2026-05-31 20:55:17,2026-05-29 20:06:33,0,0,yes,2026-05-29 21:05:33,7.0,Mon|Wed|Fri|Sat|Sun,afternoon,3.5,2026-07-03,no,no,0,0,,,0,0,False,False,NYC,False
u_100473,NYC,2026-05-29 21:10:08,reentry_org,45-54,es,phone,inactive,2,2026-06-01 23:42:00,2026-06-16 22:13:00,,2026-06-19 22:28:12,2026-06-15 16:59:37,0,0,no,,,,,,,,no,0,1,,,0,2,True,False,NYC,False
u_101509,NYC,2026-05-30 00:51:57,paid_social,45-54,en,laptop,not_started,0,,,,2026-06-03 12:59:36,2026-06-02 10:42:46,0,0,yes,2026-05-30 00:59:57,3.0,Tue|Thu,evening,1.9,,yes,no,0,0,,,0,0,False,False,NYC,False
u_104453,Sacramento,2026-05-30 02:22:10,paid_social,25-34,en,phone,inactive,2,2026-05-30 02:58:22,2026-06-03 17:13:00,,2026-06-04 13:47:30,2026-06-03 02:24:30,0,0,yes,2026-05-30 03:49:10,5.0,Tue|Thu|Sun,evening,2.4,2026-07-23,no,no,0,1,,,0,2,True,False,Sacramento,False
u_101012,NYC,2026-05-30 03:02:53,reentry_org,18-24,en,tablet,not_started,0,,,,2026-05-31 22:27:26,2026-05-31 13:00:57,0,0,no,,,,,,,,yes,0,0,,,0,0,False,False,NYC,False
u_102035,NYC,2026-05-30 03:37:52,friend_family,25-34,en,phone,course_complete,21,2026-06-03 19:29:00,2026-07-22 19:53:00,2026-07-22 19:53:00,2026-08-05 01:30:50,2026-08-02 04:55:31,0,0,no,,,,,,,,no,0,2,,,0,21,True,True,NYC,False
u_103544,NYC,2026-05-30 07:38:51,reentry_org,25-34,en,laptop,course_complete,21,2026-05-30 21:25:22,2026-07-16 17:55:00,2026-07-16 17:55:00,2026-07-25 14:13:48,2026-07-22 13:00:15,0,0,yes,2026-05-30 07:48:51,3.0,Wed|Sat,evening,2.7,2026-07-30,yes,no,0,3,,,0,21,True,True,NYC,False
u_104055,Sacramento,2026-05-30 08:02:21,parole_probation_officer,25-34,en,phone,inactive,4,2026-05-30 10:11:40,2026-06-05 23:33:00,,2026-06-09 01:10:52,2026-06-04 10:53:13,0,0,no,,,,,,,,no,0,0,,,0,4,True,False,Sacramento,False
u_100729,NYC,2026-05-30 08:28:23,friend_family,45-54,en,phone,inactive,2,2026-05-30 08:53:45,2026-06-01 13:04:00,,2026-06-05 00:40:30,2026-06-03 16:27:47,0,0,no,,,,,,,,no,0,1,,,0,2,True,False,NYC,False
u_104374,Sacramento,2026-05-30 09:40:29,friend_family,35-44,en,phone,inactive,3,2026-05-30 10:06:15,2026-06-04 21:30:00,,2026-06-10 22:08:13,2026-06-01 21:58:22,0,0,no,,,,,,,,yes,0,1,,,0,3,True,False,Sacramento,False
u_103435,NYC,2026-05-30 10:17:45,paid_social,25-34,en,phone,not_started,0,,,,2026-05-30 23:43:29,2026-05-30 10:17:45,0,0,yes,2026-05-30 11:42:45,3.0,Thu|Sat,late_night,1.0,,no,no,0,0,,,0,0,False,False,NYC,False
u_104311,Sacramento,2026-05-30 11:41:58,paid_social,25-34,en,laptop,not_started,0,,,,2026-05-31 00:44:41,2026-05-30 11:41:58,0,0,yes,2026-05-30 12:35:58,5.0,Wed|Thu|Sat,evening,2.1,,no,yes,0,0,,,0,0,False,False,Sacramento,False
u_102745,NYC,2026-05-30 11:56:22,workforce_center,35-44,en,phone,not_started,0,,,,2026-05-31 10:19:52,2026-05-30 11:56:22,0,0,no,,,,,,,,yes,0,0,,,0,0,False,False,NYC,False
u_102348,NYC,2026-05-30 12:30:13,workforce_center,35-44,en,phone,not_started,0,,,,2026-06-03 10:24:24,2026-05-30 12:30:13,0,0,yes,2026-05-30 12:34:13,3.0,Mon|Thu,late_night,0.9,2026-07-30,no,no,0,0,,,0,0,False,False,NYC,False
u_101864,NYC,2026-05-30 12:49:05,reentry_org,18-24,es,laptop,permit_passed,21,2026-05-31 22:20:00,2026-07-08 22:03:00,2026-07-08 22:03:00,2026-08-18 15:03:00,2026-06-30 11:55:10,0,0,no,,,,,,,,yes,1,2,2026-08-18,passed,2,21,True,True,NYC,False
u_100561,NYC,2026-05-30 14:14:43,paid_social,25-34,en,phone,not_started,0,,,,2026-05-31 02:00:34,2026-05-30 14:14:43,0,0,yes,2026-05-30 14:41:43,10.0,Mon|Tue|Wed|Thu|Fri|Sat|Sun,morning,4.6,2026-07-08,yes,no,0,0,,,0,0,False,False,NYC,False
u_103670,NYC,2026-05-30 14:28:48,paid_social,45-54,en,phone,inactive,5,2026-05-30 14:56:26,2026-06-23 18:22:00,,2026-06-24 22:35:29,2026-06-24 00:07:32,0,0,yes,2026-05-30 14:56:48,5.0,Tue|Thu|Fri,evening,3.2,2026-07-25,yes,no,0,1,,,0,5,True,False,NYC,False
u_105302,Sacramento,2026-05-30 14:35:24,reentry_org,35-44,en,phone,not_started,0,,,,2026-06-02 00:17:39,2026-05-30 23:48:46,0,0,yes,2026-05-30 15:41:24,5.0,Mon|Wed|Thu,morning,3.3,2026-07-11,yes,yes,0,0,,,0,0,False,False,Sacramento,False
u_103343,NYC,2026-05-30 16:02:05,paid_social,18-24,en,phone,inactive,3,2026-06-10 17:19:00,2026-06-13 21:57:00,,2026-06-14 15:23:38,2026-06-12 05:26:31,0,0,no,,,,,,,,no,0,0,,,0,3,True,False,NYC,False
u_101158,New York,2026-05-30 16:03:38,workforce_center,45-54,en,phone,permit_passed,21,2026-06-08 15:34:00,2026-07-21 12:07:00,2026-07-21 12:07:00,2026-08-07 20:00:44,2026-08-04 01:38:48,0,0,yes,2026-05-30 16:51:38,7.0,Mon|Wed|Fri|Sat|Sun,afternoon,3.0,2026-07-12,no,yes,4,1,2026-07-31,passed,1,21,True,True,NYC,False
u_103896,NYC,2026-05-30 21:54:58,reentry_org,25-34,en,phone,withdrawn,0,,,,2026-05-31 16:09:48,2026-05-30 21:54:58,0,0,yes,2026-05-30 22:06:58,3.0,Mon|Wed,morning,1.9,2026-08-12,yes,yes,0,0,,,0,0,False,False,NYC,False
u_101356,NYC,2026-05-30 22:00:29,paid_social,25-34,en,laptop,not_started,0,,,,2026-06-03 01:13:18,2026-05-30 22:00:29,0,0,no,,,,,,,,no,0,0,,,0,0,False,False,NYC,False
u_105923,Boston,2026-05-30 22:54:14,friend_family,18-24,en,phone,inactive,4,2026-05-30 23:11:45,2026-06-06 06:12:00,,2026-06-07 17:42:38,2026-05-30 22:54:14,0,0,yes,2026-05-30 23:18:14,7.0,Mon|Wed|Thu|Sat|Sun,morning,2.8,2026-06-28,yes,no,0,0,,,0,4,True,False,Boston,False
u_103438,NYC ,2026-05-30 23:16:18,reentry_org,18-24,es,phone,inactive,6,2026-06-08 10:21:00,2026-06-17 09:36:00,,2026-06-19 14:11:20,2026-06-15 15:58:20,0,0,yes,2026-05-31 00:15:18,7.0,Mon|Wed|Thu|Sat|Sun,morning,2.9,2026-07-13,yes,no,0,2,,,0,6,True,False,NYC,False
u_104337,Sacramento,2026-05-30 23:18:16,paid_social,25-34,en,phone,not_started,0,,,,2026-06-01 12:03:59,2026-05-30 23:18:16,0,0,yes,2026-05-31 00:43:16,10.0,Mon|Tue|Wed|Thu|Fri|Sat|Sun,evening,4.7,2026-07-07,yes,no,0,0,,,0,0,False,False,Sacramento,False
u_104249,Sacramento,2026-05-31 01:55:18,reentry_org,18-24,es,phone,inactive,19,2026-06-03 11:52:00,2026-07-04 06:28:00,,2026-07-04 22:06:30,2026-06-26 20:09:50,0,0,no,,,,,,,,yes,0,3,,,0,18,True,False,Sacramento,False
u_105757,Boston,2026-05-31 02:17:17,reentry_org,18-24,en,tablet,inactive,2,2026-06-01 16:31:00,2026-06-04 12:57:00,,2026-06-06 00:16:39,2026-06-04 13:22:17,0,0,no,,,,,,,,no,0,0,,,0,2,True,False,Boston,False
u_100075,NYC,2026-05-31 02:32:26,workforce_center,18-24,en,phone,not_started,0,,,,2026-05-31 10:43:36,2026-05-31 02:32:26,0,0,yes,2026-05-31 03:26:26,5.0,Tue|Fri|Sun,evening,1.9,2026-07-23,unsure,no,0,0,,,0,0,False,False,NYC,False
u_104504,Sacramento,2026-05-31 02:34:54,parole_probation_officer,55+,es,phone,inactive,18,2026-06-01 20:06:00,2026-07-03 19:03:00,,2026-07-04 04:13:24,2026-07-04 00:51:50,0,0,yes,2026-05-31 04:01:54,7.0,Mon|Wed|Fri|Sat|Sun,evening,4.2,2026-07-05,yes,no,0,2,,,0,18,True,False,Sacramento,False
u_105120,Sacramento,2026-05-31 05:44:17,parole_probation_officer,55+,en,phone,not_started,0,,,,2026-06-01 05:32:03,2026-05-31 05:44:17,0,0,no,,,,,,,,no,0,0,,,0,0,False,False,Sacramento,False
u_101811,NYC,2026-05-31 06:28:08,parole_probation_officer,45-54,en,phone,not_started,0,,,,2026-06-05 12:25:53,2026-05-31 13:15:03,0,0,no,,,,,,,,yes,0,0,,,0,0,False,False,NYC,False
u_105148,Sacramento,2026-05-31 10:24:52,friend_family,35-44,es,phone,inactive,1,2026-05-31 11:03:51,2026-05-31 11:03:51,,2026-06-01 14:08:00,2026-05-31 10:24:52,0,0,yes,2026-05-31 10:34:52,5.0,Wed|Fri|Sat,afternoon,1.9,,yes,no,0,0,,,0,1,True,False,Sacramento,False
u_101282,NYC,2026-05-31 11:12:49,parole_probation_officer,25-34,en,laptop,withdrawn,0,,,,2026-05-31 14:42:43,2026-05-31 11:12:49,0,0,yes,2026-05-31 12:40:49,5.0,Mon|Thu|Sat,evening,2.0,,yes,no,0,0,,,0,0,False,False,NYC,False
u_100045,NYC,2026-05-31 13:32:46,workforce_center,35-44,es,phone,inactive,3,2026-05-31 16:25:24,2026-06-02 23:21:00,,2026-06-03 06:29:47,2026-06-02 10:48:59,0,0,no,,,,,,,,no,0,0,,,0,3,True,False,NYC,False
u_102978,NYC,2026-05-31 13:35:37,parole_probation_officer,18-24,en,laptop,permit_passed,21,2026-05-31 15:49:21,2026-07-05 07:09:00,2026-07-05 07:09:00,2026-08-03 15:09:00,2026-07-21 19:30:56,0,0,yes,2026-05-31 13:44:37,5.0,Tue|Wed|Sun,morning,2.8,2026-07-24,unsure,no,0,2,2026-08-03,passed,1,21,True,True,NYC,False
u_105605,Boston,2026-05-31 13:52:12,friend_family,35-44,en,laptop,inactive,1,2026-05-31 14:22:42,2026-05-31 14:22:42,,2026-06-02 13:30:32,2026-06-01 01:14:04,0,0,yes,2026-05-31 14:00:12,5.0,Tue|Fri|Sat,evening,2.1,2026-07-09,no,no,0,0,,,0,1,True,False,Boston,False
u_104881,Sacramento,2026-05-31 16:52:59,paid_social,18-24,en,phone,permit_passed,21,2026-06-04 23:30:00,2026-07-06 23:34:00,2026-07-06 23:34:00,2026-07-22 15:34:00,2026-07-04 09:10:44,0,0,yes,2026-05-31 17:59:59,7.0,Tue|Wed|Thu|Fri|Sat,late_night,3.9,2026-07-05,yes,yes,0,2,2026-07-22,passed,1,21,True,True,Sacramento,False
u_103790,NYC,2026-05-31 21:43:52,workforce_center,35-44,en,phone,not_started,0,,,,2026-06-01 12:50:42,2026-06-01 11:28:11,0,0,no,,,,,,,,yes,0,0,,,0,0,False,False,NYC,False
u_104759,Sacramento,2026-06-01 00:43:02,paid_social,25-34,en,phone,not_started,0,,,,2026-06-01 23:38:56,2026-06-01 00:43:02,0,0,yes,2026-06-01 01:14:02,3.0,Sat|Sun,late_night,1.3,2026-08-03,yes,no,0,0,,,0,0,False,False,Sacramento,False
u_102382,NYC,2026-06-01 02:51:14,reentry_org,25-34,en,laptop,not_started,0,,,,2026-06-01 15:21:51,2026-06-01 02:51:14,0,0,no,,,,,,,,yes,0,0,,,0,0,False,False,NYC,False
u_103746,NYC,2026-06-01 03:30:39,paid_social,25-34,en,phone,inactive,1,2026-06-02 17:05:00,2026-06-02 17:05:00,,2026-06-07 05:45:54,2026-06-02 18:41:40,0,0,yes,2026-06-01 04:32:39,7.0,Mon|Tue|Wed|Thu|Fri,evening,3.4,,yes,no,0,1,,,0,1,True,False,NYC,False
u_102360,NYC,2026-06-01 04:34:29,reentry_org,25-34,en,laptop,not_started,0,,,,2026-06-03 23:23:14,2026-06-01 04:34:29,0,0,no,,,,,,,,yes,0,0,,,0,0,False,False,NYC,False
u_101663,NYC,2026-06-01 05:19:05,parole_probation_officer,25-34,en,phone,inactive,3,2026-06-01 05:35:45,2026-06-06 11:39:00,,2026-06-09 22:44:40,2026-06-07 19:02:22,0,0,yes,2026-06-01 06:02:05,3.0,Wed|Fri,morning,2.6,2026-08-12,unsure,no,0,0,,,0,3,True,False,NYC,False
u_100042,NYC,2026-06-01 05:44:16,reentry_org,25-34,es,phone,inactive,1,2026-06-01 08:34:29,2026-06-01 08:34:29,,2026-06-04 12:41:09,2026-06-02 12:04:45,0,0,yes,2026-06-01 07:09:16,3.0,Wed|Sat,afternoon,0.9,,yes,no,0,2,,,0,1,True,False,NYC,False
u_105399,Sacramento,2026-06-01 11:05:45,parole_probation_officer,25-34,en,shared_computer,inactive,4,2026-06-01 11:47:15,2026-06-08 13:14:00,,2026-06-08 15:48:19,2026-06-07 08:03:01,0,0,no,,,,,,,,no,0,1,,,0,4,True,False,Sacramento,False
u_105674,Boston,2026-06-01 11:22:28,reentry_org,45-54,es,phone,course_complete,21,2026-06-01 11:33:33,2026-07-02 15:02:00,2026-07-02 15:02:00,2026-07-02 23:22:03,2026-06-26 19:29:32,0,0,yes,2026-06-01 11:59:28,10.0,Mon|Tue|Wed|Thu|Fri|Sat|Sun,afternoon,4.4,2026-07-06,yes,yes,6,1,,,0,21,True,True,Boston,False
u_105569,Boston,2026-06-01 11:31:08,paid_social,25-34,en,phone,inactive,3,2026-06-02 11:29:00,2026-06-09 07:28:00,,2026-06-09 20:50:34,2026-06-06 15:17:43,0,0,yes,2026-06-01 11:47:08,5.0,Mon|Wed|Sat,morning,2.9,2026-07-16,yes,no,0,0,,,0,3,True,False,Boston,False
u_100372,NYC,2026-06-01 11:40:06,paid_social,18-24,en,phone,not_started,0,,,,2026-06-01 22:28:42,2026-06-01 11:40:06,0,0,yes,2026-06-01 11:48:06,3.0,Thu|Sun,morning,0.9,2026-07-28,no,no,0,0,,,0,0,False,False,NYC,False
u_101411,NYC,2026-06-01 12:55:48,workforce_center,25-34,en,phone,not_started,0,,,,2026-06-03 03:40:29,2026-06-02 19:36:08,0,0,no,,,,,,,,yes,0,0,,,0,0,False,False,NYC,False
u_100219,NYC,2026-06-01 14:33:41,reentry_org,18-24,en,tablet,course_complete,21,2026-06-01 15:00:04,2026-07-22 22:26:00,2026-07-22 22:26:00,2026-08-05 03:28:16,2026-08-03 16:19:58,0,0,no,,,,,,,,no,0,1,,,0,21,True,True,NYC,False
u_100648,NYC,2026-06-01 16:15:00,parole_probation_officer,25-34,es,phone,permit_passed,21,2026-06-01 16:35:33,2026-07-13 17:32:00,2026-07-13 17:32:00,2026-08-22 15:32:00,2026-07-21 22:25:05,0,0,yes,2026-06-01 17:30:00,5.0,Tue|Wed|Fri,evening,2.7,2026-07-18,no,no,0,2,2026-08-22,passed,2,21,True,True,NYC,False
u_100331,NYC,2026-06-01 16:57:39,friend_family,35-44,en,shared_computer,inactive,1,2026-06-04 21:10:00,2026-06-04 21:10:00,,2026-06-06 07:36:57,2026-06-03 12:24:37,0,0,yes,2026-06-01 18:19:39,7.0,Tue|Thu|Fri|Sat|Sun,evening,2.9,,no,no,0,1,,,0,1,True,False,NYC,False
u_102823,NYC,2026-06-01 18:43:11,friend_family,25-34,en,phone,inactive,3,2026-06-11 21:18:00,2026-06-12 18:22:00,,2026-06-14 02:47:27,2026-06-11 18:38:38,0,0,yes,2026-06-01 19:28:11,3.0,Tue|Wed,evening,2.4,,no,no,0,0,,,0,3,True,False,NYC,False
u_105062,Sacramento,2026-06-01 19:04:06,paid_social,18-24,en,laptop,course_complete,21,2026-06-01 19:18:30,2026-06-28 23:17:00,2026-06-28 23:17:00,2026-06-29 16:38:41,2026-06-25 18:38:39,0,0,no,,,,,,,,no,0,3,,,0,21,True,True,Sacramento,False
u_102561,NYC,2026-06-01 21:17:11,reentry_org,25-34,en,laptop,course_complete,21,2026-06-08 20:17:00,2026-07-01 20:18:00,2026-07-01 20:18:00,2026-07-04 00:02:03,2026-06-22 09:38:10,0,0,yes,2026-06-01 22:02:11,7.0,Mon|Tue|Wed|Fri|Sun,evening,4.4,2026-07-06,yes,no,0,1,,,0,21,True,True,NYC,False
u_103161,NYC,2026-06-01 22:50:10,parole_probation_officer,18-24,es,laptop,inactive,3,2026-06-02 15:28:00,2026-06-05 15:37:00,,2026-06-05 21:14:22,2026-06-01 22:50:10,0,0,yes,2026-06-02 00:10:10,3.0,Mon|Sat,afternoon,1.4,2026-07-27,yes,no,0,1,,,0,3,True,False,NYC,False
u_100559,NYC,2026-06-02 00:38:24,friend_family,45-54,en,phone,inactive,4,2026-06-04 19:33:00,2026-06-09 21:26:00,,2026-06-09 22:33:27,2026-06-02 00:38:24,0,0,yes,2026-06-02 01:06:24,5.0,Wed|Sat|Sun,evening,2.1,2026-07-28,yes,yes,0,0,,,0,4,True,False,NYC,False
u_101836,NYC,2026-06-02 00:47:54,friend_family,25-34,en,laptop,course_complete,21,2026-06-09 23:43:00,2026-07-10 22:31:00,2026-07-10 22:31:00,2026-07-24 14:01:12,2026-07-21 00:20:34,0,0,yes,2026-06-02 01:39:54,10.0,Mon|Tue|Wed|Thu|Fri|Sat|Sun,late_night,4.3,,yes,no,0,2,,,0,21,True,True,NYC,False
u_104736,Sacramento,2026-06-02 02:25:30,reentry_org,35-44,es,phone,course_complete,21,2026-06-02 02:40:39,2026-08-22 23:29:00,2026-08-22 23:29:00,2026-08-24 11:56:44,2026-08-20 17:49:12,0,0,yes,2026-06-02 02:51:30,3.0,Tue|Wed,late_night,1.2,2026-08-16,yes,yes,6,1,,,0,21,True,True,Sacramento,False
u_103321,NYC,2026-06-02 04:18:38,friend_family,25-34,en,tablet,permit_passed,21,2026-06-02 04:26:59,2026-07-02 08:07:00,2026-07-02 08:07:00,2026-07-18 15:07:00,2026-06-18 08:33:36,0,0,yes,2026-06-02 05:14:38,5.0,Mon|Fri|Sun,morning,1.8,,yes,no,0,1,2026-07-18,passed,1,21,True,True,NYC,False
u_105890,Boston,2026-06-02 09:32:57,workforce_center,45-54,en,tablet,permit_failed,21,2026-06-02 10:08:56,2026-07-09 23:35:00,2026-07-09 23:35:00,2026-08-20 15:35:00,2026-07-13 17:04:47,0,0,no,,,,,,,,yes,0,2,2026-08-20,failed,2,21,True,True,Boston,False
u_102633,NYC,2026-06-02 10:00:25,workforce_center,18-24,en,phone,withdrawn,0,,,,2026-06-03 17:38:58,2026-06-02 10:00:25,0,0,yes,2026-06-02 10:32:25,5.0,Mon|Thu|Sat,afternoon,3.3,2026-07-22,unsure,no,0,0,,,0,0,False,False,NYC,False
u_101974,NYC,2026-06-02 13:01:51,paid_social,25-34,en,laptop,not_started,0,,,,2026-06-05 19:51:25,2026-06-05 03:57:44,0,0,yes,2026-06-02 13:14:51,3.0,Wed|Sat,evening,1.5,2026-08-05,unsure,no,0,0,,,0,0,False,False,NYC,False
u_101038,NYC,2026-06-02 15:20:34,reentry_org,25-34,es,laptop,inactive,1,2026-06-06 08:47:00,2026-06-06 08:47:00,,2026-06-11 17:10:49,2026-06-02 15:20:34,0,0,no,,,,,,,,no,0,0,,,0,1,True,False,NYC,False
u_102949,NYC,2026-06-02 16:34:07,parole_probation_officer,35-44,es,phone,inactive,3,2026-06-02 16:48:26,2026-06-07 15:14:00,,2026-06-08 22:08:57,2026-06-05 18:19:35,0,0,yes,2026-06-02 17:49:07,5.0,Tue|Sat|Sun,afternoon,1.8,2026-07-09,no,no,0,0,,,0,3,True,False,NYC,False
u_103194,NYC,2026-06-02 17:42:58,paid_social,35-44,es,laptop,not_started,0,,,,2026-06-04 07:51:42,2026-06-02 17:42:58,0,0,yes,2026-06-02 18:04:58,3.0,Tue|Thu,evening,1.3,2026-08-11,yes,no,0,0,,,0,0,False,False,NYC,False
u_102800,NYC,2026-06-02 20:36:09,paid_social,35-44,en,phone,not_started,0,,,,2026-06-03 12:01:02,2026-06-02 20:36:09,0,0,yes,2026-06-02 21:07:09,7.0,Mon|Tue|Wed|Thu|Sun,evening,4.0,2026-07-18,yes,no,0,0,,,0,0,False,False,NYC,False
u_101586,NYC,2026-06-02 22:05:34,parole_probation_officer,35-44,en,phone,inactive,3,2026-06-15 16:19:00,2026-06-15 16:30:00,,2026-06-19 08:43:03,2026-06-17 22:06:01,0,0,yes,2026-06-02 23:08:34,3.0,Sat|Sun,afternoon,1.0,,no,no,0,1,,,0,3,True,False,NYC,False
u_104532,Sacramento,2026-06-02 22:35:27,paid_social,25-34,en,phone,permit_passed,21,2026-06-05 20:49:00,2026-07-05 17:31:00,2026-07-05 17:31:00,2026-07-14 00:05:47,2026-07-10 01:33:19,0,0,yes,2026-06-02 22:44:27,5.0,Mon|Wed|Fri,evening,2.2,,unsure,no,0,2,2026-07-12,passed,1,21,True,True,Sacramento,False
u_104940,Sacramento,2026-06-02 23:06:03,paid_social,45-54,en,phone,inactive,3,2026-06-02 23:29:49,2026-06-14 14:44:00,,2026-06-22 10:42:21,2026-06-19 06:18:16,0,0,no,,,,,,,,yes,1,0,,,0,3,True,False,Sacramento,False
u_103257,NYC,2026-06-03 01:53:05,parole_probation_officer,18-24,es,laptop,course_complete,21,2026-06-10 10:59:00,2026-07-29 06:50:00,2026-07-29 06:50:00,2026-07-31 00:55:41,2026-07-29 22:24:44,0,0,yes,2026-06-03 02:15:05,5.0,Tue|Fri|Sat,morning,3.0,2026-07-19,yes,no,0,3,,,0,21,True,True,NYC,False
u_100495,NYC,2026-06-03 02:15:40,workforce_center,25-34,es,phone,course_complete,21,2026-06-14 17:30:00,2026-07-24 20:56:00,2026-07-24 20:56:00,2026-07-29 20:04:46,2026-07-29 12:15:04,0,0,yes,2026-06-03 03:24:40,5.0,Wed|Fri|Sat,evening,2.3,2026-07-26,yes,yes,1,3,,,0,21,True,True,NYC,False
u_101739,NYC,2026-06-03 04:20:40,paid_social,25-34,en,phone,permit_passed,21,2026-06-03 04:33:25,2026-07-17 10:29:00,2026-07-17 10:29:00,2026-08-17 15:29:00,2026-07-18 04:08:10,0,0,yes,2026-06-03 05:06:40,3.0,Fri|Sun,morning,1.2,2026-08-05,yes,yes,0,1,2026-08-17,passed,1,21,True,True,NYC,False
u_105316,Sacramento,2026-06-03 04:24:57,reentry_org,25-34,en,phone,course_complete,21,2026-06-03 07:06:02,2026-07-16 15:55:00,2026-07-16 15:55:00,2026-07-17 10:56:40,2026-07-10 00:03:45,0,0,yes,2026-06-03 04:49:57,5.0,Wed|Fri|Sun,afternoon,3.7,2026-07-21,yes,no,0,1,,,0,21,True,True,Sacramento,False
u_105260,Sacramento,2026-06-03 05:02:28,workforce_center,18-24,en,phone,course_complete,21,2026-06-03 05:44:35,2026-06-14 12:53:00,2026-06-14 12:53:00,2026-06-15 20:55:42,2026-06-14 11:12:53,0,0,yes,2026-06-03 06:25:28,10.0,Mon|Tue|Wed|Thu|Fri|Sat|Sun,morning,5.9,2026-07-11,yes,no,0,3,,,0,21,True,True,Sacramento,False
u_104899,Sacramento,2026-06-03 05:56:38,friend_family,35-44,en,phone,permit_passed,21,2026-06-03 06:09:24,2026-07-11 22:30:00,2026-07-11 22:30:00,2026-07-17 15:30:00,2026-07-10 08:27:50,0,0,yes,2026-06-03 06:45:38,7.0,Mon|Tue|Thu|Sat|Sun,late_night,3.3,,no,yes,1,1,2026-07-17,passed,1,21,True,True,Sacramento,False
u_102150,NYC,2026-06-03 05:57:04,friend_family,35-44,en,tablet,inactive,4,2026-06-06 17:20:00,2026-06-16 21:52:00,,2026-06-20 10:57:36,2026-06-16 08:00:55,0,0,yes,2026-06-03 07:11:04,5.0,Tue|Fri|Sat,evening,3.5,2026-07-24,yes,no,0,1,,,0,4,True,False,NYC,False
u_105816,Boston,2026-06-03 08:27:55,parole_probation_officer,25-34,ht,phone,not_started,0,,,,2026-06-04 23:16:38,2026-06-03 08:27:55,0,0,no,,,,,,,,yes,0,0,,,0,0,False,False,Boston,False
u_105088,Sacramento,2026-06-03 10:57:48,paid_social,35-44,en,phone,not_started,0,,,,2026-06-04 14:43:04,2026-06-04 09:08:54,0,0,no,,,,,,,,no,0,0,,,0,0,False,False,Sacramento,False
u_100382,NYC,2026-06-03 11:49:53,paid_social,55+,en,phone,inactive,3,2026-06-04 08:09:00,2026-06-06 09:49:00,,2026-06-11 18:13:43,2026-06-05 09:59:40,0,0,no,,,,,,,,no,0,2,,,0,3,True,False,NYC,False
u_103120,NYC,2026-06-03 12:38:27,reentry_org,25-34,es,shared_computer,permit_passed,21,2026-06-04 19:57:00,2026-07-22 21:59:00,2026-07-22 21:59:00,2026-08-18 15:59:00,2026-08-11 14:03:53,0,0,yes,2026-06-03 12:52:27,3.0,Mon|Sun,evening,1.3,2026-07-29,yes,yes,2,3,2026-08-18,passed,1,21,True,True,NYC,False
u_102185,NYC,2026-06-03 12:48:55,paid_social,25-34,en,phone,not_started,0,,,,2026-06-03 15:38:22,2026-06-03 12:48:55,0,0,yes,2026-06-03 13:03:55,5.0,Mon|Thu|Sun,evening,3.2,2026-07-24,yes,no,0,0,,,0,0,False,False,NYC,False
u_104815,Sacramento,2026-06-03 13:09:22,parole_probation_officer,45-54,en,laptop,withdrawn,10,2026-06-11 09:13:00,2026-06-19 10:43:00,,2026-06-21 15:15:42,2026-06-12 20:52:42,0,0,no,,,,,,,,no,0,3,,,0,10,True,False,Sacramento,False
u_101798,nyc,2026-06-03 13:30:01,friend_family,18-24,es,phone,permit_passed,21,2026-06-03 14:31:03,2026-07-14 10:41:00,2026-07-14 10:41:00,2026-08-01 13:10:12,2026-07-28 13:55:18,0,0,no,,,,,,,,yes,6,1,2026-07-28,passed,1,21,True,True,NYC,False
u_105810,Boston,2026-06-03 14:45:25,paid_social,25-34,en,phone,not_started,0,,,,2026-06-03 20:20:30,2026-06-03 14:45:25,0,0,yes,2026-06-03 16:12:25,7.0,Mon|Tue|Wed|Thu|Sun,late_night,4.3,2026-07-05,no,no,0,0,,,0,0,False,False,Boston,False
u_100584,NYC,2026-06-03 16:08:30,parole_probation_officer,18-24,en,phone,inactive,1,2026-06-04 08:41:00,2026-06-04 08:41:00,,2026-06-05 06:10:13,2026-06-03 16:08:30,0,0,no,,,,,,,,no,0,2,,,0,1,True,False,NYC,False
u_103298,NYC,2026-06-03 17:26:13,paid_social,35-44,en,tablet,inactive,6,2026-06-10 18:02:00,2026-06-21 19:33:00,,2026-06-27 12:57:26,2026-06-27 02:26:06,0,0,yes,2026-06-03 17:53:13,3.0,Wed|Sun,evening,2.8,2026-08-15,yes,no,0,2,,,0,6,True,False,NYC,False
u_101471,NYC,2026-06-03 17:59:25,friend_family,55+,es,phone,inactive,12,2026-06-03 20:35:56,2026-07-02 23:36:00,,2026-07-03 18:45:20,2026-06-27 23:59:26,0,0,no,,,,,,,,no,0,2,,,0,12,True,False,NYC,False
u_105534,Boston,2026-06-03 18:27:47,paid_social,18-24,en,phone,withdrawn,0,,,,2026-06-06 19:29:26,2026-06-06 19:12:30,0,0,yes,2026-06-03 19:49:47,3.0,Mon|Wed,afternoon,2.2,2026-08-03,yes,no,0,0,,,0,0,False,False,Boston,False
u_102768,NYC,2026-06-04 01:43:59,reentry_org,45-54,en,phone,inactive,14,2026-06-05 20:26:00,2026-06-24 19:18:00,,2026-06-26 15:02:20,2026-06-19 00:23:31,0,0,yes,2026-06-04 02:13:59,5.0,Wed|Fri|Sun,evening,3.0,2026-07-20,yes,no,0,3,,,0,14,True,False,NYC,False
u_103966,NYC,2026-06-04 02:08:40,paid_social,55+,en,phone,course_complete,21,2026-06-04 02:49:37,2026-07-11 20:30:00,2026-07-11 20:30:00,2026-07-15 11:42:09,2026-07-11 08:45:13,0,0,yes,2026-06-04 02:26:40,7.0,Mon|Tue|Wed|Thu|Fri,evening,4.4,,no,no,0,1,,,0,21,True,True,NYC,False
u_102673,NYC,2026-06-04 06:07:35,friend_family,18-24,en,laptop,permit_passed,21,2026-06-12 17:11:00,2026-07-12 20:51:00,2026-07-12 20:51:00,2026-09-04 15:51:00,2026-07-15 05:37:05,0,0,yes,2026-06-04 06:43:35,10.0,Mon|Tue|Wed|Thu|Fri|Sat|Sun,evening,4.9,2026-07-10,yes,no,0,3,2026-09-04,passed,2,21,True,True,NYC,False
u_103758,NYC,2026-06-04 07:12:14,reentry_org,45-54,en,laptop,inactive,2,2026-06-05 13:17:00,2026-06-07 13:27:00,,2026-06-11 08:56:45,2026-06-11 07:06:21,0,0,yes,2026-06-04 08:38:14,5.0,Wed|Thu|Sat,afternoon,2.7,,yes,yes,0,2,,,0,2,True,False,NYC,False
u_100074,NYC,2026-06-04 07:27:57,reentry_org,45-54,en,laptop,permit_failed,21,2026-06-04 08:42:07,2026-07-01 11:40:00,2026-07-01 11:40:00,2026-08-10 15:40:00,2026-07-01 23:17:44,0,0,yes,2026-06-04 08:39:57,5.0,Wed|Thu|Fri,morning,2.3,2026-07-14,no,yes,2,1,2026-08-10,failed,2,21,True,True,NYC,False
u_101909,NYC,2026-06-04 08:20:20,reentry_org,25-34,en,laptop,course_complete,21,2026-06-04 08:27:15,2026-07-26 18:44:00,2026-07-26 18:44:00,2026-08-01 14:44:08,2026-08-01 09:14:05,0,0,yes,2026-06-04 09:39:20,3.0,Mon|Sat,evening,2.1,2026-08-14,unsure,no,0,1,,,0,21,True,True,NYC,False
u_105084,Sacramento,2026-06-04 08:23:00,reentry_org,35-44,en,phone,inactive,2,2026-06-13 20:28:00,2026-06-21 18:34:00,,2026-06-23 20:12:54,2026-06-21 14:23:59,0,0,yes,2026-06-04 09:26:00,5.0,Tue|Fri|Sat,evening,3.4,2026-07-15,yes,no,0,1,,,0,2,True,False,Sacramento,False
u_102783,NYC,2026-06-04 08:41:23,parole_probation_officer,35-44,es,tablet,permit_passed,21,2026-06-06 10:18:00,2026-06-30 10:05:00,2026-06-30 10:05:00,2026-08-13 15:05:00,2026-06-29 13:02:17,0,0,yes,2026-06-04 09:59:23,5.0,Mon|Wed|Fri,morning,3.6,2026-07-27,yes,no,0,2,2026-08-13,passed,2,21,True,True,NYC,False
u_103675,NYC,2026-06-04 10:09:33,reentry_org,45-54,en,phone,inactive,4,2026-06-06 18:24:00,2026-06-13 19:20:00,,2026-06-17 09:28:33,2026-06-12 01:59:04,0,0,no,,,,,,,,no,0,1,,,0,4,True,False,NYC,False
u_105511,Boston,2026-06-04 11:06:48,workforce_center,55+,en,phone,permit_passed,21,2026-06-04 14:05:35,2026-07-28 23:09:00,2026-07-28 23:09:00,2026-08-21 15:09:00,2026-07-20 19:33:41,0,0,yes,2026-06-04 11:50:48,3.0,Thu|Sun,late_night,1.9,,no,yes,0,3,2026-08-21,passed,1,21,True,True,Boston,False
u_100797,NYC,2026-06-04 11:50:40,parole_probation_officer,18-24,en,phone,inactive,2,2026-06-16 20:07:00,2026-06-17 18:59:00,,2026-06-22 17:04:53,2026-06-13 07:42:22,0,0,yes,2026-06-04 12:41:40,5.0,Mon|Thu|Sat,evening,3.5,2026-07-27,yes,no,0,0,,,0,2,True,False,NYC,False
u_104657,Sacramento,2026-06-04 16:02:49,workforce_center,18-24,en,phone,not_started,0,,,,2026-06-07 02:25:02,2026-06-04 16:02:49,0,0,yes,2026-06-04 17:09:49,10.0,Mon|Tue|Wed|Thu|Fri|Sat|Sun,late_night,4.3,2026-07-15,unsure,yes,0,0,,,0,0,False,False,Sacramento,False
u_100195,NYC,2026-06-05 01:12:55,paid_social,25-34,en,phone,not_started,0,,,,2026-06-07 10:00:42,2026-06-05 01:12:55,0,0,no,,,,,,,,yes,0,0,,,0,0,False,False,NYC,False
u_104368,Sacramento,2026-06-05 02:14:27,paid_social,18-24,en,phone,inactive,17,2026-06-08 23:29:00,2026-06-28 22:04:00,,2026-06-29 06:27:28,2026-06-27 01:09:30,0,0,no,,,,,,,,no,0,1,,,0,17,True,False,Sacramento,False
u_105065,Sacramento,2026-06-05 11:38:26,reentry_org,25-34,es,laptop,not_started,0,,,,2026-06-06 09:19:13,2026-06-05 11:38:26,0,0,no,,,,,,,,yes,0,0,,,0,0,False,False,Sacramento,False
u_105720,Boston,2026-06-05 12:31:32,paid_social,25-34,en,phone,inactive,4,2026-06-05 12:53:25,2026-06-15 18:43:00,,2026-06-24 19:27:18,2026-06-11 10:04:20,0,0,no,,,,,,,,yes,0,1,,,0,4,True,False,Boston,False
u_100872,NYC,2026-06-05 13:00:24,paid_social,25-34,es,phone,not_started,0,,,,2026-06-08 02:30:55,2026-06-05 13:00:24,0,0,yes,2026-06-05 13:32:24,10.0,Mon|Tue|Wed|Thu|Fri|Sat|Sun,morning,4.3,,yes,no,0,0,,,0,0,False,False,NYC,False
u_104681,Sacramento,2026-06-05 19:37:40,reentry_org,45-54,es,laptop,permit_passed,21,2026-06-08 18:34:00,2026-07-20 21:46:00,2026-07-20 21:46:00,2026-07-28 15:46:00,2026-07-15 19:34:19,0,0,yes,2026-06-05 20:26:40,3.0,Sat|Sun,evening,0.9,2026-08-15,yes,no,0,2,2026-07-28,passed,1,21,True,True,Sacramento,False
u_101666,NYC,2026-06-05 19:45:41,reentry_org,35-44,en,phone,inactive,3,2026-06-10 21:54:00,2026-06-16 19:11:00,,2026-06-17 12:32:38,2026-06-16 17:19:46,0,0,no,,,,,,,,no,0,2,,,0,3,True,False,NYC,False
u_100391,NYC,2026-06-05 21:03:31,parole_probation_officer,35-44,en,phone,inactive,1,2026-06-16 23:39:00,2026-06-16 23:39:00,,2026-06-18 19:50:09,2026-06-16 01:57:56,0,0,no,,,,,,,,no,0,0,,,0,1,True,False,NYC,False
u_104127,Sacramento,2026-06-05 22:24:53,workforce_center,45-54,en,phone,inactive,3,2026-06-09 11:26:00,2026-06-14 10:02:00,,2026-06-16 07:14:28,2026-06-12 13:52:26,0,0,yes,2026-06-05 22:40:53,3.0,Mon|Thu,morning,0.9,2026-08-16,yes,no,0,1,,,0,3,True,False,Sacramento,False
u_105323,Sacramento,2026-06-06 01:26:55,paid_social,25-34,en,phone,not_started,0,,,,2026-06-07 11:05:37,2026-06-06 01:26:55,0,0,yes,2026-06-06 02:12:55,5.0,Mon|Wed|Fri,morning,2.1,2026-08-02,yes,no,0,0,,,0,0,False,False,Sacramento,False
u_101583,NYC,2026-06-06 02:25:23,friend_family,25-34,en,shared_computer,not_started,0,,,,2026-06-06 04:42:42,2026-06-06 02:25:23,0,0,no,,,,,,,,yes,0,0,,,0,0,False,False,NYC,False
u_101240,NYC,2026-06-06 02:35:00,paid_social,35-44,en,phone,inactive,3,2026-06-06 02:50:50,2026-06-10 07:04:00,,2026-06-11 20:27:34,2026-06-11 15:03:35,0,0,no,,,,,,,,no,0,1,,,0,3,True,False,NYC,False
u_101343,NYC,2026-06-06 06:29:01,paid_social,25-34,en,laptop,inactive,1,2026-06-12 23:20:00,2026-06-12 23:20:00,,2026-06-16 04:44:27,2026-06-14 21:22:19,0,0,no,,,,,,,,no,0,0,,,0,1,True,False,NYC,False
u_100230,NYC,2026-06-06 06:41:48,friend_family,35-44,en,phone,not_started,0,,,,2026-06-06 18:37:11,2026-06-06 13:16:10,0,0,no,,,,,,,,yes,0,0,,,0,0,False,False,NYC,False
u_100037,NYC,2026-06-06 10:29:28,workforce_center,25-34,en,phone,inactive,2,2026-06-06 10:58:59,2026-06-07 12:13:00,,2026-06-08 14:25:31,2026-06-08 07:53:06,0,0,no,,,,,,,,no,0,2,,,0,2,True,False,NYC,False
u_101164,NYC,2026-06-06 14:00:35,reentry_org,45-54,es,phone,inactive,4,2026-06-06 16:47:50,2026-06-15 18:22:00,,2026-06-17 19:55:01,2026-06-17 06:39:28,0,0,yes,2026-06-06 14:11:35,10.0,Mon|Tue|Wed|Thu|Fri|Sat|Sun,evening,5.2,2026-07-13,yes,no,0,1,,,0,4,True,False,NYC,False
u_101691,NYC,2026-06-06 14:25:24,workforce_center,35-44,en,phone,inactive,4,2026-06-06 15:54:33,2026-06-10 23:43:00,,2026-06-11 12:28:57,2026-06-11 07:58:18,0,0,no,,,,,,,,yes,0,0,,,0,4,True,False,NYC,False
u_100305,NYC,2026-06-06 15:31:14,paid_social,18-24,en,laptop,not_started,0,,,,2026-06-06 17:41:43,2026-06-06 15:31:14,0,0,no,,,,,,,,no,0,0,,,0,0,False,False,NYC,False
u_104674,Sacramento,2026-06-06 15:33:34,friend_family,25-34,en,phone,not_started,0,,,,2026-06-07 00:04:02,2026-06-06 15:33:34,0,0,no,,,,,,,,no,0,0,,,0,0,False,False,Sacramento,False
u_102541,NYC,2026-06-06 18:16:42,parole_probation_officer,25-34,en,laptop,inactive,1,2026-06-10 15:01:00,2026-06-10 15:01:00,,2026-06-10 20:51:33,2026-06-07 14:25:43,0,0,no,,,,,,,,no,0,0,,,0,1,True,False,NYC,False
u_103053,NYC,2026-06-06 19:45:00,reentry_org,18-24,en,phone,inactive,1,2026-06-12 22:46:00,2026-06-12 22:46:00,,2026-06-14 02:24:05,2026-06-12 02:06:31,0,0,yes,2026-06-06 20:38:00,3.0,Tue|Sat,late_night,2.7,2026-08-21,no,yes,2,0,,,0,1,True,False,NYC,False
u_102636,NYC,2026-06-06 21:29:18,parole_probation_officer,25-34,es,phone,inactive,4,2026-06-07 07:39:00,2026-06-14 07:17:00,,2026-06-20 19:51:01,2026-06-08 22:14:27,0,0,no,,,,,,,,no,0,1,,,0,4,True,False,NYC,False
u_100897,NYC,2026-06-06 22:34:31,friend_family,55+,en,phone,inactive,4,2026-06-06 23:04:29,2026-06-19 19:51:00,,2026-06-19 23:07:36,2026-06-16 18:08:48,0,0,yes,2026-06-06 22:46:31,10.0,Mon|Tue|Wed|Thu|Fri|Sat|Sun,evening,4.9,,yes,yes,1,0,,,0,4,True,False,NYC,False
u_102604,NYC,2026-06-06 23:34:16,workforce_center,35-44,en,shared_computer,permit_passed,21,2026-06-15 19:26:00,2026-07-22 17:01:00,2026-07-22 17:01:00,2026-08-09 15:01:00,2026-07-22 23:30:40,0,0,no,,,,,,,,yes,1,2,2026-08-09,passed,1,21,True,True,NYC,False
u_105828,Boston,2026-06-07 02:42:30,workforce_center,45-54,en,phone,course_complete,21,2026-06-07 05:02:11,2026-07-01 19:31:00,2026-07-01 19:31:00,2026-07-08 07:00:20,2026-06-30 19:23:38,0,0,yes,2026-06-07 03:33:30,10.0,Mon|Tue|Wed|Thu|Fri|Sat|Sun,evening,4.4,2026-07-15,yes,no,0,1,,,0,21,True,True,Boston,False
u_103835,NYC,2026-06-07 04:28:51,parole_probation_officer,45-54,en,laptop,inactive,3,2026-06-09 12:40:00,2026-06-10 15:14:00,,2026-06-11 07:07:07,2026-06-07 04:28:51,0,0,no,,,,,,,,no,0,2,,,0,3,True,False,NYC,False
u_105404,Sacramento,2026-06-07 04:54:24,parole_probation_officer,35-44,es,phone,permit_passed,21,2026-06-12 18:29:00,2026-07-07 20:43:00,2026-07-07 20:43:00,2026-07-15 15:43:00,2026-06-29 18:41:00,0,0,yes,2026-06-07 06:05:24,5.0,Mon|Fri|Sat,evening,2.4,,yes,no,0,3,2026-07-15,passed,1,21,True,True,Sacramento,False
u_100093,NYC,2026-06-07 06:26:33,paid_social,45-54,en,phone,not_started,0,,,,2026-06-08 10:49:14,2026-06-07 06:26:33,0,0,no,,,,,,,,yes,0,0,,,0,0,False,False,NYC,False
u_100471,NYC,2026-06-07 07:44:08,workforce_center,18-24,en,laptop,not_started,0,,,,2026-06-08 09:19:32,2026-06-07 07:44:08,0,0,no,,,,,,,,yes,0,0,,,0,0,False,False,NYC,False
u_105037,Sacramento,2026-06-07 08:23:41,workforce_center,55+,en,laptop,permit_passed,21,2026-06-10 23:07:00,2026-08-10 23:25:00,2026-08-10 23:25:00,2026-08-20 15:25:00,2026-08-15 13:01:28,0,0,yes,2026-06-07 08:59:41,3.0,Tue|Wed,late_night,2.1,2026-08-02,yes,yes,1,1,2026-08-20,passed,1,21,True,True,Sacramento,False
u_103429,NYC,2026-06-07 09:43:44,parole_probation_officer,18-24,en,phone,not_started,0,,,,2026-06-08 23:26:26,2026-06-08 15:03:48,0,0,yes,2026-06-07 10:21:44,7.0,Tue|Wed|Fri|Sat|Sun,morning,4.3,2026-07-26,yes,no,0,0,,,0,0,False,False,NYC,False
u_104646,Sacramento,2026-06-07 10:55:29,friend_family,45-54,en,phone,inactive,13,2026-06-07 13:04:33,2026-06-26 11:01:00,,2026-06-26 19:00:36,2026-06-25 22:45:02,0,0,no,,,,,,,,no,0,2,,,0,13,True,False,Sacramento,False
u_101105,NYC,2026-06-07 16:28:47,paid_social,45-54,en,phone,permit_failed,21,2026-06-07 16:43:20,2026-07-07 17:32:00,2026-07-07 17:32:00,2026-07-20 15:32:00,2026-07-05 10:56:59,0,0,no,,,,,,,,no,0,1,2026-07-20,failed,1,21,True,True,NYC,False
u_101033,NYC,2026-06-07 19:12:48,workforce_center,18-24,es,phone,not_started,0,,,,2026-06-11 20:50:22,2026-06-07 19:12:48,0,0,no,,,,,,,,yes,0,0,,,0,0,False,False,NYC,False
u_102970,NYC,2026-06-07 19:37:33,friend_family,25-34,en,laptop,permit_passed,21,2026-06-08 15:57:00,2026-07-11 14:05:00,2026-07-11 14:05:00,2026-08-15 15:05:00,2026-06-17 19:03:14,0,0,yes,2026-06-07 21:03:33,5.0,Mon|Wed|Sun,afternoon,2.3,2026-07-25,no,yes,1,1,2026-08-15,passed,2,21,True,True,NYC,False
u_104666,Sacramento,2026-06-07 23:22:14,parole_probation_officer,35-44,es,shared_computer,inactive,1,2026-06-14 12:47:00,2026-06-14 12:47:00,,2026-06-15 13:04:22,2026-06-13 17:15:16,0,0,no,,,,,,,,no,0,1,,,0,1,True,False,Sacramento,False
u_101205,NYC,2026-06-07 23:22:21,workforce_center,25-34,en,tablet,not_started,0,,,,2026-06-08 15:15:09,2026-06-07 23:22:21,0,0,no,,,,,,,,no,0,0,,,0,0,False,False,NYC,False
u_104447,Sacramento,2026-06-07 23:47:54,reentry_org,18-24,es,phone,withdrawn,0,,,,2026-06-07 23:48:06,2026-06-07 23:47:54,0,0,no,,,,,,,,no,0,0,,,0,0,False,False,Sacramento,False
u_101828,NYC,2026-06-08 01:09:58,workforce_center,18-24,en,laptop,not_started,0,,,,2026-06-08 20:04:06,2026-06-08 01:09:58,0,0,yes,2026-06-08 01:37:58,10.0,Mon|Tue|Wed|Thu|Fri|Sat|Sun,late_night,4.3,2026-07-11,yes,no,0,0,,,0,0,False,False,NYC,False
u_105034,Sacramento,2026-06-08 05:55:41,reentry_org,35-44,en,laptop,course_complete,21,2026-06-11 19:41:00,2026-07-12 18:10:00,2026-07-12 18:10:00,2026-07-13 13:08:30,2026-07-11 10:58:07,0,0,no,,,,,,,,yes,2,1,,,0,21,True,True,Sacramento,False
u_101132,NYC,2026-06-08 09:35:28,reentry_org,35-44,en,phone,not_started,0,,,,2026-06-08 15:41:17,2026-06-08 09:35:28,0,0,yes,2026-06-08 10:59:28,3.0,Mon|Tue,evening,2.8,,no,no,0,0,,,0,0,False,False,NYC,False
u_104805,Sacramento,2026-06-08 13:41:47,parole_probation_officer,45-54,es,phone,course_complete,21,2026-06-09 22:01:00,2026-07-23 22:28:00,2026-07-23 22:28:00,2026-07-30 21:59:46,2026-07-29 05:22:50,0,0,no,,,,,,,,yes,3,1,,,0,21,True,True,Sacramento,False
u_103462,NYC,2026-06-08 16:17:14,paid_social,35-44,en,phone,inactive,4,2026-06-08 16:33:20,2026-06-13 13:13:00,,2026-06-14 19:32:24,2026-06-11 17:22:28,0,0,no,,,,,,,,no,0,1,,,0,4,True,False,NYC,False
u_103062,NYC,2026-06-08 17:45:31,paid_social,35-44,en,phone,inactive,3,2026-06-08 17:58:46,2026-06-12 16:48:00,,2026-06-18 12:41:31,2026-06-15 18:06:26,0,0,yes,2026-06-08 18:18:31,5.0,Mon|Wed|Fri,afternoon,3.7,2026-08-01,yes,no,0,2,,,0,3,True,False,NYC,False
u_104387,Sacramento,2026-06-08 19:37:39,parole_probation_officer,55+,es,phone,permit_passed,21,2026-06-08 19:45:53,2026-07-19 09:46:00,2026-07-19 09:46:00,2026-07-28 15:46:00,2026-07-17 04:12:23,0,0,yes,2026-06-08 20:30:39,3.0,Tue|Thu,morning,2.1,2026-08-24,unsure,no,0,3,2026-07-28,passed,1,21,True,True,Sacramento,False
u_104028,Sacramento,2026-06-08 21:42:33,parole_probation_officer,25-34,en,phone,not_started,0,,,,2026-06-16 03:44:33,2026-06-14 13:34:43,0,0,no,,,,,,,,yes,0,0,,,0,0,False,False,Sacramento,False
u_101408,NYC,2026-06-08 23:50:04,reentry_org,55+,es,phone,course_complete,21,2026-06-11 22:39:00,2026-07-18 23:28:00,2026-07-18 23:28:00,2026-08-12 16:23:24,2026-08-09 10:01:28,0,0,no,,,,,,,,yes,2,3,,,0,21,True,True,NYC,False
u_100877,NYC,2026-06-09 00:32:56,friend_family,35-44,en,phone,inactive,1,2026-06-09 01:17:16,2026-06-09 01:17:16,,2026-06-09 03:16:29,2026-06-09 00:32:56,0,0,yes,2026-06-09 01:21:56,5.0,Wed|Thu|Fri,evening,2.3,2026-08-05,yes,no,0,0,,,0,1,True,False,NYC,False
u_105524,Boston,2026-06-09 04:24:52,paid_social,25-34,en,laptop,not_started,0,,,,2026-06-09 18:56:10,2026-06-09 04:24:52,0,0,no,,,,,,,,yes,0,0,,,0,0,False,False,Boston,False
u_105903,Boston,2026-06-09 05:09:42,reentry_org,35-44,es,laptop,inactive,2,2026-06-09 05:19:00,2026-06-09 10:58:00,,2026-06-10 12:29:50,2026-06-09 10:25:29,0,0,yes,2026-06-09 05:42:42,5.0,Mon|Tue|Sun,morning,2.1,2026-07-16,unsure,no,0,2,,,0,2,True,False,Boston,False
u_105717,Boston,2026-06-09 07:33:25,paid_social,55+,en,phone,not_started,0,,,,2026-06-12 20:14:13,2026-06-10 04:34:25,0,0,no,,,,,,,,no,0,0,,,0,0,False,False,Boston,False
u_100822,NYC,2026-06-09 07:37:56,paid_social,35-44,en,phone,inactive,1,2026-06-09 07:44:30,2026-06-09 07:44:30,,2026-06-09 15:47:19,2026-06-09 07:37:56,0,0,yes,2026-06-09 08:37:56,5.0,Tue|Wed|Fri,late_night,2.5,2026-07-27,yes,no,0,2,,,0,1,True,False,NYC,False
u_102565,NYC,2026-06-09 07:39:21,reentry_org,45-54,es,phone,inactive,3,2026-06-09 07:49:45,2026-06-12 22:18:00,,2026-06-15 16:36:53,2026-06-11 10:32:49,0,0,no,,,,,,,,yes,2,1,,,0,3,True,False,NYC,False
u_100845,NYC,2026-06-09 12:01:13,reentry_org,18-24,en,phone,inactive,19,2026-06-09 12:09:33,2026-07-07 17:44:00,,2026-07-14 09:15:38,2026-07-10 22:14:44,0,0,yes,2026-06-09 12:13:13,7.0,Tue|Wed|Thu|Fri|Sat,evening,3.6,,unsure,no,0,1,,,0,19,True,False,NYC,False
u_101162,NYC,2026-06-09 13:22:46,parole_probation_officer,45-54,en,laptop,course_complete,21,2026-06-09 13:30:25,2026-07-18 17:34:00,2026-07-18 17:34:00,2026-07-23 01:53:33,2026-07-22 23:19:40,0,0,yes,2026-06-09 13:33:46,5.0,Mon|Tue|Wed,evening,2.7,2026-08-01,yes,no,0,1,,,0,21,True,True,NYC,False
u_104518,Sacramento,2026-06-09 14:26:16,friend_family,35-44,en,phone,permit_passed,21,2026-06-09 17:17:40,2026-07-19 09:56:00,2026-07-19 09:56:00,2026-07-24 15:56:00,2026-07-18 12:57:33,0,0,yes,2026-06-09 15:48:16,3.0,Thu|Sat,morning,1.4,2026-08-17,yes,yes,0,1,2026-07-24,passed,1,21,True,True,Sacramento,False
u_102860,NYC,2026-06-09 14:52:33,friend_family,25-34,en,phone,inactive,1,2026-06-12 07:52:00,2026-06-12 07:52:00,,2026-06-16 20:43:43,2026-06-09 14:52:33,0,0,no,,,,,,,,no,0,1,,,0,1,True,False,NYC,False
u_102523,NYC,2026-06-09 16:07:45,paid_social,18-24,en,phone,not_started,0,,,,2026-06-10 06:50:06,2026-06-09 16:07:45,0,0,yes,2026-06-09 16:57:45,7.0,Tue|Wed|Thu|Sat|Sun,evening,4.6,2026-07-17,yes,no,0,0,,,0,0,False,False,NYC,False
u_101011,NYC,2026-06-09 16:43:41,reentry_org,25-34,en,phone,inactive,4,2026-06-12 23:07:00,2026-06-22 23:30:00,,2026-06-23 05:47:01,2026-06-22 12:39:55,0,0,yes,2026-06-09 16:56:41,3.0,Thu|Fri,late_night,1.5,,yes,yes,0,1,,,0,4,True,False,NYC,False
u_101169,NYC,2026-06-09 18:18:10,friend_family,35-44,es,laptop,course_complete,21,2026-06-09 20:56:23,2026-07-07 20:38:00,2026-07-07 20:38:00,2026-07-16 02:49:51,2026-07-05 09:36:10,0,0,yes,2026-06-09 18:34:10,10.0,Mon|Tue|Wed|Thu|Fri|Sat|Sun,evening,5.6,2026-07-20,yes,no,0,1,,,0,21,True,True,NYC,False
u_104575,Sacramento,2026-06-09 19:13:53,workforce_center,45-54,en,phone,not_started,0,,,,2026-06-11 07:56:20,2026-06-10 09:23:03,0,0,yes,2026-06-09 19:53:53,10.0,Mon|Tue|Wed|Thu|Fri|Sat|Sun,evening,4.9,2026-07-21,no,no,0,0,,,0,0,False,False,Sacramento,False
u_103394,NYC,2026-06-09 19:39:03,friend_family,18-24,en,phone,not_started,0,,,,2026-06-10 13:27:36,2026-06-09 19:39:03,0,0,yes,2026-06-09 21:04:03,3.0,Mon|Fri,afternoon,1.0,,unsure,yes,0,0,,,0,0,False,False,NYC,False
u_104042,Sacramento,2026-06-09 22:09:52,workforce_center,18-24,en,phone,not_started,0,,,,2026-06-10 11:37:32,2026-06-10 06:59:10,0,0,yes,2026-06-09 23:04:52,3.0,Thu|Fri,late_night,2.8,2026-08-05,yes,no,0,0,,,0,0,False,False,Sacramento,False
u_105076,Sacramento,2026-06-10 02:17:55,parole_probation_officer,25-34,en,phone,not_started,0,,,,2026-06-15 11:45:19,2026-06-13 00:00:21,0,0,yes,2026-06-10 03:43:55,10.0,Mon|Tue|Wed|Thu|Fri|Sat|Sun,evening,5.8,2026-07-13,unsure,no,0,0,,,0,0,False,False,Sacramento,False
u_105723,Boston,2026-06-10 02:32:36,reentry_org,35-44,en,laptop,inactive,9,2026-06-11 21:11:00,2026-06-28 19:49:00,,2026-07-03 19:15:34,2026-07-03 05:39:23,0,0,no,,,,,,,,yes,6,1,,,0,9,True,False,Boston,False
u_103821,NYC,2026-06-10 04:38:37,reentry_org,25-34,en,phone,not_started,0,,,,2026-06-15 23:59:55,2026-06-11 09:49:53,0,0,yes,2026-06-10 05:31:37,3.0,Thu|Fri,evening,1.5,2026-08-23,yes,yes,0,0,,,0,0,False,False,NYC,False
u_105018,Sacramento,2026-06-10 05:55:29,parole_probation_officer,25-34,es,phone,permit_failed,21,2026-06-13 13:04:00,2026-07-01 12:16:00,2026-07-01 12:16:00,2026-07-12 15:14:33,2026-07-02 18:45:02,0,0,yes,2026-06-10 06:06:29,7.0,Mon|Wed|Thu|Fri|Sat,afternoon,3.7,2026-07-25,yes,no,0,1,2026-07-08,failed,1,21,True,True,Sacramento,False
u_105744,Boston,2026-06-10 05:59:28,parole_probation_officer,25-34,en,phone,not_started,0,,,,2026-06-11 08:03:57,2026-06-10 05:59:28,0,0,no,,,,,,,,no,0,0,,,0,0,False,False,Boston,False
u_102551,NYC,2026-06-10 06:17:45,paid_social,25-34,en,phone,inactive,1,2026-06-10 22:11:31,2026-06-10 22:11:31,,2026-06-11 02:48:53,2026-06-10 06:17:45,0,0,yes,2026-06-10 06:24:45,10.0,Mon|Tue|Wed|Thu|Fri|Sat|Sun,evening,4.5,,unsure,no,0,0,,,0,1,True,False,NYC,False
u_102083,NYC,2026-06-10 07:19:18,reentry_org,25-34,en,phone,permit_passed,21,2026-06-15 20:17:00,2026-07-27 21:41:00,2026-07-27 21:41:00,2026-08-26 15:41:00,2026-07-29 17:50:39,0,0,yes,2026-06-10 07:29:18,3.0,Tue|Sun,evening,2.1,,yes,yes,1,1,2026-08-26,passed,1,21,True,True,NYC,False
u_104268,Sacramento,2026-06-10 07:41:34,workforce_center,25-34,en,phone,permit_failed,21,2026-06-13 14:07:00,2026-07-27 16:22:00,2026-07-27 16:22:00,2026-08-04 15:22:00,2026-07-23 00:16:10,0,0,yes,2026-06-10 08:50:34,3.0,Tue|Sun,afternoon,2.2,2026-08-11,yes,no,0,2,2026-08-04,failed,1,21,True,True,Sacramento,False
u_100965,NYC,2026-06-10 08:07:56,paid_social,25-34,en,phone,permit_passed,21,2026-06-11 23:01:00,2026-07-20 23:00:00,2026-07-20 23:00:00,2026-08-18 15:00:00,2026-07-16 01:18:35,0,0,yes,2026-06-10 09:29:56,5.0,Mon|Thu|Sat,late_night,3.7,,yes,no,0,1,2026-08-18,passed,1,21,True,True,NYC,False
u_105308,Sacramento,2026-06-10 08:25:18,reentry_org,25-34,en,phone,permit_passed,21,2026-06-22 22:03:00,2026-08-04 23:59:00,2026-08-04 23:59:00,2026-08-17 14:00:40,2026-08-16 10:27:25,0,0,yes,2026-06-10 09:12:18,5.0,Mon|Tue|Sun,late_night,2.4,2026-07-26,yes,no,0,1,2026-08-14,passed,1,21,True,True,Sacramento,False
u_101955,NYC,2026-06-10 11:04:57,paid_social,35-44,en,phone,inactive,3,2026-06-11 06:14:00,2026-06-14 10:45:00,,2026-06-14 19:14:46,2026-06-10 11:04:57,0,0,yes,2026-06-10 11:58:57,5.0,Mon|Tue|Thu,morning,3.0,2026-07-30,yes,yes,0,0,,,0,3,True,False,NYC,False
u_104030,Sacramento,2026-06-10 13:44:53,parole_probation_officer,25-34,en,phone,permit_passed,21,2026-06-12 19:22:00,2026-07-15 18:20:00,2026-07-15 18:20:00,2026-07-24 15:20:00,2026-07-12 00:09:08,0,0,yes,2026-06-10 14:55:53,7.0,Mon|Wed|Thu|Sat|Sun,evening,3.7,2026-07-22,yes,yes,0,1,2026-07-24,passed,1,21,True,True,Sacramento,False
u_103159,NYC,2026-06-10 13:52:18,reentry_org,25-34,en,phone,not_started,0,,,,2026-06-11 19:03:01,2026-06-10 13:52:18,0,0,yes,2026-06-10 14:26:18,10.0,Mon|Tue|Wed|Thu|Fri|Sat|Sun,afternoon,4.6,,yes,no,0,0,,,0,0,False,False,NYC,False
u_101609,NYC,2026-06-10 14:43:43,paid_social,55+,en,phone,not_started,0,,,,2026-06-16 06:13:22,2026-06-15 19:56:59,0,0,yes,2026-06-10 14:58:43,3.0,Wed|Sat,morning,1.8,2026-08-09,yes,yes,0,0,,,0,0,False,False,NYC,False
u_105094,Sacramento,2026-06-10 15:24:02,paid_social,35-44,en,laptop,permit_passed,21,2026-06-10 16:51:04,2026-07-17 17:59:00,2026-07-17 17:59:00,2026-07-27 15:59:00,2026-07-08 16:42:15,0,0,yes,2026-06-10 16:09:02,5.0,Mon|Wed|Sat,evening,3.2,2026-07-17,yes,yes,0,1,2026-07-27,passed,1,21,True,True,Sacramento,False
u_101922,NYC,2026-06-10 16:19:49,reentry_org,18-24,en,laptop,permit_passed,21,2026-06-12 20:07:00,2026-08-09 20:27:00,2026-08-09 20:27:00,2026-09-14 15:27:00,2026-08-12 11:42:37,0,0,yes,2026-06-10 16:53:49,3.0,Wed|Sat,evening,1.8,2026-08-08,unsure,yes,0,2,2026-09-14,passed,2,21,True,True,NYC,False
u_105422,Sacramento,2026-06-10 16:58:40,parole_probation_officer,35-44,en,phone,not_started,0,,,,2026-06-11 00:16:42,2026-06-10 16:58:40,0,0,yes,2026-06-10 18:05:40,3.0,Mon|Sat,afternoon,1.6,2026-08-08,no,yes,0,0,,,0,0,False,False,Sacramento,False
u_104966,Sacramento,2026-06-10 17:18:25,parole_probation_officer,25-34,en,phone,inactive,2,2026-06-15 21:59:00,2026-06-17 20:09:00,,2026-06-19 09:05:30,2026-06-18 14:39:52,0,0,no,,,,,,,,no,0,0,,,0,2,True,False,Sacramento,False
u_101223,NYC,2026-06-10 18:27:09,friend_family,35-44,en,laptop,inactive,3,2026-06-10 18:41:00,2026-06-20 23:10:00,,2026-06-24 01:21:01,2026-06-17 22:57:29,0,0,yes,2026-06-10 19:09:09,7.0,Mon|Wed|Fri|Sat|Sun,late_night,3.1,2026-07-12,unsure,no,0,1,,,0,3,True,False,NYC,False
u_101176,NYC,2026-06-10 19:56:39,reentry_org,25-34,en,phone,course_complete,21,2026-06-12 22:02:00,2026-07-24 22:13:00,2026-07-24 22:13:00,2026-07-26 13:29:39,2026-07-21 19:46:34,0,0,no,,,,,,,,yes,0,1,,,0,21,True,True,NYC,False
u_102366,NYC,2026-06-11 02:23:02,friend_family,35-44,en,phone,not_started,0,,,,2026-06-11 04:27:41,2026-06-11 02:23:02,0,0,yes,2026-06-11 03:39:02,5.0,Thu|Fri|Sat,morning,2.1,2026-07-20,unsure,yes,0,0,,,0,0,False,False,NYC,False
u_101035,NYC,2026-06-11 05:16:35,workforce_center,25-34,en,phone,inactive,19,2026-06-11 05:24:44,2026-07-22 19:53:00,,2026-07-23 11:35:53,2026-07-20 16:56:34,0,0,no,,,,,,,,no,0,3,,,0,19,True,False,NYC,False
u_102353,NYC,2026-06-11 15:37:23,friend_family,25-34,en,phone,inactive,3,2026-06-16 23:09:00,2026-06-20 23:52:00,,2026-06-22 03:32:11,2026-06-16 22:53:56,0,0,no,,,,,,,,yes,1,0,,,0,3,True,False,NYC,False
u_101883,NYC,2026-06-11 19:00:50,friend_family,35-44,es,laptop,course_complete,21,2026-06-13 18:16:00,2026-07-01 20:40:00,2026-07-01 20:40:00,2026-07-10 04:44:15,2026-07-07 03:27:14,0,0,yes,2026-06-11 19:46:50,10.0,Mon|Tue|Wed|Thu|Fri|Sat|Sun,evening,5.0,2026-07-09,no,no,0,1,,,0,21,True,True,NYC,False
u_105698,Boston,2026-06-11 20:25:23,paid_social,18-24,en,phone,inactive,8,2026-06-11 22:51:13,2026-07-07 19:02:00,,2026-07-13 07:09:27,2026-07-08 14:00:01,0,0,yes,2026-06-11 20:38:23,7.0,Tue|Wed|Fri|Sat|Sun,evening,4.5,2026-07-26,yes,no,0,2,,,0,8,True,False,Boston,False
u_100587,NYC,2026-06-11 21:17:52,parole_probation_officer,25-34,en,phone,inactive,3,2026-06-11 21:43:50,2026-06-17 16:33:00,,2026-06-21 08:44:06,2026-06-18 18:48:34,0,0,no,,,,,,,,no,0,1,,,0,3,True,False,NYC,False
u_103804,NYC,2026-06-11 21:38:03,reentry_org,18-24,en,phone,not_started,0,,,,2026-06-12 13:10:43,2026-06-11 21:38:03,0,0,no,,,,,,,,no,0,0,,,0,0,False,False,NYC,False
u_103058,NYC,2026-06-11 22:08:40,paid_social,18-24,en,phone,inactive,2,2026-06-11 23:37:17,2026-06-13 21:48:00,,2026-06-16 05:16:49,2026-06-13 08:49:57,0,0,yes,2026-06-11 22:12:40,5.0,Mon|Tue|Fri,evening,3.6,,no,no,0,1,,,0,2,True,False,NYC,False
u_101778,NYC,2026-06-12 00:40:24,friend_family,35-44,en,phone,not_started,0,,,,2026-06-12 04:32:04,2026-06-12 00:40:24,0,0,yes,2026-06-12 00:54:24,10.0,Mon|Tue|Wed|Thu|Fri|Sat|Sun,morning,4.5,2026-07-24,yes,no,0,0,,,0,0,False,False,NYC,False
u_105389,Sacramento,2026-06-12 02:11:39,workforce_center,35-44,es,laptop,inactive,4,2026-06-12 02:28:20,2026-06-16 22:12:00,,2026-06-24 11:05:42,2026-06-24 09:14:06,0,0,yes,2026-06-12 03:32:39,5.0,Mon|Thu|Sat,late_night,2.6,2026-07-24,no,yes,1,1,,,0,4,True,False,Sacramento,False
u_102776,NYC,2026-06-12 04:47:29,friend_family,35-44,en,shared_computer,inactive,1,2026-06-12 16:09:09,2026-06-12 16:09:09,,2026-06-18 03:23:42,2026-06-12 04:47:29,0,0,no,,,,,,,,yes,3,0,,,0,1,True,False,NYC,False
u_105667,Boston,2026-06-12 09:22:20,workforce_center,25-34,es,phone,not_started,0,,,,2026-06-13 08:52:24,2026-06-12 12:03:26,0,0,yes,2026-06-12 10:44:20,5.0,Mon|Tue|Sat,evening,2.5,2026-07-25,yes,yes,0,0,,,0,0,False,False,Boston,False
u_104603,Sacramento,2026-06-12 09:26:42,parole_probation_officer,45-54,en,phone,inactive,4,2026-06-14 21:48:00,2026-06-26 17:38:00,,2026-06-27 23:36:49,2026-06-21 11:04:14,0,0,yes,2026-06-12 10:27:42,5.0,Wed|Fri|Sun,evening,3.6,2026-07-30,no,no,0,2,,,0,4,True,False,Sacramento,False
u_104883,Sacramento,2026-06-12 11:08:49,friend_family,55+,en,phone,permit_passed,21,2026-06-17 06:14:00,2026-07-23 12:19:00,2026-07-23 12:19:00,2026-07-30 03:33:04,2026-07-29 18:53:47,0,0,no,,,,,,,,yes,1,2,2026-07-29,passed,1,21,True,True,Sacramento,False
u_103688,NYC,2026-06-12 14:31:55,paid_social,45-54,es,phone,not_started,0,,,,2026-06-12 16:05:06,2026-06-12 14:31:55,0,0,yes,2026-06-12 15:46:55,5.0,Tue|Sat|Sun,afternoon,3.4,2026-07-27,yes,no,0,0,,,0,0,False,False,NYC,False
u_103398,NYC,2026-06-12 20:49:50,reentry_org,25-34,en,tablet,inactive,8,2026-06-12 21:02:21,2026-06-21 17:40:00,,2026-06-22 11:14:18,2026-06-16 03:45:43,0,0,yes,2026-06-12 20:56:50,5.0,Wed|Thu|Fri,evening,3.4,2026-08-08,yes,no,0,2,,,0,8,True,False,NYC,False
u_101779,NYC,2026-06-12 22:28:11,paid_social,35-44,en,phone,permit_passed,21,2026-06-13 15:37:00,2026-07-22 15:58:00,2026-07-22 15:58:00,2026-08-26 15:58:00,2026-07-18 12:24:08,0,0,yes,2026-06-12 23:05:11,5.0,Thu|Fri|Sat,afternoon,2.8,2026-08-05,yes,no,0,1,2026-08-26,passed,2,21,True,True,NYC,False
u_105428,Sacramento,2026-06-13 02:15:54,friend_family,25-34,en,phone,not_started,0,,,,2026-06-18 15:15:33,2026-06-13 02:15:54,0,0,no,,,,,,,,no,0,0,,,0,0,False,False,Sacramento,False
u_105273,Sacramento,2026-06-13 05:31:12,friend_family,25-34,en,phone,inactive,4,2026-06-13 05:59:03,2026-06-16 21:56:00,,2026-06-17 15:58:00,2026-06-16 09:03:43,0,0,yes,2026-06-13 05:48:12,5.0,Mon|Wed|Thu,evening,3.6,2026-07-31,unsure,no,0,1,,,0,4,True,False,Sacramento,False
u_102577,NYC,2026-06-13 09:21:33,reentry_org,25-34,en,phone,inactive,1,2026-06-13 11:01:33,2026-06-13 11:01:33,,2026-06-16 15:19:20,2026-06-13 12:10:39,0,0,yes,2026-06-13 10:31:33,7.0,Mon|Tue|Thu|Sat|Sun,morning,4.3,2026-07-14,unsure,no,0,1,,,0,1,True,False,NYC,False
u_103348,NYC,2026-06-13 11:10:42,workforce_center,25-34,en,phone,not_started,0,,,,2026-06-13 15:23:06,2026-06-13 11:10:42,0,0,yes,2026-06-13 11:27:42,5.0,Wed|Sat|Sun,evening,2.4,2026-07-26,unsure,no,0,0,,,0,0,False,False,NYC,False
u_105583,Boston,2026-06-13 11:16:38,workforce_center,35-44,en,phone,course_complete,21,2026-06-13 13:57:31,2026-07-22 22:34:00,2026-07-22 22:34:00,2026-07-31 17:45:13,2026-07-21 11:25:55,0,0,no,,,,,,,,no,0,1,,,0,21,True,True,Boston,False
u_101535,NYC,2026-06-13 11:58:27,parole_probation_officer,18-24,en,phone,inactive,10,2026-06-13 12:05:05,2026-06-27 16:13:00,,2026-07-05 17:51:27,2026-07-05 08:47:44,0,0,yes,2026-06-13 13:22:27,5.0,Wed|Thu|Sat,afternoon,2.4,2026-08-03,no,yes,6,1,,,0,10,True,False,NYC,False
u_103388,NYC,2026-06-13 12:38:02,reentry_org,25-34,en,phone,inactive,1,2026-06-14 13:26:00,2026-06-14 13:26:00,,2026-06-20 06:37:28,2026-06-14 11:25:40,0,0,no,,,,,,,,no,0,1,,,0,1,True,False,NYC,False
u_105846,Boston,2026-06-13 12:42:40,paid_social,35-44,en,phone,inactive,2,2026-06-17 14:19:00,2026-06-18 14:10:00,,2026-06-25 10:51:14,2026-06-23 13:42:46,0,0,yes,2026-06-13 13:53:40,10.0,Mon|Tue|Wed|Thu|Fri|Sat|Sun,afternoon,5.3,,unsure,no,0,0,,,0,2,True,False,Boston,False
u_105645,Boston,2026-06-13 13:54:17,parole_probation_officer,45-54,ht,phone,course_complete,21,2026-06-24 17:09:00,2026-07-26 20:24:00,2026-07-26 20:24:00,2026-08-14 13:23:39,2026-08-06 04:04:01,0,0,no,,,,,,,,no,0,2,,,0,21,True,True,Boston,False
u_101406,NYC,2026-06-13 19:37:59,reentry_org,18-24,en,phone,not_started,0,,,,2026-06-14 13:15:58,2026-06-13 19:37:59,0,0,no,,,,,,,,no,0,0,,,0,0,False,False,NYC,False
u_104686,Sacramento,2026-06-13 20:31:14,workforce_center,35-44,en,phone,not_started,0,,,,2026-06-15 07:49:23,2026-06-13 20:31:14,0,0,no,,,,,,,,yes,0,0,,,0,0,False,False,Sacramento,False
u_103566,NYC,2026-06-13 22:18:46,paid_social,25-34,en,phone,inactive,1,2026-06-20 23:45:00,2026-06-20 23:45:00,,2026-06-27 04:39:49,2026-06-21 11:40:03,0,0,no,,,,,,,,no,0,0,,,0,1,True,False,NYC,False
u_104254,Sacramento,2026-06-14 00:15:56,reentry_org,35-44,en,phone,not_started,0,,,,2026-06-14 04:05:31,2026-06-14 00:15:56,0,0,yes,2026-06-14 00:45:56,10.0,Mon|Tue|Wed|Thu|Fri|Sat|Sun,afternoon,4.6,2026-07-22,unsure,no,0,0,,,0,0,False,False,Sacramento,False
u_105627,Boston,2026-06-14 00:36:49,reentry_org,25-34,en,phone,inactive,1,2026-06-14 00:50:06,2026-06-14 00:50:06,,2026-06-20 18:58:28,2026-06-20 18:53:45,0,0,yes,2026-06-14 02:03:49,5.0,Tue|Wed|Fri,afternoon,2.0,,yes,no,0,1,,,0,1,True,False,Boston,False
u_105917,Boston,2026-06-14 01:05:49,paid_social,55+,en,shared_computer,inactive,2,2026-06-14 03:07:45,2026-06-14 08:07:00,,2026-06-15 06:28:04,2026-06-14 01:05:49,0,0,no,,,,,,,,no,0,1,,,0,2,True,False,Boston,False
u_101047,NYC,2026-06-14 01:16:50,parole_probation_officer,25-34,en,phone,course_complete,21,2026-06-14 01:34:07,2026-07-15 06:49:00,2026-07-15 06:49:00,2026-07-15 18:35:37,2026-07-15 01:54:45,0,0,yes,2026-06-14 01:36:50,5.0,Thu|Fri|Sun,morning,2.1,,no,yes,1,1,,,0,21,True,True,NYC,False
u_100764,NYC,2026-06-14 03:01:39,paid_social,35-44,en,phone,inactive,3,2026-06-16 11:25:00,2026-06-22 08:01:00,,2026-06-23 10:07:54,2026-06-20 08:16:26,0,0,no,,,,,,,,no,0,1,,,0,3,True,False,NYC,False
u_102020,NYC,2026-06-14 06:41:37,reentry_org,18-24,en,phone,permit_passed,21,2026-06-18 22:18:00,2026-07-22 23:43:00,2026-07-22 23:43:00,2026-08-18 15:43:00,2026-07-29 23:59:31,0,0,no,,,,,,,,yes,4,2,2026-08-18,passed,2,21,True,True,NYC,False
u_104120,Sacramento,2026-06-14 07:35:43,friend_family,35-44,en,tablet,inactive,1,2026-06-14 09:22:49,2026-06-14 09:22:49,,2026-06-17 23:28:30,2026-06-14 23:08:53,0,0,no,,,,,,,,no,0,1,,,0,1,True,False,Sacramento,False
u_104693,Sacramento,2026-06-14 09:27:19,paid_social,55+,es,phone,inactive,2,2026-06-17 21:22:00,2026-06-28 17:12:00,,2026-07-01 13:18:39,2026-06-23 04:55:55,0,0,yes,2026-06-14 09:38:19,7.0,Mon|Tue|Fri|Sat|Sun,evening,3.3,2026-08-01,no,no,0,0,,,0,2,True,False,Sacramento,False
u_101595,NYC,2026-06-14 09:30:12,workforce_center,45-54,en,phone,inactive,4,2026-06-15 23:37:00,2026-06-20 22:48:00,,2026-06-21 11:52:22,2026-06-19 21:35:21,0,0,no,,,,,,,,yes,0,0,,,0,4,True,False,NYC,False
u_105886,Boston,2026-06-14 11:56:15,reentry_org,18-24,es,phone,inactive,9,2026-06-14 13:23:44,2026-07-06 14:12:00,,2026-07-07 13:19:20,2026-06-30 15:59:49,0,0,yes,2026-06-14 12:37:15,3.0,Tue|Wed,afternoon,2.2,,yes,yes,6,1,,,0,9,True,False,Boston,False
u_102049,NYC,2026-06-14 12:53:54,paid_social,45-54,en,phone,not_started,0,,,,2026-06-15 02:25:49,2026-06-14 12:53:54,0,0,yes,2026-06-14 13:21:54,7.0,Tue|Wed|Thu|Sat|Sun,late_night,3.5,,unsure,no,0,0,,,0,0,False,False,NYC,False
u_104371,Sacramento,2026-06-14 13:26:23,reentry_org,25-34,en,phone,inactive,4,2026-06-14 13:46:21,2026-06-18 16:46:00,,2026-06-23 02:54:31,2026-06-21 20:51:31,0,0,yes,2026-06-14 13:47:23,3.0,Wed|Thu,afternoon,1.9,2026-08-22,yes,yes,0,1,,,0,4,True,False,Sacramento,False
u_104534,Sacramento,2026-06-14 14:21:14,paid_social,25-34,es,tablet,permit_passed,21,2026-06-17 20:30:00,2026-07-22 21:02:00,2026-07-22 21:02:00,2026-08-07 15:02:00,2026-08-01 11:56:13,0,0,yes,2026-06-14 14:39:14,7.0,Mon|Tue|Wed|Thu|Sat,evening,3.2,2026-07-22,no,no,0,3,2026-08-07,passed,1,21,True,True,Sacramento,False
u_102462,NYC,2026-06-14 15:02:21,paid_social,25-34,en,phone,not_started,0,,,,2026-06-15 03:22:57,2026-06-15 02:06:34,0,0,no,,,,,,,,no,0,0,,,0,0,False,False,NYC,False
u_105102,Sacramento,2026-06-14 17:52:34,parole_probation_officer,18-24,en,phone,inactive,4,2026-06-14 18:57:03,2026-07-04 13:29:00,,2026-07-05 19:55:25,2026-07-03 08:37:47,0,0,no,,,,,,,,no,0,1,,,0,4,True,False,Sacramento,False
u_102611,NYC,2026-06-14 20:23:26,workforce_center,25-34,en,laptop,inactive,4,2026-06-16 16:03:00,2026-06-21 12:09:00,,2026-06-21 19:24:40,2026-06-21 04:00:00,0,0,no,,,,,,,,no,0,1,,,0,4,True,False,NYC,False
u_102995,NYC,2026-06-14 21:59:14,reentry_org,18-24,en,tablet,inactive,3,2026-06-15 17:15:00,2026-06-23 21:40:00,,2026-06-26 07:02:37,2026-06-19 10:19:40,0,0,yes,2026-06-14 23:07:14,7.0,Tue|Thu|Fri|Sat|Sun,evening,3.6,,yes,no,0,1,,,0,3,True,False,NYC,False
u_103869,NYC,2026-06-14 23:35:31,reentry_org,35-44,en,laptop,course_complete,21,2026-06-17 23:23:00,2026-07-26 23:59:00,2026-07-26 23:59:00,2026-07-30 08:27:22,2026-07-24 10:40:56,0,0,no,,,,,,,,yes,0,1,,,0,21,True,True,NYC,False
u_105503,Boston,2026-06-15 02:15:20,parole_probation_officer,18-24,en,phone,not_started,0,,,,2026-06-18 17:57:51,2026-06-15 02:15:20,0,0,yes,2026-06-15 03:35:20,3.0,Wed|Fri,afternoon,1.4,2026-08-18,yes,yes,0,0,,,0,0,False,False,Boston,False
u_103504,NYC,2026-06-15 02:50:36,parole_probation_officer,25-34,en,phone,inactive,8,2026-06-15 22:37:59,2026-06-30 20:25:00,,2026-07-04 17:18:16,2026-07-01 19:41:56,0,0,yes,2026-06-15 03:16:36,3.0,Tue|Wed,evening,2.2,,yes,no,0,2,,,0,8,True,False,NYC,False
u_101858,NYC,2026-06-15 06:02:41,parole_probation_officer,35-44,en,tablet,not_started,0,,,,2026-06-16 13:34:19,2026-06-15 06:02:41,0,0,no,,,,,,,,no,0,0,,,0,0,False,False,NYC,False
u_102471,NYC,2026-06-15 07:03:47,parole_probation_officer,35-44,en,phone,not_started,0,,,,2026-06-15 16:52:50,2026-06-15 07:03:47,0,0,no,,,,,,,,yes,0,0,,,0,0,False,False,NYC,False
u_104161,Sacramento,2026-06-15 07:15:16,reentry_org,35-44,en,phone,not_started,0,,,,2026-06-17 06:34:08,2026-06-16 05:58:34,0,0,yes,2026-06-15 08:12:16,3.0,Tue|Sat,morning,1.8,2026-08-18,yes,yes,0,0,,,0,0,False,False,Sacramento,False
u_100255,NYC,2026-06-15 09:04:03,paid_social,25-34,en,laptop,not_started,0,,,,2026-06-15 19:46:44,2026-06-15 09:04:03,0,0,yes,2026-06-15 09:28:03,7.0,Tue|Wed|Thu|Fri|Sat,afternoon,3.8,,yes,no,0,0,,,0,0,False,False,NYC,False
u_102549,NYC,2026-06-15 09:43:04,paid_social,35-44,es,phone,inactive,4,2026-06-19 12:37:00,2026-06-26 13:48:00,,2026-07-01 00:14:28,2026-06-27 21:04:49,0,0,yes,2026-06-15 10:22:04,10.0,Mon|Tue|Wed|Thu|Fri|Sat|Sun,afternoon,5.0,2026-07-10,no,no,0,1,,,0,4,True,False,NYC,False
u_105199,Sacramento,2026-06-15 09:59:43,paid_social,35-44,en,phone,not_started,0,,,,2026-06-18 13:40:57,2026-06-18 03:56:46,0,0,yes,2026-06-15 10:11:43,7.0,Mon|Wed|Fri|Sat|Sun,evening,3.6,,yes,no,0,0,,,0,0,False,False,Sacramento,False
u_105443,Sacramento,2026-06-15 12:09:33,friend_family,35-44,en,phone,course_complete,21,2026-06-15 14:41:23,2026-07-19 23:30:00,2026-07-19 23:30:00,2026-07-21 07:59:59,2026-07-21 00:19:36,0,0,yes,2026-06-15 13:03:33,7.0,Mon|Tue|Wed|Thu|Sun,late_night,2.8,,yes,yes,6,2,,,0,21,True,True,Sacramento,False
u_100685,NYC,2026-06-15 13:39:59,parole_probation_officer,18-24,en,laptop,permit_passed,21,2026-06-15 16:23:26,2026-07-12 23:21:00,2026-07-12 23:21:00,2026-07-30 20:56:37,2026-07-20 15:49:18,0,0,yes,2026-06-15 15:02:59,10.0,Mon|Tue|Wed|Thu|Fri|Sat|Sun,late_night,4.5,,yes,yes,6,3,2026-07-25,passed,1,21,True,True,NYC,False
u_104117,Sacramento,2026-06-15 14:49:49,friend_family,45-54,en,phone,not_started,0,,,,2026-06-16 01:23:31,2026-06-15 14:49:49,0,0,no,,,,,,,,no,0,0,,,0,0,False,False,Sacramento,False
u_100445,NYC,2026-06-15 17:23:15,workforce_center,55+,es,phone,inactive,1,2026-06-16 22:39:00,2026-06-16 22:39:00,,2026-06-20 05:22:04,2026-06-15 17:23:15,0,0,yes,2026-06-15 18:15:15,7.0,Tue|Thu|Fri|Sat|Sun,late_night,4.6,2026-07-26,unsure,no,0,0,,,0,1,True,False,NYC,False
u_102294,NYC,2026-06-15 19:11:22,friend_family,18-24,en,shared_computer,inactive,1,2026-06-15 19:33:29,2026-06-15 19:33:29,,2026-06-18 16:41:54,2026-06-15 19:11:22,0,0,no,,,,,,,,yes,1,1,,,0,1,True,False,NYC,False
u_102444,NYC,2026-06-15 19:18:42,paid_social,18-24,en,laptop,not_started,0,,,,2026-06-17 10:15:25,2026-06-15 19:18:42,0,0,yes,2026-06-15 19:45:42,7.0,Mon|Tue|Wed|Thu|Fri,afternoon,3.7,2026-07-28,no,no,0,0,,,0,0,False,False,NYC,False
u_100069,NYC,2026-06-15 21:11:20,parole_probation_officer,25-34,en,tablet,inactive,4,2026-06-18 09:07:00,2026-06-24 11:46:00,,2026-06-24 15:30:25,2026-06-24 10:47:35,0,0,yes,2026-06-15 22:23:20,5.0,Tue|Wed|Fri,morning,3.7,2026-08-06,yes,no,0,1,,,0,4,True,False,NYC,False
u_100894,NYC,2026-06-15 21:14:13,paid_social,18-24,en,phone,not_started,0,,,,2026-06-18 08:13:26,2026-06-15 21:14:13,0,0,no,,,,,,,,yes,0,0,,,0,0,False,False,NYC,False
u_104616,Sacramento,2026-06-15 21:22:43,paid_social,35-44,en,laptop,course_complete,21,2026-06-16 23:25:00,2026-07-18 23:15:00,2026-07-18 23:15:00,2026-07-29 21:56:20,2026-07-28 17:29:56,0,0,no,,,,,,,,no,0,2,,,0,21,True,True,Sacramento,False
u_104698,Sacramento,2026-06-16 01:35:08,reentry_org,25-34,es,phone,permit_passed,21,2026-06-21 18:57:00,2026-08-13 18:55:00,2026-08-13 18:55:00,2026-08-27 15:55:00,2026-08-18 04:00:03,0,0,yes,2026-06-16 02:39:08,3.0,Wed|Thu,evening,1.3,2026-08-25,yes,yes,6,2,2026-08-27,passed,1,21,True,True,Sacramento,False
u_101839,NYC,2026-06-16 02:19:24,parole_probation_officer,35-44,en,phone,not_started,0,,,,2026-06-18 05:20:47,2026-06-16 02:19:24,0,0,yes,2026-06-16 02:41:24,10.0,Mon|Tue|Wed|Thu|Fri|Sat|Sun,morning,4.4,2026-07-16,yes,no,0,0,,,0,0,False,False,NYC,False
u_103743,NYC,2026-06-16 03:46:57,parole_probation_officer,45-54,es,laptop,permit_passed,21,2026-06-19 19:41:00,2026-07-22 18:41:00,2026-07-22 18:41:00,2026-08-09 15:41:00,2026-07-19 11:33:22,0,0,yes,2026-06-16 04:22:57,7.0,Mon|Tue|Thu|Fri|Sun,evening,4.6,2026-07-16,no,no,0,1,2026-08-09,passed,1,21,True,True,NYC,False
u_102702,NYC,2026-06-16 04:09:09,parole_probation_officer,18-24,es,phone,course_complete,21,2026-06-16 04:21:35,2026-08-04 23:48:00,2026-08-04 23:48:00,2026-08-05 05:12:44,2026-07-25 01:17:41,0,0,yes,2026-06-16 05:17:09,5.0,Mon|Fri|Sat,late_night,2.6,2026-08-08,unsure,yes,6,2,,,0,21,True,True,NYC,False
u_100182,NYC,2026-06-16 05:29:34,friend_family,25-34,en,phone,course_complete,21,2026-06-17 18:29:00,2026-07-18 22:25:00,2026-07-18 22:25:00,2026-07-23 19:51:38,2026-07-22 19:57:24,0,0,yes,2026-06-16 05:38:34,5.0,Thu|Fri|Sat,evening,3.2,2026-08-10,yes,yes,6,1,,,0,21,True,True,NYC,False
u_105091,Sacramento,2026-06-16 06:34:26,reentry_org,35-44,en,laptop,permit_passed,21,2026-06-16 22:54:29,2026-08-04 10:57:00,2026-08-04 10:57:00,2026-08-21 15:57:00,2026-07-30 01:04:05,0,0,yes,2026-06-16 06:47:26,3.0,Mon|Thu,morning,2.6,2026-08-23,yes,yes,4,2,2026-08-21,passed,1,21,True,True,Sacramento,False
u_100458,NYC,2026-06-16 16:47:08,parole_probation_officer,35-44,en,phone,permit_failed,21,2026-06-24 23:41:00,2026-08-12 23:03:00,2026-08-12 23:03:00,2026-09-01 15:03:00,2026-08-13 22:32:16,0,0,yes,2026-06-16 17:37:08,3.0,Tue|Wed,late_night,2.6,2026-08-13,yes,no,0,2,2026-09-01,failed,1,21,True,True,NYC,False
u_102408,NYC,2026-06-16 17:40:20,paid_social,25-34,en,laptop,not_started,0,,,,2026-06-17 17:18:47,2026-06-16 20:02:12,0,0,yes,2026-06-16 17:45:20,5.0,Mon|Thu|Sat,afternoon,3.6,2026-08-08,yes,no,0,0,,,0,0,False,False,NYC,False
u_102857,NYC,2026-06-16 18:50:00,parole_probation_officer,25-34,es,phone,inactive,2,2026-06-16 20:35:03,2026-06-18 18:14:00,,2026-06-20 21:16:35,2026-06-19 23:59:23,0,0,no,,,,,,,,no,0,2,,,0,2,True,False,NYC,False
u_102262,NYC,2026-06-16 19:52:03,paid_social,25-34,es,laptop,not_started,0,,,,2026-06-17 21:47:19,2026-06-16 19:52:03,0,0,no,,,,,,,,no,0,0,,,0,0,False,False,NYC,False
u_102961,NYC,2026-06-16 20:16:07,reentry_org,25-34,en,laptop,permit_failed,21,2026-06-16 20:22:30,2026-08-17 22:40:00,2026-08-17 22:40:00,2026-08-31 15:40:00,2026-08-17 10:40:54,0,0,yes,2026-06-16 21:03:07,3.0,Mon|Thu,late_night,1.1,,yes,yes,1,2,2026-08-31,failed,1,21,True,True,NYC,False
u_105771,Boston,2026-06-16 22:35:52,friend_family,18-24,en,laptop,inactive,3,2026-06-16 23:07:26,2026-06-28 06:32:00,,2026-07-01 14:40:56,2026-06-27 08:22:03,0,0,yes,2026-06-16 23:07:52,5.0,Tue|Wed|Sun,morning,2.6,2026-07-29,no,no,0,1,,,0,3,True,False,Boston,False
u_102773,NYC,2026-06-17 00:38:32,friend_family,25-34,es,phone,permit_passed,21,2026-06-19 09:48:00,2026-07-17 10:45:00,2026-07-17 10:45:00,2026-08-18 15:45:00,2026-07-19 22:17:24,0,0,yes,2026-06-17 00:49:32,5.0,Thu|Fri|Sat,morning,3.2,2026-08-12,unsure,yes,1,2,2026-08-18,passed,1,21,True,True,NYC,False
u_100384,NYC,2026-06-17 01:31:03,reentry_org,25-34,es,laptop,not_started,0,,,,2026-06-19 10:06:20,2026-06-17 17:10:55,0,0,no,,,,,,,,no,0,0,,,0,0,False,False,NYC,False
u_103883,NYC,2026-06-17 09:28:32,paid_social,35-44,en,phone,not_started,0,,,,2026-06-18 02:30:03,2026-06-17 09:28:32,0,0,no,,,,,,,,no,0,0,,,0,0,False,False,NYC,False
u_105411,Sacramento,2026-06-17 13:06:01,workforce_center,18-24,en,phone,not_started,0,,,,2026-06-18 15:31:59,2026-06-17 13:06:01,0,0,yes,2026-06-17 14:19:01,5.0,Tue|Thu|Fri,morning,2.0,2026-07-24,yes,yes,0,0,,,0,0,False,False,Sacramento,False
u_103358,NYC,2026-06-17 15:27:12,paid_social,25-34,en,phone,not_started,0,,,,2026-06-19 10:16:42,2026-06-17 15:27:12,0,0,no,,,,,,,,no,0,0,,,0,0,False,False,NYC,False
u_100627,NYC,2026-06-17 15:43:15,reentry_org,45-54,en,phone,course_complete,21,2026-06-26 22:32:00,2026-08-07 23:30:00,2026-08-07 23:30:00,2026-08-13 19:58:57,2026-08-06 00:48:38,0,0,yes,2026-06-17 16:21:15,5.0,Mon|Tue|Wed,late_night,2.7,2026-08-10,no,yes,1,1,,,0,21,True,True,NYC,False
u_103216,NYC,2026-06-18 00:38:37,friend_family,35-44,es,phone,inactive,3,2026-06-18 00:53:46,2026-06-19 22:58:00,,2026-06-21 00:32:33,2026-06-20 10:12:16,0,0,no,,,,,,,,no,0,0,,,0,3,True,False,NYC,False
u_104846,Sacramento,2026-06-18 03:00:45,workforce_center,25-34,en,laptop,not_started,0,,,,2026-06-19 14:14:54,2026-06-18 03:00:45,0,0,yes,2026-06-18 03:06:45,3.0,Wed|Sun,morning,2.4,2026-08-20,no,no,0,0,,,0,0,False,False,Sacramento,False
u_104156,Sacramento,2026-06-18 03:16:19,friend_family,35-44,en,phone,inactive,4,2026-06-19 17:56:00,2026-06-25 21:06:00,,2026-06-26 06:31:27,2026-06-24 21:23:53,0,0,yes,2026-06-18 03:59:19,5.0,Mon|Tue|Thu,evening,2.5,2026-08-07,yes,no,0,1,,,0,4,True,False,Sacramento,False
u_100407,NYC,2026-06-18 05:01:17,reentry_org,35-44,es,phone,course_complete,21,2026-06-22 19:03:00,2026-07-17 18:14:00,2026-07-17 18:14:00,2026-07-21 06:09:03,2026-07-12 14:42:03,0,0,no,,,,,,,,yes,1,1,,,0,21,True,True,NYC,False
u_105703,Boston,2026-06-18 05:41:34,paid_social,55+,en,laptop,inactive,1,2026-06-18 21:05:18,2026-06-18 21:05:18,,2026-06-19 19:45:23,2026-06-18 05:41:34,0,0,yes,2026-06-18 07:05:34,5.0,Mon|Tue|Fri,afternoon,3.1,2026-07-30,unsure,no,0,0,,,0,1,True,False,Boston,False
u_105154,Sacramento,2026-06-18 08:16:03,parole_probation_officer,25-34,en,laptop,inactive,1,2026-06-18 10:43:14,2026-06-18 10:43:14,,2026-06-19 10:23:00,2026-06-18 08:16:03,0,0,no,,,,,,,,yes,3,0,,,0,1,True,False,Sacramento,False
u_100313,NYC,2026-06-18 08:16:41,friend_family,35-44,en,phone,inactive,13,2026-06-19 13:05:00,2026-07-01 16:28:00,,2026-07-02 13:06:33,2026-07-02 09:31:53,0,0,yes,2026-06-18 08:41:41,10.0,Mon|Tue|Wed|Thu|Fri|Sat|Sun,afternoon,5.4,2026-07-16,yes,no,0,2,,,0,13,True,False,NYC,False
u_105812,BOS,2026-06-18 09:17:12,workforce_center,25-34,en,phone,not_started,0,,,,2026-06-20 19:04:06,2026-06-19 20:42:47,0,0,no,,,,,,,,no,0,0,,,0,0,False,False,Boston,False
u_105896,Boston,2026-06-18 14:32:00,paid_social,35-44,en,phone,not_started,0,,,,2026-06-19 08:25:56,2026-06-18 14:32:00,0,0,no,,,,,,,,no,0,0,,,0,0,False,False,Boston,False
u_101301,NYC,2026-06-18 14:50:13,paid_social,25-34,en,phone,not_started,0,,,,2026-06-21 14:01:50,2026-06-18 14:50:13,0,0,yes,2026-06-18 16:02:13,10.0,Mon|Tue|Wed|Thu|Fri|Sat|Sun,evening,4.3,2026-07-20,yes,yes,0,0,,,0,0,False,False,NYC,False
u_105020,Sacramento,2026-06-18 15:56:57,friend_family,35-44,en,laptop,inactive,3,2026-06-21 20:36:00,2026-06-22 18:57:00,,2026-06-25 07:49:10,2026-06-20 02:24:41,0,0,yes,2026-06-18 16:58:57,7.0,Mon|Tue|Thu|Sat|Sun,evening,4.4,2026-07-17,yes,no,0,1,,,0,3,True,False,Sacramento,False
u_100265,NYC,2026-06-18 21:23:56,paid_social,55+,en,phone,withdrawn,0,,,,2026-06-22 05:42:10,2026-06-22 02:51:58,0,0,yes,2026-06-18 21:39:56,3.0,Mon|Sat,late_night,1.3,2026-08-30,yes,no,0,0,,,0,0,False,False,NYC,False
u_100689,NYC,2026-06-18 22:39:15,reentry_org,18-24,en,laptop,permit_scheduled,21,2026-06-20 18:12:00,2026-08-18 19:32:00,2026-08-18 19:32:00,2026-08-20 07:00:21,2026-08-15 05:28:31,0,0,yes,2026-06-18 23:54:15,3.0,Tue|Sat,evening,1.9,,no,no,0,2,2026-09-21,,0,21,True,True,NYC,False
u_105624,Boston,2026-06-18 22:39:20,reentry_org,35-44,en,phone,inactive,4,2026-06-18 22:54:55,2026-06-22 17:08:00,,2026-06-25 10:22:39,2026-06-18 22:39:20,0,0,yes,2026-06-18 23:31:20,7.0,Mon|Tue|Wed|Thu|Sat,afternoon,3.5,2026-07-22,no,no,0,1,,,0,4,True,False,Boston,False
u_104079,Sacramento,2026-06-18 23:08:13,workforce_center,25-34,en,phone,not_started,0,,,,2026-06-26 07:27:22,2026-06-23 19:12:51,0,0,no,,,,,,,,no,0,0,,,0,0,False,False,Sacramento,False
u_103690,NYC,2026-06-18 23:25:31,parole_probation_officer,35-44,es,phone,not_started,0,,,,2026-06-20 04:55:01,2026-06-18 23:25:31,0,0,no,,,,,,,,yes,0,0,,,0,0,False,False,NYC,False
u_102895,NYC,2026-06-19 00:50:36,reentry_org,45-54,en,phone,course_complete,21,2026-06-24 21:45:00,2026-07-20 21:48:00,2026-07-20 21:48:00,2026-07-22 08:12:35,2026-07-21 06:55:39,0,0,yes,2026-06-19 02:14:36,10.0,Mon|Tue|Wed|Thu|Fri|Sat|Sun,evening,5.0,2026-07-18,yes,no,0,3,,,0,21,True,True,NYC,False
u_104613,Sacramento,2026-06-19 01:14:35,friend_family,35-44,en,phone,not_started,0,,,,2026-06-20 14:13:44,2026-06-19 01:14:35,0,0,no,,,,,,,,no,0,0,,,0,0,False,False,Sacramento,False
u_103008,NYC,2026-06-19 01:41:32,friend_family,25-34,en,phone,course_complete,21,2026-06-29 17:07:00,2026-07-26 19:08:00,2026-07-26 19:08:00,2026-07-29 10:38:11,2026-07-27 16:49:43,0,0,yes,2026-06-19 02:43:32,7.0,Mon|Thu|Fri|Sat|Sun,evening,2.8,2026-08-05,yes,yes,4,1,,,0,21,True,True,NYC,False
u_104475,Sacramento,2026-06-19 04:12:02,parole_probation_officer,25-34,en,shared_computer,permit_passed,21,2026-06-19 06:08:44,2026-07-19 20:00:00,2026-07-19 20:00:00,2026-07-28 05:58:44,2026-07-27 23:43:48,0,0,yes,2026-06-19 04:30:02,7.0,Tue|Wed|Thu|Fri|Sat,evening,2.7,2026-07-17,unsure,yes,1,3,2026-07-27,passed,1,21,True,True,Sacramento,False
u_102583,NYC,2026-06-19 04:23:23,friend_family,25-34,en,laptop,course_complete,21,2026-06-19 07:07:19,2026-07-26 12:41:00,2026-07-26 12:41:00,2026-08-03 19:43:33,2026-07-30 21:48:10,0,0,yes,2026-06-19 05:07:23,3.0,Mon|Wed,afternoon,2.8,,no,no,0,1,,,0,21,True,True,NYC,False
u_104299,Sacramento,2026-06-19 06:27:07,reentry_org,45-54,en,laptop,course_complete,21,2026-06-19 08:59:47,2026-07-05 11:47:00,2026-07-05 11:47:00,2026-07-16 14:55:04,2026-07-16 05:40:01,0,0,no,,,,,,,,no,0,1,,,0,21,True,True,Sacramento,False
u_103684,NYC,2026-06-19 07:26:53,paid_social,45-54,en,laptop,not_started,0,,,,2026-06-22 00:23:03,2026-06-19 07:26:53,0,0,yes,2026-06-19 07:35:53,10.0,Mon|Tue|Wed|Thu|Fri|Sat|Sun,morning,4.5,2026-07-13,yes,yes,0,0,,,0,0,False,False,NYC,False
u_103278,NYC,2026-06-19 08:02:22,workforce_center,35-44,en,tablet,not_started,0,,,,2026-06-22 22:06:39,2026-06-19 21:18:52,0,0,yes,2026-06-19 08:46:22,5.0,Mon|Tue|Wed,late_night,2.3,2026-08-13,yes,yes,0,0,,,0,0,False,False,NYC,False
u_103210,NYC,2026-06-19 09:04:29,parole_probation_officer,35-44,en,laptop,course_complete,21,2026-06-20 11:00:00,2026-08-07 11:37:00,2026-08-07 11:37:00,2026-08-10 20:12:31,2026-08-08 09:12:29,0,0,yes,2026-06-19 10:11:29,5.0,Tue|Thu|Sun,morning,2.0,2026-07-25,yes,no,0,1,,,0,21,True,True,NYC,False
u_103721,NYC,2026-06-19 11:15:55,reentry_org,18-24,en,phone,not_started,0,,,,2026-06-19 23:29:12,2026-06-19 11:15:55,0,0,no,,,,,,,,no,0,0,,,0,0,False,False,NYC,False
u_100666,NYC,2026-06-19 13:44:34,paid_social,25-34,en,phone,not_started,0,,,,2026-06-20 17:06:54,2026-06-19 13:44:34,0,0,yes,2026-06-19 13:56:34,10.0,Mon|Tue|Wed|Thu|Fri|Sat|Sun,morning,4.3,2026-07-23,yes,no,0,0,,,0,0,False,False,NYC,False
u_104349,Sacramento,2026-06-19 15:44:43,reentry_org,25-34,en,phone,inactive,3,2026-06-19 16:01:11,2026-06-20 11:04:00,,2026-06-22 02:13:38,2026-06-19 15:44:43,0,0,no,,,,,,,,no,0,0,,,0,3,True,False,Sacramento,False
u_101938,NYC,2026-06-19 17:55:16,paid_social,25-34,en,laptop,not_started,0,,,,2026-06-21 03:59:41,2026-06-19 17:55:16,0,0,yes,2026-06-19 19:00:16,3.0,Wed|Fri,evening,1.4,2026-09-01,yes,yes,0,0,,,0,0,False,False,NYC,False
u_102218,NYC,2026-06-19 19:43:14,workforce_center,35-44,es,laptop,permit_passed,21,2026-07-01 18:01:00,2026-08-04 19:33:00,2026-08-04 19:33:00,2026-08-21 15:33:00,2026-08-16 10:07:02,0,0,yes,2026-06-19 19:58:14,7.0,Tue|Wed|Thu|Sat|Sun,evening,3.1,,yes,yes,0,2,2026-08-21,passed,1,21,True,True,NYC,False
u_101964,NYC,2026-06-19 19:44:23,friend_family,18-24,en,laptop,inactive,2,2026-06-25 20:48:00,2026-06-27 21:16:00,,2026-06-30 08:49:56,2026-06-29 00:08:58,0,0,yes,2026-06-19 20:03:23,3.0,Wed|Fri,evening,2.3,2026-08-19,yes,no,0,0,,,0,2,True,False,NYC,False
u_102411,NYC,2026-06-19 22:12:55,reentry_org,35-44,en,shared_computer,not_started,0,,,,2026-06-23 06:19:10,2026-06-22 13:14:40,0,0,no,,,,,,,,no,0,0,,,0,0,False,False,NYC,False
u_100490,NYC,2026-06-19 23:37:57,reentry_org,25-34,en,phone,inactive,4,2026-06-30 21:12:00,2026-07-05 21:17:00,,2026-07-06 00:33:35,2026-07-05 03:41:37,0,0,yes,2026-06-20 00:08:57,5.0,Tue|Thu|Fri,evening,2.3,2026-07-27,yes,yes,4,1,,,0,4,True,False,NYC,False
u_100747,NYC,2026-06-20 01:15:07,friend_family,35-44,en,phone,permit_passed,21,2026-06-20 01:38:44,2026-07-24 18:54:00,2026-07-24 18:54:00,2026-08-26 15:54:00,2026-07-25 22:19:00,0,0,yes,2026-06-20 01:42:07,5.0,Tue|Wed|Fri,evening,3.1,2026-08-16,no,no,0,1,2026-08-26,passed,1,21,True,True,NYC,False
u_102483,NYC,2026-06-20 01:16:45,parole_probation_officer,45-54,en,tablet,permit_passed,21,2026-06-20 04:05:18,2026-07-20 10:30:00,2026-07-20 10:30:00,2026-08-05 15:30:00,2026-07-27 01:39:17,0,0,no,,,,,,,,no,0,2,2026-08-05,passed,1,21,True,True,NYC,False
u_103583,NYC,2026-06-20 02:00:13,reentry_org,18-24,en,phone,inactive,3,2026-06-20 02:16:51,2026-06-24 17:31:00,,2026-06-27 16:41:10,2026-06-25 05:14:50,0,0,no,,,,,,,,no,0,0,,,0,3,True,False,NYC,False
u_105209,Sacramento,2026-06-20 02:00:40,paid_social,25-34,en,phone,inactive,3,2026-06-20 13:43:33,2026-06-22 14:12:00,,2026-06-23 22:59:44,2026-06-23 15:45:10,0,0,no,,,,,,,,no,0,2,,,0,3,True,False,Sacramento,False
u_100131,NYC,2026-06-20 04:48:00,friend_family,45-54,en,phone,permit_passed,21,2026-06-29 19:36:00,2026-08-05 19:19:00,2026-08-05 19:19:00,2026-08-29 15:19:00,2026-08-11 20:13:30,0,0,no,,,,,,,,yes,3,2,2026-08-29,passed,1,21,True,True,NYC,False
u_105197,Sacramento,2026-06-20 06:38:28,reentry_org,25-34,en,phone,not_started,0,,,,2026-06-24 06:21:14,2026-06-23 11:40:39,0,0,yes,2026-06-20 07:30:28,3.0,Mon|Fri,evening,2.2,2026-08-20,no,no,0,0,,,0,0,False,False,Sacramento,False
u_100624,NYC,2026-06-20 06:56:37,parole_probation_officer,35-44,en,phone,inactive,1,2026-06-22 13:30:00,2026-06-22 13:30:00,,2026-06-24 20:33:39,2026-06-21 21:00:15,0,0,no,,,,,,,,no,0,0,,,0,1,True,False,NYC,False
u_101455,NYC,2026-06-20 09:13:44,paid_social,35-44,en,phone,course_complete,21,2026-06-20 09:34:29,2026-07-10 09:40:00,2026-07-10 09:40:00,2026-07-17 12:53:17,2026-07-16 09:54:30,0,0,yes,2026-06-20 09:16:44,7.0,Mon|Tue|Wed|Thu|Sun,morning,3.1,2026-07-24,unsure,yes,3,2,,,0,21,True,True,NYC,False
u_105125,Sacramento,2026-06-20 09:40:57,reentry_org,25-34,en,laptop,course_complete,21,2026-06-25 16:33:00,2026-07-29 14:10:00,2026-07-29 14:10:00,2026-07-30 03:23:14,2026-07-26 20:56:42,0,0,no,,,,,,,,yes,0,1,,,0,21,True,True,Sacramento,False
u_100085,NYC,2026-06-20 09:58:46,paid_social,35-44,en,phone,inactive,1,2026-06-25 06:08:00,2026-06-25 06:08:00,,2026-06-26 00:13:48,2026-06-24 18:52:43,0,0,no,,,,,,,,yes,1,0,,,0,1,True,False,NYC,False
u_105290,Sacramento,2026-06-20 10:15:17,workforce_center,18-24,en,phone,course_complete,21,2026-06-20 10:32:45,2026-07-16 10:58:00,2026-07-16 10:58:00,2026-07-22 17:58:57,2026-07-21 05:49:14,0,0,no,,,,,,,,no,0,1,,,0,21,True,True,Sacramento,False
u_101548,NYC,2026-06-20 11:04:49,paid_social,35-44,es,laptop,withdrawn,0,,,,2026-06-20 20:14:40,2026-06-20 11:04:49,0,0,no,,,,,,,,no,0,0,,,0,0,False,False,NYC,False
u_103091,NYC,2026-06-20 11:18:27,workforce_center,25-34,en,phone,not_started,0,,,,2026-06-23 06:16:30,2026-06-21 05:18:53,0,0,yes,2026-06-20 12:06:27,3.0,Tue|Sun,evening,2.1,,unsure,no,0,0,,,0,0,False,False,NYC,False
u_100005,NYC,2026-06-20 11:29:55,parole_probation_officer,45-54,en,phone,inactive,1,2026-06-20 11:47:36,2026-06-20 11:47:36,,2026-06-24 22:30:17,2026-06-24 17:33:34,0,0,yes,2026-06-20 12:32:55,7.0,Mon|Tue|Wed|Thu|Sat,evening,4.4,2026-08-08,yes,yes,3,1,,,0,1,True,False,NYC,False
u_104378,Sacramento,2026-06-20 12:39:56,workforce_center,18-24,es,laptop,inactive,2,2026-06-25 06:41:00,2026-07-04 10:45:00,,2026-07-07 10:45:33,2026-07-06 23:49:11,0,0,yes,2026-06-20 12:45:56,3.0,Fri|Sat,morning,1.6,2026-08-31,yes,no,0,0,,,0,2,True,False,Sacramento,False
u_100397,NYC,2026-06-20 12:53:29,reentry_org,45-54,en,phone,inactive,1,2026-06-22 07:13:00,2026-06-22 07:13:00,,2026-06-22 17:37:51,2026-06-20 21:49:39,0,0,yes,2026-06-20 13:46:29,5.0,Mon|Tue|Sat,morning,2.0,2026-08-04,unsure,no,0,0,,,0,1,True,False,NYC,False
u_103354,NYC,2026-06-20 13:33:45,friend_family,35-44,en,phone,inactive,3,2026-06-21 18:00:00,2026-06-26 21:53:00,,2026-06-30 08:15:52,2026-06-29 00:30:00,0,0,yes,2026-06-20 13:43:45,5.0,Tue|Fri|Sat,evening,2.0,,no,no,0,1,,,0,3,True,False,NYC,False
u_104725,Sacramento,2026-06-20 13:35:20,paid_social,25-34,en,phone,not_started,0,,,,2026-06-23 12:31:33,2026-06-20 13:35:20,0,0,yes,2026-06-20 14:05:20,5.0,Thu|Sat|Sun,late_night,2.8,2026-07-26,no,no,0,0,,,0,0,False,False,Sacramento,False
u_104930,Sacramento,2026-06-20 16:06:35,reentry_org,45-54,en,laptop,permit_passed,21,2026-07-01 23:38:00,2026-08-20 23:06:00,2026-08-20 23:06:00,2026-09-06 15:06:00,2026-08-30 06:40:09,0,0,yes,2026-06-20 16:16:35,5.0,Mon|Tue|Thu,late_night,2.1,2026-08-11,yes,yes,0,2,2026-09-06,passed,1,21,True,True,Sacramento,False
u_105729,Boston,2026-06-20 18:04:58,reentry_org,35-44,en,laptop,not_started,0,,,,2026-06-23 15:43:19,2026-06-23 14:18:13,0,0,yes,2026-06-20 18:12:58,5.0,Mon|Wed|Sun,afternoon,2.5,2026-08-06,yes,yes,0,0,,,0,0,False,False,Boston,False
u_104053,Sacramento,2026-06-20 18:44:17,parole_probation_officer,25-34,es,phone,permit_passed,21,2026-06-21 18:33:00,2026-08-04 17:58:00,2026-08-04 17:58:00,2026-08-22 15:58:00,2026-08-08 16:27:40,0,0,yes,2026-06-20 19:31:17,3.0,Mon|Thu,evening,1.6,2026-08-15,no,no,0,1,2026-08-22,passed,1,21,True,True,Sacramento,False
u_100199,NYC,2026-06-20 21:23:07,parole_probation_officer,18-24,en,phone,inactive,1,2026-06-22 18:01:00,2026-06-22 18:01:00,,2026-06-26 06:05:59,2026-06-24 03:16:26,0,0,yes,2026-06-20 22:09:07,3.0,Tue|Sun,evening,1.7,2026-08-15,yes,yes,3,1,,,0,1,True,False,NYC,False
u_105497,Boston,2026-06-20 22:33:20,reentry_org,18-24,es,phone,course_complete,21,2026-06-24 16:42:00,2026-07-23 16:07:00,2026-07-23 16:07:00,2026-07-23 22:00:26,2026-07-15 23:47:50,0,0,yes,2026-06-20 23:41:20,7.0,Tue|Wed|Thu|Sat|Sun,afternoon,4.6,2026-08-02,yes,no,0,1,,,0,21,True,True,Boston,False
u_100241,NYC,2026-06-21 00:02:54,reentry_org,18-24,en,phone,permit_passed,21,2026-06-23 19:31:00,2026-07-22 17:45:00,2026-07-22 17:45:00,2026-08-18 15:45:00,2026-08-01 01:02:03,0,0,yes,2026-06-21 00:31:54,5.0,Thu|Sat|Sun,evening,3.7,2026-08-12,yes,yes,4,2,2026-08-18,passed,1,21,True,True,NYC,False
u_102618,NYC,2026-06-21 02:25:18,reentry_org,25-34,en,tablet,not_started,0,,,,2026-06-22 12:52:38,2026-06-21 02:25:18,0,0,yes,2026-06-21 03:31:18,5.0,Tue|Fri|Sat,afternoon,3.2,2026-08-10,yes,yes,0,0,,,0,0,False,False,NYC,False
u_103367,NYC,2026-06-21 05:30:13,reentry_org,25-34,en,laptop,not_started,0,,,,2026-06-22 05:48:47,2026-06-21 05:30:13,0,0,no,,,,,,,,no,0,0,,,0,0,False,False,NYC,False
u_102074,NYC,2026-06-21 05:34:45,paid_social,25-34,en,phone,permit_scheduled,21,2026-06-24 18:07:00,2026-09-03 21:25:00,2026-09-03 21:25:00,2026-09-07 22:15:07,2026-09-06 23:48:42,0,0,yes,2026-06-21 06:30:45,3.0,Wed|Fri,evening,2.4,2026-08-29,yes,yes,2,1,2026-10-05,,0,21,True,True,NYC,False
u_100908,NYC,2026-06-21 05:44:20,reentry_org,45-54,en,phone,not_started,0,,,,2026-06-21 10:48:59,2026-06-21 05:44:20,0,0,no,,,,,,,,no,0,0,,,0,0,False,False,NYC,False
u_104638,Sacramento,2026-06-21 06:29:10,friend_family,45-54,en,laptop,not_started,0,,,,2026-06-25 17:13:39,2026-06-21 06:29:10,0,0,yes,2026-06-21 07:00:10,3.0,Fri|Sun,afternoon,2.8,2026-08-30,unsure,no,0,0,,,0,0,False,False,Sacramento,False
u_101007,NYC,2026-06-21 08:22:49,reentry_org,25-34,en,laptop,not_started,0,,,,2026-06-21 14:37:44,2026-06-21 08:22:49,0,0,no,,,,,,,,yes,0,0,,,0,0,False,False,NYC,False
u_104446,Sacramento,2026-06-21 10:51:01,reentry_org,18-24,en,laptop,permit_passed,21,2026-06-22 23:29:00,2026-07-29 22:53:00,2026-07-29 22:53:00,2026-08-12 02:42:09,2026-08-10 15:14:16,0,0,yes,2026-06-21 12:01:01,7.0,Mon|Tue|Wed|Thu|Sat,late_night,3.0,2026-08-08,yes,no,0,2,2026-08-03,passed,1,21,True,True,Sacramento,False
u_100693,NYC,2026-06-21 13:28:50,paid_social,18-24,en,laptop,not_started,0,,,,2026-06-21 23:41:01,2026-06-21 13:28:50,0,0,no,,,,,,,,no,0,0,,,0,0,False,False,NYC,False
u_101597,NYC,2026-06-21 14:55:07,friend_family,25-34,en,laptop,inactive,20,2026-06-21 17:18:58,2026-07-18 11:35:00,,2026-07-20 20:12:56,2026-07-19 20:25:49,0,0,no,,,,,,,,no,0,3,,,0,20,True,False,NYC,False
u_101187,NYC,2026-06-21 17:43:21,reentry_org,18-24,en,phone,course_complete,21,2026-06-21 18:06:23,2026-07-28 20:04:00,2026-07-28 20:04:00,2026-07-31 19:49:25,2026-07-29 12:11:56,0,0,no,,,,,,,,yes,1,2,,,0,21,True,True,NYC,False
u_100103,NYC,2026-06-21 19:05:02,friend_family,45-54,es,phone,course_complete,21,2026-06-22 21:56:00,2026-07-23 21:59:00,2026-07-23 21:59:00,2026-08-18 07:29:15,2026-08-17 18:15:54,0,0,yes,2026-06-21 19:56:02,5.0,Mon|Fri|Sat,evening,3.7,2026-07-30,yes,no,0,2,,,0,21,True,True,NYC,False
u_103868,NYC,2026-06-21 22:25:06,friend_family,35-44,en,phone,inactive,2,2026-06-21 22:38:42,2026-06-22 10:40:00,,2026-06-29 21:03:41,2026-06-23 05:54:07,0,0,yes,2026-06-21 23:41:06,10.0,Mon|Tue|Wed|Thu|Fri|Sat|Sun,morning,4.7,2026-07-21,no,no,0,0,,,0,2,True,False,NYC,False
u_104379,Sacramento,2026-06-22 03:31:45,parole_probation_officer,45-54,en,phone,inactive,6,2026-06-22 03:47:29,2026-07-10 18:10:00,,2026-07-11 10:09:07,2026-07-06 12:54:56,0,0,yes,2026-06-22 04:04:45,7.0,Mon|Tue|Thu|Sat|Sun,evening,4.2,2026-07-22,unsure,no,0,2,,,0,6,True,False,Sacramento,False
u_104276,Sacramento,2026-06-22 06:39:03,reentry_org,18-24,en,phone,not_started,0,,,,2026-06-22 07:29:09,2026-06-22 06:39:03,0,0,yes,2026-06-22 07:15:03,3.0,Fri|Sat,evening,2.2,2026-08-25,unsure,yes,0,0,,,0,0,False,False,Sacramento,False
u_101137,NYC,2026-06-22 09:13:56,parole_probation_officer,35-44,en,phone,course_complete,21,2026-06-30 10:54:00,2026-07-14 07:54:00,2026-07-14 07:54:00,2026-07-17 05:04:10,2026-07-12 15:26:07,0,0,no,,,,,,,,yes,2,2,,,0,21,True,True,NYC,False
u_101159,NYC,2026-06-22 12:11:49,reentry_org,45-54,en,laptop,permit_scheduled,21,2026-06-22 12:47:09,2026-08-18 09:28:00,2026-08-18 09:28:00,2026-08-18 15:48:21,2026-08-05 06:34:58,0,0,yes,2026-06-22 12:59:49,3.0,Wed|Fri,morning,2.4,2026-08-20,yes,yes,6,3,2026-09-22,,0,21,True,True,NYC,False
u_104410,Sacramento,2026-06-22 12:22:08,paid_social,25-34,es,phone,course_complete,21,2026-07-02 15:25:00,2026-08-04 15:59:00,2026-08-04 15:59:00,2026-08-10 06:00:04,2026-08-06 17:50:28,0,0,no,,,,,,,,no,0,3,,,0,21,True,True,Sacramento,False
u_104956,Sacramento,2026-06-22 18:04:39,friend_family,55+,en,phone,course_complete,21,2026-06-22 18:15:36,2026-08-30 17:30:00,2026-08-30 17:30:00,2026-09-09 11:44:05,2026-09-05 18:55:03,10,0,yes,2026-06-22 18:31:39,3.0,Fri|Sun,evening,1.7,2026-08-22,no,no,0,2,,,0,21,True,True,Sacramento,False
u_103110,NYC,2026-06-22 19:11:51,reentry_org,25-34,en,phone,permit_passed,21,2026-06-23 23:02:00,2026-08-10 23:27:00,2026-08-10 23:27:00,2026-09-01 15:27:00,2026-07-31 21:31:43,0,0,yes,2026-06-22 20:00:51,7.0,Wed|Thu|Fri|Sat|Sun,late_night,3.5,,yes,yes,0,1,2026-09-01,passed,1,21,True,True,NYC,False
u_104879,Sacramento,2026-06-22 20:42:43,reentry_org,18-24,es,phone,permit_passed,21,2026-06-23 14:17:00,2026-08-04 13:46:00,2026-08-04 13:46:00,2026-08-20 15:46:00,2026-07-31 06:33:20,0,0,yes,2026-06-22 21:50:43,5.0,Wed|Fri|Sat,afternoon,2.7,2026-07-30,yes,no,0,1,2026-08-20,passed,1,21,True,True,Sacramento,False
u_102843,NYC,2026-06-22 21:05:12,friend_family,45-54,en,tablet,not_started,0,,,,2026-06-23 18:13:09,2026-06-22 21:05:12,0,0,yes,2026-06-22 22:07:12,10.0,Mon|Tue|Wed|Thu|Fri|Sat|Sun,evening,5.0,2026-07-21,yes,yes,0,0,,,0,0,False,False,NYC,False
u_100026,NYC,2026-06-22 22:00:33,paid_social,25-34,en,shared_computer,permit_passed,21,2026-06-22 22:09:39,2026-08-08 21:48:00,2026-08-08 21:48:00,2026-09-06 15:48:00,2026-08-15 01:40:18,0,0,yes,2026-06-22 22:07:33,5.0,Thu|Fri|Sun,evening,3.5,2026-07-30,yes,yes,2,1,2026-09-06,passed,1,21,True,True,NYC,False
u_100498,NYC,2026-06-22 22:03:50,friend_family,35-44,en,phone,not_started,0,,,,2026-06-27 06:37:46,2026-06-22 22:03:50,0,0,no,,,,,,,,no,0,0,,,0,0,False,False,NYC,False
u_105246,Sacramento,2026-06-22 23:17:49,reentry_org,25-34,es,phone,withdrawn,1,2026-06-24 22:42:00,2026-06-24 22:42:00,,2026-06-25 18:33:34,2026-06-22 23:17:49,0,0,no,,,,,,,,yes,0,2,,,0,1,True,False,Sacramento,False
u_105591,Boston,2026-06-23 00:25:45,reentry_org,45-54,en,shared_computer,course_complete,21,2026-06-23 01:09:20,2026-08-29 21:08:00,2026-08-29 21:08:00,2026-09-05 07:11:47,2026-08-31 22:04:58,0,0,yes,2026-06-23 00:35:45,3.0,Wed|Sun,evening,2.5,2026-08-26,yes,yes,0,2,,,0,21,True,True,Boston,False
u_103685,NYC,2026-06-23 02:40:16,reentry_org,35-44,en,laptop,not_started,0,,,,2026-06-26 00:57:49,2026-06-24 00:46:44,0,0,yes,2026-06-23 04:00:16,7.0,Mon|Wed|Thu|Sat|Sun,afternoon,3.0,2026-08-03,unsure,no,0,0,,,0,0,False,False,NYC,False
u_101767,NYC,2026-06-23 03:43:39,paid_social,18-24,en,phone,not_started,0,,,,2026-06-24 21:50:55,2026-06-23 22:06:36,0,0,no,,,,,,,,yes,0,0,,,0,0,False,False,NYC,False
u_102266,nyc,2026-06-23 05:37:26,friend_family,45-54,en,shared_computer,course_complete,21,2026-06-23 20:12:50,2026-08-02 22:21:00,2026-08-02 22:21:00,2026-08-10 18:35:16,2026-08-08 18:31:18,0,0,no,,,,,,,,yes,6,3,,,0,21,True,True,NYC,False
u_102502,NYC,2026-06-23 06:44:01,reentry_org,45-54,en,phone,not_started,0,,,,2026-06-26 14:39:34,2026-06-25 03:08:13,0,0,yes,2026-06-23 08:11:01,10.0,Mon|Tue|Wed|Thu|Fri|Sat|Sun,evening,6.0,,no,yes,0,0,,,0,0,False,False,NYC,False
u_104059,Sacramento,2026-06-23 07:12:32,reentry_org,35-44,en,shared_computer,not_started,0,,,,2026-06-23 18:22:43,2026-06-23 07:12:32,0,0,yes,2026-06-23 08:00:32,5.0,Mon|Tue|Thu,evening,3.2,2026-08-13,unsure,no,0,0,,,0,0,False,False,Sacramento,False
u_102122,NYC,2026-06-23 10:02:42,parole_probation_officer,35-44,en,shared_computer,inactive,1,2026-06-23 10:10:40,2026-06-23 10:10:40,,2026-06-24 05:57:47,2026-06-23 10:02:42,0,0,no,,,,,,,,no,0,2,,,0,1,True,False,NYC,False
u_101944,NYC,2026-06-23 10:58:42,reentry_org,45-54,es,laptop,permit_passed,21,2026-06-24 09:35:00,2026-07-17 09:19:00,2026-07-17 09:19:00,2026-08-15 15:19:00,2026-07-22 20:20:11,0,0,yes,2026-06-23 12:05:42,10.0,Mon|Tue|Wed|Thu|Fri|Sat|Sun,morning,4.9,,yes,no,0,1,2026-08-15,passed,1,21,True,True,NYC,False
u_101741,NYC,2026-06-23 17:38:41,reentry_org,35-44,en,laptop,inactive,3,2026-06-28 09:34:00,2026-07-03 10:28:00,,2026-07-05 04:44:17,2026-06-30 16:42:18,0,0,yes,2026-06-23 18:04:41,3.0,Wed|Thu,morning,2.3,2026-09-04,unsure,no,0,0,,,0,3,True,False,NYC,False
u_102276,NYC,2026-06-23 19:07:43,parole_probation_officer,35-44,en,phone,inactive,16,2026-06-27 17:35:00,2026-08-04 20:27:00,,2026-08-05 08:18:59,2026-08-04 00:13:59,0,0,yes,2026-06-23 19:24:43,5.0,Fri|Sat|Sun,evening,2.3,2026-08-17,yes,no,0,2,,,0,16,True,False,NYC,False
u_100023,NYC,2026-06-23 19:38:11,paid_social,35-44,es,phone,inactive,1,2026-06-28 22:46:00,2026-06-28 22:46:00,,2026-06-29 23:23:31,2026-06-28 14:08:40,0,0,no,,,,,,,,no,0,1,,,0,1,True,False,NYC,False
u_103425,NYC,2026-06-23 21:14:33,paid_social,25-34,en,phone,permit_failed,21,2026-06-30 06:31:00,2026-08-01 07:15:00,2026-08-01 07:15:00,2026-09-04 15:15:00,2026-08-01 23:02:04,0,0,yes,2026-06-23 22:09:33,5.0,Mon|Tue|Fri,morning,2.1,2026-08-07,unsure,no,0,2,2026-09-04,failed,1,21,True,True,NYC,False
u_105568,Boston,2026-06-23 21:34:16,paid_social,25-34,en,phone,not_started,0,,,,2026-06-24 21:54:00,2026-06-23 21:34:16,0,0,no,,,,,,,,no,0,0,,,0,0,False,False,Boston,False
u_103997,Sacramento,2026-06-23 23:25:12,paid_social,25-34,en,phone,inactive,3,2026-06-29 13:26:00,2026-07-03 12:11:00,,2026-07-14 00:00:39,2026-07-12 06:16:21,0,0,no,,,,,,,,yes,1,2,,,0,3,True,False,Sacramento,False
u_103603,NYC,2026-06-23 23:39:56,workforce_center,35-44,en,phone,inactive,3,2026-06-25 22:05:00,2026-07-05 22:39:00,,2026-07-17 00:21:31,2026-07-13 07:15:29,0,0,no,,,,,,,,no,0,2,,,0,3,True,False,NYC,False
u_104417,Sacramento,2026-06-24 01:04:10,reentry_org,25-34,en,phone,permit_passed,21,2026-06-28 16:59:00,2026-07-17 12:15:00,2026-07-17 12:15:00,2026-08-05 15:15:00,2026-07-17 01:09:05,0,0,yes,2026-06-24 02:15:10,10.0,Mon|Tue|Wed|Thu|Fri|Sat|Sun,afternoon,4.5,,yes,yes,1,1,2026-08-05,passed,2,21,True,True,Sacramento,False
u_100152,NYC,2026-06-24 02:31:22,friend_family,18-24,en,shared_computer,inactive,1,2026-06-24 02:38:24,2026-06-24 02:38:24,,2026-07-02 04:32:15,2026-07-02 03:13:18,0,0,no,,,,,,,,no,0,1,,,0,1,True,False,NYC,False
u_105737,Boston,2026-06-24 05:46:43,parole_probation_officer,18-24,en,laptop,not_started,0,,,,2026-06-26 14:43:16,2026-06-24 05:46:43,0,0,yes,2026-06-24 06:02:43,7.0,Mon|Wed|Thu|Fri|Sun,evening,3.9,,unsure,no,0,0,,,0,0,False,False,Boston,False
u_105620,Boston,2026-06-24 07:53:17,workforce_center,35-44,en,phone,inactive,1,2026-06-29 17:23:00,2026-06-29 17:23:00,,2026-06-30 10:14:04,2026-06-24 07:53:17,0,0,no,,,,,,,,no,0,2,,,0,1,True,False,Boston,False
u_103694,NYC,2026-06-24 09:04:13,paid_social,25-34,en,phone,not_started,0,,,,2026-06-25 10:27:13,2026-06-24 09:04:13,0,0,no,,,,,,,,no,0,0,,,0,0,False,False,NYC,False
u_104829,Sacramento,2026-06-24 12:37:11,paid_social,35-44,en,phone,course_complete,21,2026-06-27 18:39:00,2026-07-29 20:51:00,2026-07-29 20:51:00,2026-08-17 04:24:30,2026-08-15 00:10:07,0,0,yes,2026-06-24 13:54:11,7.0,Mon|Tue|Wed|Fri|Sat,evening,3.4,2026-08-03,unsure,no,0,2,,,0,21,True,True,Sacramento,False
u_100614,NYC,2026-06-24 13:34:19,paid_social,18-24,en,laptop,not_started,0,,,,2026-06-25 17:22:03,2026-06-24 13:34:19,0,0,no,,,,,,,,no,0,0,,,0,0,False,False,NYC,False
u_105424,Sacramento,2026-06-24 14:24:26,reentry_org,25-34,en,phone,course_complete,21,2026-06-24 14:41:08,2026-08-02 18:58:00,2026-08-02 18:58:00,2026-08-04 05:47:42,2026-08-01 10:58:21,0,0,yes,2026-06-24 14:59:26,3.0,Mon|Fri,evening,2.5,2026-08-29,no,yes,4,1,,,0,21,True,True,Sacramento,False
u_102419,NYC,2026-06-24 15:30:14,paid_social,25-34,en,laptop,course_complete,21,2026-06-25 08:25:00,2026-07-23 08:26:00,2026-07-23 08:26:00,2026-07-30 05:44:05,2026-07-10 15:28:01,0,0,yes,2026-06-24 16:06:14,5.0,Wed|Sat|Sun,morning,3.3,2026-08-04,yes,no,0,2,,,0,21,True,True,NYC,False
u_104728,Sacramento,2026-06-24 15:33:17,reentry_org,35-44,en,laptop,inactive,2,2026-06-26 23:45:00,2026-06-30 23:58:00,,2026-07-01 20:46:39,2026-07-01 08:00:11,0,0,no,,,,,,,,no,0,0,,,0,2,True,False,Sacramento,False
u_103262,NYC,2026-06-24 17:10:08,parole_probation_officer,45-54,es,laptop,inactive,2,2026-06-24 17:25:28,2026-06-26 06:52:00,,2026-06-28 05:48:53,2026-06-27 11:37:06,0,0,no,,,,,,,,no,0,2,,,0,2,True,False,NYC,False
u_105484,Boston,2026-06-24 18:17:08,parole_probation_officer,35-44,ht,laptop,inactive,10,2026-06-25 18:05:00,2026-07-13 17:19:00,,2026-07-16 07:17:34,2026-07-11 14:53:57,0,0,yes,2026-06-24 18:26:08,5.0,Mon|Tue|Thu,evening,2.1,2026-07-30,yes,no,0,2,,,0,10,True,False,Boston,False
u_104779,Sacramento,2026-06-24 18:22:35,paid_social,55+,en,phone,not_started,0,,,,2026-06-25 01:23:16,2026-06-24 18:22:35,0,0,no,,,,,,,,no,0,0,,,0,0,False,False,Sacramento,False
u_100180,NYC,2026-06-24 18:44:50,paid_social,25-34,en,laptop,permit_passed,21,2026-06-24 19:23:07,2026-07-24 20:47:00,2026-07-24 20:47:00,2026-08-07 15:47:00,2026-07-26 02:51:02,0,0,yes,2026-06-24 19:35:50,10.0,Mon|Tue|Wed|Thu|Fri|Sat|Sun,evening,5.6,,yes,no,0,2,2026-08-07,passed,1,21,True,True,NYC,False
u_101347,NYC,2026-06-24 19:19:29,parole_probation_officer,25-34,en,phone,inactive,1,2026-06-24 19:55:59,2026-06-24 19:55:59,,2026-06-25 07:37:20,2026-06-25 05:21:51,0,0,yes,2026-06-24 19:46:29,3.0,Wed|Thu,evening,1.2,2026-08-20,no,yes,1,1,,,0,1,True,False,NYC,False
u_100098,NYC,2026-06-24 20:25:10,reentry_org,18-24,en,phone,inactive,2,2026-06-24 20:49:39,2026-06-25 17:37:00,,2026-06-28 22:07:54,2026-06-24 20:25:10,0,0,yes,2026-06-24 21:54:10,5.0,Mon|Thu|Sat,evening,3.7,,no,no,0,2,,,0,2,True,False,NYC,False
u_102806,NYC,2026-06-24 22:15:23,parole_probation_officer,25-34,en,phone,course_complete,21,2026-07-01 23:17:00,2026-08-07 23:24:00,2026-08-07 23:24:00,2026-08-12 11:11:01,2026-08-10 16:35:25,0,0,yes,2026-06-24 23:26:23,7.0,Mon|Tue|Wed|Fri|Sat,late_night,3.7,2026-08-01,unsure,yes,6,3,,,0,21,True,True,NYC,False
u_103224,NYC,2026-06-24 23:55:34,reentry_org,25-34,en,laptop,permit_passed,21,2026-06-27 16:48:00,2026-07-19 12:40:00,2026-07-19 12:40:00,2026-08-06 15:40:00,2026-07-16 05:36:43,0,0,yes,2026-06-25 01:22:34,7.0,Mon|Tue|Wed|Thu|Sun,afternoon,4.0,2026-07-25,unsure,no,0,3,2026-08-06,passed,1,21,True,True,NYC,False
u_102192,NYC,2026-06-25 02:18:56,reentry_org,25-34,en,laptop,course_complete,21,2026-06-25 02:28:48,2026-09-07 17:29:00,2026-09-07 17:29:00,2026-09-15 00:46:00,2026-09-08 02:09:30,11,9,yes,2026-06-25 03:48:56,3.0,Thu|Sun,evening,2.8,,yes,no,0,1,,,0,21,True,True,NYC,False
u_105231,Sacramento,2026-06-25 02:42:31,friend_family,45-54,en,phone,course_complete,21,2026-06-28 23:53:00,2026-08-12 23:42:00,2026-08-12 23:42:00,2026-08-17 01:30:56,2026-08-15 11:18:46,0,0,no,,,,,,,,no,0,2,,,0,21,True,True,Sacramento,False
u_100819,NYC,2026-06-25 03:32:21,workforce_center,45-54,en,phone,not_started,0,,,,2026-06-25 23:09:38,2026-06-25 03:32:21,0,0,yes,2026-06-25 04:09:21,3.0,Thu|Sat,afternoon,2.8,2026-08-23,no,no,0,0,,,0,0,False,False,NYC,False
u_100866,NYC,2026-06-25 03:33:29,workforce_center,25-34,en,laptop,permit_passed,21,2026-06-25 03:55:53,2026-07-16 08:38:00,2026-07-16 08:38:00,2026-08-01 15:38:00,2026-07-19 09:09:46,0,0,no,,,,,,,,yes,6,1,2026-08-01,passed,1,21,True,True,NYC,False
u_105862,BOS,2026-06-25 05:47:04,paid_social,18-24,en,phone,inactive,1,2026-06-29 09:14:00,2026-06-29 09:14:00,,2026-07-06 21:40:40,2026-06-29 04:11:06,0,0,no,,,,,,,,no,0,2,,,0,1,True,False,Boston,False
u_105440,Sacramento,2026-06-25 05:55:16,workforce_center,35-44,en,phone,inactive,4,2026-07-07 19:20:00,2026-07-14 19:25:00,,2026-07-22 13:11:20,2026-07-22 04:29:31,0,0,yes,2026-06-25 07:04:16,10.0,Mon|Tue|Wed|Thu|Fri|Sat|Sun,evening,5.2,2026-08-03,yes,no,0,2,,,0,4,True,False,Sacramento,False
u_105832,Boston,2026-06-25 06:05:41,parole_probation_officer,25-34,en,phone,not_started,0,,,,2026-06-26 16:29:12,2026-06-25 06:05:41,0,0,yes,2026-06-25 06:17:41,7.0,Tue|Wed|Fri|Sat|Sun,late_night,2.9,2026-08-08,yes,yes,0,0,,,0,0,False,False,Boston,False
u_100996,NYC,2026-06-25 06:41:05,parole_probation_officer,18-24,en,phone,course_complete,21,2026-06-28 19:26:00,2026-07-28 21:43:00,2026-07-28 21:43:00,2026-08-03 17:01:14,2026-08-03 09:53:29,0,0,yes,2026-06-25 07:01:05,7.0,Mon|Tue|Wed|Thu|Sun,evening,3.9,2026-08-05,no,yes,0,3,,,0,21,True,True,NYC,False
u_100286,NYC,2026-06-25 09:16:04,friend_family,18-24,es,phone,inactive,2,2026-06-30 17:32:00,2026-07-05 17:44:00,,2026-07-08 01:51:39,2026-07-06 07:43:38,0,0,yes,2026-06-25 10:12:04,5.0,Mon|Sat|Sun,evening,2.5,2026-08-09,yes,no,0,1,,,0,2,True,False,NYC,False
u_105490,Boston,2026-06-25 13:53:46,paid_social,35-44,en,phone,inactive,2,2026-07-01 13:13:00,2026-07-03 13:18:00,,2026-07-10 10:13:09,2026-07-09 12:46:52,0,0,yes,2026-06-25 15:11:46,5.0,Tue|Thu|Sat,afternoon,3.1,,yes,no,0,1,,,0,2,True,False,Boston,False
u_103992,Sacramento,2026-06-25 16:27:01,parole_probation_officer,35-44,es,phone,course_complete,21,2026-06-28 23:10:00,2026-08-01 22:37:00,2026-08-01 22:37:00,2026-08-28 02:28:32,2026-08-20 12:22:46,0,0,no,,,,,,,,no,0,2,,,0,21,True,True,Sacramento,False
u_101039,NYC,2026-06-25 17:45:32,paid_social,25-34,en,phone,not_started,0,,,,2026-06-26 00:12:19,2026-06-25 17:45:32,0,0,yes,2026-06-25 18:38:32,5.0,Thu|Fri|Sat,morning,1.8,,unsure,no,0,0,,,0,0,False,False,NYC,False
u_101061,NYC,2026-06-25 18:29:01,reentry_org,25-34,en,phone,not_started,0,,,,2026-06-26 07:03:10,2026-06-25 18:29:01,0,0,no,,,,,,,,yes,0,0,,,0,0,False,False,NYC,False
u_100174,NYC,2026-06-25 18:50:00,reentry_org,25-34,en,phone,permit_passed,21,2026-06-27 20:49:00,2026-07-24 18:27:00,2026-07-24 18:27:00,2026-08-11 15:27:00,2026-07-24 20:06:31,0,0,no,,,,,,,,yes,3,1,2026-08-11,passed,1,21,True,True,NYC,False
u_104898,Sacramento,2026-06-25 22:19:06,reentry_org,18-24,en,phone,inactive,1,2026-06-30 18:37:00,2026-06-30 18:37:00,,2026-07-07 22:46:01,2026-07-03 09:42:36,0,0,no,,,,,,,,yes,0,1,,,0,1,True,False,Sacramento,False
u_103145,NYC,2026-06-26 02:20:46,friend_family,25-34,en,phone,course_complete,21,2026-06-26 04:57:14,2026-07-18 19:34:00,2026-07-18 19:34:00,2026-07-19 23:14:01,2026-07-18 06:28:54,0,0,yes,2026-06-26 03:12:46,7.0,Mon|Tue|Wed|Fri|Sun,evening,3.1,2026-08-13,yes,yes,1,1,,,0,21,True,True,NYC,False
u_105078,Sacramento,2026-06-26 06:13:01,parole_probation_officer,25-34,en,tablet,permit_passed,21,2026-06-26 06:47:27,2026-08-14 22:49:00,2026-08-14 22:49:00,2026-08-27 15:49:00,2026-08-15 14:36:34,0,0,yes,2026-06-26 07:25:01,5.0,Mon|Wed|Sun,late_night,3.0,2026-08-13,yes,no,0,1,2026-08-27,passed,1,21,True,True,Sacramento,False
u_102830,NYC,2026-06-26 10:41:35,paid_social,25-34,en,phone,not_started,0,,,,2026-06-28 02:49:12,2026-06-26 10:41:35,0,0,no,,,,,,,,no,0,0,,,0,0,False,False,NYC,False
u_104395,Sacramento,2026-06-26 12:40:22,paid_social,35-44,en,phone,not_started,0,,,,2026-06-29 10:15:23,2026-06-29 02:36:58,0,0,yes,2026-06-26 13:51:22,7.0,Mon|Tue|Wed|Thu|Sat,late_night,4.2,,unsure,no,0,0,,,0,0,False,False,Sacramento,False
u_103609,NYC,2026-06-26 13:44:14,reentry_org,45-54,en,shared_computer,inactive,2,2026-06-27 09:36:00,2026-07-01 07:24:00,,2026-07-03 07:40:50,2026-06-26 13:44:14,0,0,yes,2026-06-26 14:51:14,7.0,Tue|Wed|Thu|Fri|Sun,morning,3.8,,no,no,0,0,,,0,2,True,False,NYC,False
u_102842,NYC,2026-06-26 14:07:56,parole_probation_officer,45-54,es,phone,inactive,1,2026-06-26 14:49:53,2026-06-26 14:49:53,,2026-06-27 07:13:48,2026-06-26 14:07:56,0,0,no,,,,,,,,yes,4,2,,,0,1,True,False,NYC,False
u_105369,Sacramento,2026-06-26 14:30:32,paid_social,18-24,es,laptop,inactive,4,2026-06-26 15:07:30,2026-07-06 20:10:00,,2026-07-09 01:11:41,2026-07-05 21:03:43,0,0,yes,2026-06-26 14:50:32,7.0,Mon|Tue|Wed|Fri|Sun,evening,3.7,,yes,no,0,2,,,0,4,True,False,Sacramento,False
u_101832,NYC,2026-06-26 18:05:37,paid_social,55+,en,phone,inactive,3,2026-06-27 10:47:00,2026-07-02 06:09:00,,2026-07-03 11:54:57,2026-06-30 23:17:02,0,0,no,,,,,,,,no,0,1,,,0,3,True,False,NYC,False
u_103005,nyc,2026-06-26 19:57:13,workforce_center,25-34,en,phone,permit_passed,21,2026-06-27 23:18:00,2026-08-09 22:36:00,2026-08-09 22:36:00,2026-08-28 15:36:00,2026-08-05 17:05:54,0,0,yes,2026-06-26 20:24:13,5.0,Wed|Thu|Sat,late_night,2.5,,unsure,yes,6,2,2026-08-28,passed,1,21,True,True,NYC,False
u_100847,NYC,2026-06-26 21:10:53,parole_probation_officer,25-34,es,phone,inactive,3,2026-06-26 21:28:00,2026-06-30 22:32:00,,2026-07-04 08:05:08,2026-07-01 04:51:08,0,0,yes,2026-06-26 21:46:53,5.0,Wed|Fri|Sun,late_night,2.0,,yes,no,0,2,,,0,3,True,False,NYC,False
u_101001,NYC,2026-06-26 21:21:35,paid_social,18-24,en,phone,not_started,0,,,,2026-06-29 05:37:01,2026-06-26 21:21:35,0,0,yes,2026-06-26 21:29:35,3.0,Mon|Sat,evening,1.7,2026-09-08,yes,no,0,0,,,0,0,False,False,NYC,False
u_100017,NYC,2026-06-26 21:54:58,reentry_org,35-44,en,shared_computer,inactive,2,2026-06-26 22:26:48,2026-06-28 12:51:00,,2026-06-29 01:44:42,2026-06-26 21:54:58,0,0,no,,,,,,,,no,0,0,,,0,2,True,False,NYC,False
u_103277,NYC,2026-06-27 02:01:40,parole_probation_officer,25-34,en,phone,inactive,3,2026-06-28 19:39:00,2026-07-02 19:37:00,,2026-07-06 13:14:48,2026-07-04 09:21:10,0,0,no,,,,,,,,yes,0,2,,,0,3,True,False,NYC,False
u_103093,NYC,2026-06-27 02:51:31,friend_family,25-34,es,phone,permit_passed,21,2026-06-27 03:10:53,2026-08-08 20:58:00,2026-08-08 20:58:00,2026-08-27 15:58:00,2026-07-30 06:52:28,0,0,yes,2026-06-27 04:06:31,7.0,Mon|Wed|Thu|Fri|Sun,evening,4.1,,unsure,yes,4,2,2026-08-27,passed,1,21,True,True,NYC,False
u_104404,Sacramento,2026-06-27 03:32:34,reentry_org,18-24,en,phone,inactive,3,2026-06-28 07:33:00,2026-07-01 10:16:00,,2026-07-04 22:34:51,2026-07-03 08:30:16,0,0,yes,2026-06-27 03:43:34,5.0,Mon|Thu|Sat,morning,2.3,,yes,no,0,0,,,0,3,True,False,Sacramento,False
u_103867,NYC,2026-06-27 04:09:28,reentry_org,25-34,en,phone,not_started,0,,,,2026-06-30 12:42:24,2026-06-27 04:09:28,0,0,no,,,,,,,,yes,0,0,,,0,0,False,False,NYC,False
u_105804,Boston,2026-06-27 04:15:47,paid_social,18-24,ht,phone,inactive,10,2026-07-02 16:05:00,2026-07-16 15:57:00,,2026-07-21 23:23:21,2026-07-10 01:37:23,0,0,no,,,,,,,,yes,2,2,,,0,10,True,False,Boston,False
u_100003,NYC,2026-06-27 06:45:19,paid_social,25-34,en,phone,inactive,4,2026-07-07 21:04:00,2026-07-21 17:12:00,,2026-07-21 23:59:51,2026-07-09 07:39:08,0,0,yes,2026-06-27 07:14:19,5.0,Mon|Fri|Sat,evening,2.5,,yes,no,0,0,,,0,4,True,False,NYC,False
u_100868,NYC,2026-06-27 06:52:54,workforce_center,35-44,en,laptop,not_started,0,,,,2026-06-27 09:25:11,2026-06-27 06:52:54,0,0,yes,2026-06-27 08:09:54,5.0,Tue|Thu|Sun,evening,3.0,2026-08-21,yes,no,0,0,,,0,0,False,False,NYC,False
u_104230,Sacramento,2026-06-27 07:11:11,reentry_org,35-44,en,shared_computer,not_started,0,,,,2026-06-27 21:35:14,2026-06-27 07:11:11,0,0,no,,,,,,,,no,0,0,,,0,0,False,False,Sacramento,False
u_104824,Sacramento,2026-06-27 08:23:22,reentry_org,55+,en,tablet,inactive,1,2026-06-27 09:29:21,2026-06-27 09:29:21,,2026-07-14 11:44:52,2026-07-14 11:09:38,0,0,yes,2026-06-27 09:14:22,10.0,Mon|Tue|Wed|Thu|Fri|Sat|Sun,morning,4.9,2026-08-06,yes,no,0,1,,,0,1,True,False,Sacramento,False
u_104521,Sacramento,2026-06-27 08:39:07,parole_probation_officer,25-34,en,phone,not_started,0,,,,2026-06-28 19:38:22,2026-06-27 08:39:07,0,0,no,,,,,,,,yes,0,0,,,0,0,False,False,Sacramento,False
u_101401,NYC,2026-06-27 09:41:08,paid_social,35-44,en,laptop,permit_passed,21,2026-06-28 08:36:00,2026-08-05 07:53:00,2026-08-05 07:53:00,2026-09-02 15:53:00,2026-08-07 11:41:34,0,0,yes,2026-06-27 11:07:08,3.0,Thu|Fri,morning,2.7,2026-08-27,yes,no,0,1,2026-09-02,passed,1,21,True,True,NYC,False
u_105434,Sacramento,2026-06-27 10:02:02,friend_family,18-24,en,phone,permit_passed,21,2026-06-27 10:18:29,2026-07-21 09:17:00,2026-07-21 09:17:00,2026-08-17 20:00:04,2026-08-08 13:50:05,0,0,yes,2026-06-27 10:09:02,7.0,Mon|Tue|Wed|Thu|Sat,morning,2.9,,unsure,no,0,2,2026-07-30,passed,1,21,True,True,Sacramento,False
u_100543,NYC,2026-06-27 10:20:39,parole_probation_officer,25-34,en,phone,inactive,3,2026-06-30 18:10:00,2026-07-15 20:05:00,,2026-07-16 19:39:38,2026-07-16 17:15:16,0,0,no,,,,,,,,no,0,2,,,0,3,True,False,NYC,False
u_105752,Boston,2026-06-27 12:50:58,parole_probation_officer,25-34,en,phone,permit_passed,21,2026-06-27 13:33:47,2026-08-01 21:44:00,2026-08-01 21:44:00,2026-08-23 15:44:00,2026-08-05 19:54:27,0,0,yes,2026-06-27 13:58:58,5.0,Mon|Wed|Sun,evening,3.5,2026-08-08,yes,yes,2,2,2026-08-23,passed,1,21,True,True,Boston,False
u_101573,NYC,2026-06-27 14:50:54,friend_family,45-54,en,laptop,course_complete,21,2026-06-30 20:20:00,2026-08-13 17:23:00,2026-08-13 17:23:00,2026-08-16 13:23:16,2026-08-15 12:51:00,0,0,yes,2026-06-27 14:54:54,5.0,Tue|Wed|Fri,evening,2.1,,unsure,no,0,2,,,0,21,True,True,NYC,False
u_101751,NYC,2026-06-27 16:17:22,parole_probation_officer,25-34,en,laptop,course_complete,21,2026-06-29 23:58:00,2026-08-23 22:45:00,2026-08-23 22:45:00,2026-08-26 03:14:19,2026-08-21 16:20:57,0,0,yes,2026-06-27 17:28:22,3.0,Tue|Fri,late_night,1.6,2026-09-07,no,yes,2,3,,,0,21,True,True,NYC,False
u_104585,Sacramento,2026-06-27 20:08:14,reentry_org,25-34,en,phone,inactive,1,2026-06-28 22:33:00,2026-06-28 22:33:00,,2026-06-30 01:54:45,2026-06-27 20:08:14,0,0,no,,,,,,,,no,0,2,,,0,1,True,False,Sacramento,False
u_103102,NYC,2026-06-27 20:15:17,paid_social,35-44,en,laptop,inactive,3,2026-06-29 17:27:00,2026-07-06 21:26:00,,2026-07-07 20:59:47,2026-07-05 01:23:23,0,0,no,,,,,,,,no,0,1,,,0,3,True,False,NYC,False
u_102119,NYC,2026-06-27 20:46:31,paid_social,25-34,es,phone,not_started,0,,,,2026-06-29 21:06:02,2026-06-28 18:53:28,0,0,no,,,,,,,,yes,0,0,,,0,0,False,False,NYC,False
u_100493,NYC,2026-06-27 21:14:59,paid_social,25-34,en,phone,not_started,0,,,,2026-06-29 00:03:16,2026-06-27 22:43:02,0,0,yes,2026-06-27 21:19:59,3.0,Thu|Sun,evening,1.5,2026-08-23,yes,no,0,0,,,0,0,False,False,NYC,False
u_103051,NYC,2026-06-27 23:07:47,paid_social,35-44,en,phone,inactive,1,2026-06-27 23:28:51,2026-06-27 23:28:51,,2026-06-29 21:08:03,2026-06-27 23:07:47,0,0,yes,2026-06-28 00:37:47,5.0,Tue|Thu|Sat,evening,2.6,2026-08-23,yes,no,0,1,,,0,1,True,False,NYC,False
u_102454,NYC,2026-06-28 01:56:16,paid_social,25-34,en,phone,not_started,0,,,,2026-06-29 08:23:19,2026-06-29 07:05:28,0,0,yes,2026-06-28 02:35:16,5.0,Thu|Fri|Sat,evening,2.6,2026-08-09,yes,yes,0,0,,,0,0,False,False,NYC,False
u_103705,NYC,2026-06-28 03:26:18,reentry_org,35-44,en,phone,inactive,1,2026-06-28 18:00:45,2026-06-28 18:00:45,,2026-06-30 05:35:18,2026-06-28 03:26:18,0,0,yes,2026-06-28 03:42:18,5.0,Wed|Fri|Sat,evening,2.8,2026-08-07,unsure,no,0,1,,,0,1,True,False,NYC,False
u_104700,Sacramento,2026-06-28 03:31:48,friend_family,35-44,es,phone,inactive,1,2026-07-08 07:33:00,2026-07-08 07:33:00,,2026-07-17 14:40:17,2026-07-16 08:42:47,0,0,yes,2026-06-28 04:37:48,3.0,Mon|Wed,morning,2.4,2026-09-13,no,no,0,1,,,0,1,True,False,Sacramento,False
u_100815,NYC,2026-06-28 05:04:44,reentry_org,55+,en,phone,not_started,0,,,,2026-06-30 04:55:31,2026-06-28 05:04:44,0,0,yes,2026-06-28 05:20:44,10.0,Mon|Tue|Wed|Thu|Fri|Sat|Sun,morning,4.3,2026-08-05,unsure,no,0,0,,,0,0,False,False,NYC,False
u_103807,NYC,2026-06-28 06:03:18,friend_family,35-44,en,phone,not_started,0,,,,2026-07-01 13:24:07,2026-06-28 17:59:06,0,0,yes,2026-06-28 06:12:18,5.0,Thu|Fri|Sat,morning,2.6,2026-08-07,yes,no,0,0,,,0,0,False,False,NYC,False
u_101441,NYC,2026-06-28 07:07:04,friend_family,25-34,es,tablet,not_started,0,,,,2026-06-28 22:32:42,2026-06-28 07:07:04,0,0,no,,,,,,,,no,0,0,,,0,0,False,False,NYC,False
u_101376,NYC,2026-06-28 10:28:19,parole_probation_officer,25-34,en,phone,not_started,0,,,,2026-06-29 11:31:08,2026-06-29 08:26:36,0,0,no,,,,,,,,no,0,0,,,0,0,False,False,NYC,False
u_103422,NYC,2026-06-28 10:45:05,paid_social,25-34,en,phone,in_progress,19,2026-06-28 11:14:08,2026-09-10 17:37:00,,2026-09-12 02:49:21,2026-09-11 12:48:09,40,0,yes,2026-06-28 12:13:05,3.0,Wed|Fri,afternoon,1.6,2026-08-25,yes,no,0,3,,,0,19,True,False,NYC,False
u_105177,Sacramento,2026-06-28 15:22:03,reentry_org,55+,en,phone,inactive,1,2026-07-05 19:11:00,2026-07-05 19:11:00,,2026-07-07 05:40:42,2026-07-06 22:51:12,0,0,yes,2026-06-28 15:26:03,3.0,Wed|Thu,evening,2.8,2026-09-09,yes,no,0,1,,,0,1,True,False,Sacramento,False
u_105459,Boston,2026-06-28 16:23:12,paid_social,35-44,en,phone,inactive,3,2026-06-28 16:57:07,2026-07-04 13:21:00,,2026-07-08 03:46:25,2026-07-04 07:40:14,0,0,no,,,,,,,,no,0,0,,,0,3,True,False,Boston,False
u_104300,Sacramento,2026-06-28 18:53:43,reentry_org,25-34,es,phone,inactive,4,2026-06-29 07:54:00,2026-07-16 06:48:00,,2026-07-21 10:41:35,2026-07-06 20:39:53,0,0,no,,,,,,,,no,0,1,,,0,4,True,False,Sacramento,False
u_103808,NYC,2026-06-28 18:57:46,reentry_org,18-24,en,phone,inactive,1,2026-06-28 19:35:17,2026-06-28 19:35:17,,2026-07-01 15:45:46,2026-06-29 12:29:30,0,0,no,,,,,,,,no,0,2,,,0,1,True,False,NYC,False
u_104782,Sacramento,2026-06-28 19:13:50,workforce_center,45-54,en,tablet,inactive,1,2026-07-01 23:29:00,2026-07-01 23:29:00,,2026-07-06 06:42:03,2026-07-03 18:21:41,0,0,no,,,,,,,,no,0,1,,,0,1,True,False,Sacramento,False
u_102922,NYC,2026-06-28 19:30:44,friend_family,35-44,es,phone,not_started,0,,,,2026-06-29 08:23:23,2026-06-28 19:30:44,0,0,no,,,,,,,,no,0,0,,,0,0,False,False,NYC,False
u_100895,NYC,2026-06-29 03:08:26,workforce_center,25-34,en,laptop,not_started,0,,,,2026-06-30 20:42:06,2026-06-29 03:08:26,0,0,no,,,,,,,,no,0,0,,,0,0,False,False,NYC,False
u_102430,NYC,2026-06-29 06:15:17,workforce_center,35-44,en,laptop,course_complete,21,2026-06-30 20:25:00,2026-08-17 20:25:00,2026-08-17 20:25:00,2026-08-28 06:22:38,2026-08-20 22:23:13,0,0,yes,2026-06-29 06:28:17,3.0,Thu|Fri,evening,2.2,2026-09-02,unsure,no,0,2,,,0,21,True,True,NYC,False
u_104002,Sacramento,2026-06-29 06:20:18,workforce_center,45-54,es,phone,inactive,3,2026-07-10 13:47:00,2026-07-12 13:29:00,,2026-07-13 19:48:20,2026-07-08 08:52:19,0,0,no,,,,,,,,yes,0,0,,,0,3,True,False,Sacramento,False
u_105406,Sacramento,2026-06-29 07:39:32,workforce_center,18-24,en,shared_computer,inactive,1,2026-07-01 21:00:00,2026-07-01 21:00:00,,2026-07-01 22:07:06,2026-06-29 07:39:32,0,0,yes,2026-06-29 08:40:32,5.0,Thu|Fri|Sun,evening,3.5,2026-08-10,yes,yes,2,1,,,0,1,True,False,Sacramento,False
u_102328,NYC,2026-06-29 08:38:38,reentry_org,35-44,es,phone,course_complete,21,2026-07-09 16:08:00,2026-08-03 12:21:00,2026-08-03 12:21:00,2026-08-05 14:31:57,2026-07-31 16:07:08,0,0,no,,,,,,,,yes,0,1,,,0,21,True,True,NYC,False
u_103748,NYC,2026-06-29 08:44:31,reentry_org,18-24,es,laptop,inactive,4,2026-06-29 11:00:18,2026-07-02 18:09:00,,2026-07-05 05:49:24,2026-06-29 22:05:09,0,0,no,,,,,,,,yes,1,0,,,0,4,True,False,NYC,False
u_104901,Sacramento,2026-06-29 12:42:36,reentry_org,45-54,en,phone,inactive,2,2026-06-29 12:59:14,2026-07-02 22:24:00,,2026-07-03 10:45:32,2026-06-29 12:42:36,0,0,yes,2026-06-29 12:50:36,3.0,Wed|Sat,late_night,1.7,2026-09-04,no,no,0,2,,,0,2,True,False,Sacramento,False
u_102368,NYC,2026-06-29 13:07:24,reentry_org,25-34,en,tablet,not_started,0,,,,2026-07-02 08:53:30,2026-06-29 13:07:24,0,0,yes,2026-06-29 13:30:24,5.0,Tue|Fri|Sun,afternoon,2.6,2026-08-11,unsure,no,0,0,,,0,0,False,False,NYC,False
u_103330,NYC,2026-06-29 13:34:11,paid_social,35-44,en,phone,not_started,0,,,,2026-06-30 18:22:35,2026-06-29 13:34:11,0,0,yes,2026-06-29 13:48:11,3.0,Tue|Wed,evening,1.9,2026-09-05,yes,no,0,0,,,0,0,False,False,NYC,False
u_105827,Boston,2026-06-29 17:37:30,paid_social,35-44,en,phone,not_started,0,,,,2026-07-01 20:05:40,2026-06-30 06:07:51,0,0,yes,2026-06-29 18:08:30,5.0,Tue|Thu|Sat,morning,3.4,,yes,yes,0,0,,,0,0,False,False,Boston,False
u_100719,NYC,2026-06-29 19:32:01,friend_family,55+,en,phone,inactive,5,2026-06-29 22:11:35,2026-07-07 21:58:00,,2026-07-08 14:15:44,2026-07-07 07:01:07,0,0,yes,2026-06-29 20:31:01,3.0,Tue|Fri,evening,1.8,,unsure,yes,6,1,,,0,5,True,False,NYC,False
u_104859,Sacramento,2026-06-29 22:27:37,friend_family,45-54,en,phone,inactive,3,2026-06-29 22:49:42,2026-06-30 10:10:00,,2026-07-06 08:43:48,2026-07-03 03:31:02,0,0,yes,2026-06-29 23:26:37,7.0,Mon|Tue|Thu|Fri|Sun,morning,3.7,2026-08-17,unsure,yes,6,2,,,0,3,True,False,Sacramento,False
u_102061,NYC,2026-06-30 04:51:56,reentry_org,35-44,en,tablet,inactive,3,2026-07-01 13:44:00,2026-07-04 12:23:00,,2026-07-06 16:54:09,2026-07-06 00:55:52,0,0,yes,2026-06-30 05:45:56,7.0,Mon|Wed|Thu|Sat|Sun,afternoon,2.7,2026-08-03,unsure,no,0,1,,,0,3,True,False,NYC,False
u_103977,Sacramento,2026-06-30 05:37:22,reentry_org,25-34,en,phone,inactive,1,2026-07-02 15:36:00,2026-07-02 15:36:00,,2026-07-03 20:23:11,2026-06-30 05:37:22,0,0,no,,,,,,,,no,0,2,,,0,1,True,False,Sacramento,False
u_101881,NYC,2026-06-30 08:04:13,reentry_org,35-44,es,tablet,not_started,0,,,,2026-06-30 09:52:14,2026-06-30 08:04:13,0,0,yes,2026-06-30 08:34:13,5.0,Mon|Wed|Sun,afternoon,3.5,2026-08-19,unsure,no,0,0,,,0,0,False,False,NYC,False
u_102519,NYC,2026-06-30 11:03:50,paid_social,35-44,en,phone,not_started,0,,,,2026-06-30 12:02:05,2026-06-30 11:03:50,0,0,yes,2026-06-30 12:29:50,3.0,Sat|Sun,evening,2.6,,yes,yes,0,0,,,0,0,False,False,NYC,False
u_101358,NYC,2026-06-30 14:33:18,parole_probation_officer,25-34,en,laptop,inactive,4,2026-06-30 15:06:23,2026-07-08 16:53:00,,2026-07-08 20:02:19,2026-06-30 14:33:18,0,0,yes,2026-06-30 14:54:18,5.0,Wed|Sat|Sun,afternoon,3.2,,yes,yes,1,0,,,0,4,True,False,NYC,False
u_100064,NYC,2026-06-30 15:09:30,workforce_center,18-24,en,phone,course_complete,21,2026-07-02 23:49:00,2026-08-25 22:44:00,2026-08-25 22:44:00,2026-09-04 13:56:16,2026-09-02 07:06:34,0,0,no,,,,,,,,yes,3,1,,,0,21,True,True,NYC,False
u_104633,Sacramento,2026-06-30 15:32:36,paid_social,35-44,en,phone,not_started,0,,,,2026-07-01 01:18:53,2026-06-30 15:32:36,0,0,yes,2026-06-30 16:10:36,5.0,Tue|Fri|Sun,late_night,2.3,2026-08-06,no,no,0,0,,,0,0,False,False,Sacramento,False
u_100183,NYC,2026-06-30 19:10:30,parole_probation_officer,18-24,es,phone,permit_passed,21,2026-07-04 18:53:00,2026-08-03 21:13:00,2026-08-03 21:13:00,2026-09-02 15:13:00,2026-08-10 04:19:35,0,0,yes,2026-06-30 19:31:30,5.0,Mon|Thu|Fri,evening,2.2,2026-08-20,yes,yes,3,3,2026-09-02,passed,1,21,True,True,NYC,False
u_102845,NYC,2026-06-30 20:38:14,paid_social,35-44,en,phone,inactive,17,2026-07-01 21:16:00,2026-08-02 17:08:00,,2026-08-03 07:20:21,2026-07-30 21:26:38,0,0,yes,2026-06-30 20:51:14,5.0,Mon|Wed|Sun,evening,2.5,2026-08-26,yes,no,0,3,,,0,17,True,False,NYC,False
u_100687,NYC,2026-06-30 23:56:58,paid_social,25-34,en,shared_computer,course_complete,21,2026-07-02 19:58:00,2026-08-03 17:14:00,2026-08-03 17:14:00,2026-08-03 21:31:22,2026-08-03 05:40:07,0,0,yes,2026-07-01 01:15:58,7.0,Wed|Thu|Fri|Sat|Sun,evening,3.7,2026-08-17,no,yes,4,1,,,0,21,True,True,NYC,False
u_102385,NYC,2026-07-01 00:54:21,workforce_center,25-34,en,laptop,not_started,0,,,,2026-07-02 09:55:08,2026-07-02 03:42:10,0,0,yes,2026-07-01 01:24:21,10.0,Mon|Tue|Wed|Thu|Fri|Sat|Sun,late_night,4.7,2026-08-01,yes,yes,0,0,,,0,0,False,False,NYC,False
u_104990,Sacramento,2026-07-01 07:31:14,workforce_center,25-34,en,phone,course_complete,21,2026-07-01 10:18:01,2026-08-25 06:53:00,2026-08-25 06:53:00,2026-08-27 10:41:02,2026-08-25 13:56:03,0,0,yes,2026-07-01 08:44:14,3.0,Mon|Thu,morning,2.2,,yes,yes,2,2,,,0,21,True,True,Sacramento,False
u_101599,NYC,2026-07-01 11:14:17,reentry_org,25-34,en,laptop,inactive,4,2026-07-11 21:03:00,2026-07-17 17:45:00,,2026-07-18 13:49:03,2026-07-12 12:33:33,0,0,yes,2026-07-01 12:43:17,5.0,Mon|Wed|Thu,evening,3.4,2026-08-26,yes,no,0,0,,,0,4,True,False,NYC,False
u_101860,NYC,2026-07-01 13:56:46,friend_family,35-44,es,phone,not_started,0,,,,2026-07-05 04:07:44,2026-07-01 13:56:46,0,0,yes,2026-07-01 15:22:46,7.0,Mon|Wed|Thu|Fri|Sat,evening,4.4,2026-08-14,yes,no,0,0,,,0,0,False,False,NYC,False
u_102337,NYC,2026-07-01 14:47:50,paid_social,45-54,en,phone,not_started,0,,,,2026-07-02 14:16:17,2026-07-01 14:47:50,0,0,yes,2026-07-01 15:18:50,5.0,Mon|Fri|Sat,evening,3.3,,unsure,no,0,0,,,0,0,False,False,NYC,False
u_101809,NYC,2026-07-01 16:42:40,paid_social,25-34,es,phone,not_started,0,,,,2026-07-01 23:34:26,2026-07-01 21:39:45,0,0,yes,2026-07-01 18:11:40,10.0,Mon|Tue|Wed|Thu|Fri|Sat|Sun,evening,5.4,,unsure,no,0,0,,,0,0,False,False,NYC,False
u_102609,NYC,2026-07-01 17:10:58,paid_social,25-34,es,phone,not_started,0,,,,2026-07-03 12:31:44,2026-07-01 17:10:58,0,0,no,,,,,,,,no,0,0,,,0,0,False,False,NYC,False
u_102372,NYC,2026-07-01 17:39:28,workforce_center,45-54,en,phone,course_complete,21,2026-07-03 13:22:00,2026-07-30 14:48:00,2026-07-30 14:48:00,2026-08-02 12:06:04,2026-07-31 22:58:37,0,0,yes,2026-07-01 18:49:28,3.0,Thu|Sun,afternoon,1.5,2026-09-12,yes,yes,3,3,,,0,21,True,True,NYC,False
u_105393,Sacramento,2026-07-01 20:26:06,reentry_org,25-34,en,phone,not_started,0,,,,2026-07-02 00:15:19,2026-07-01 20:26:06,0,0,yes,2026-07-01 21:45:06,3.0,Mon|Wed,evening,1.1,2026-08-29,no,no,0,0,,,0,0,False,False,Sacramento,False
u_100754,NYC,2026-07-01 20:31:29,reentry_org,25-34,en,phone,permit_scheduled,21,2026-07-01 20:48:26,2026-08-23 19:46:00,2026-08-23 19:46:00,2026-08-29 04:49:42,2026-08-25 13:36:19,0,0,yes,2026-07-01 21:17:29,3.0,Thu|Sun,evening,1.2,2026-09-14,yes,yes,1,1,2026-09-16,,0,21,True,True,NYC,False
u_105622,Boston,2026-07-01 21:28:56,reentry_org,35-44,en,phone,course_complete,21,2026-07-01 23:49:08,2026-07-26 17:59:00,2026-07-26 17:59:00,2026-07-29 00:49:21,2026-07-27 08:25:12,0,0,yes,2026-07-01 21:42:56,5.0,Mon|Fri|Sat,evening,2.3,2026-08-27,unsure,yes,2,2,,,0,21,True,True,Boston,False
u_103015,NYC,2026-07-02 00:19:58,reentry_org,35-44,en,phone,inactive,4,2026-07-02 02:18:16,2026-07-05 19:08:00,,2026-07-09 21:45:49,2026-07-09 02:21:34,0,0,yes,2026-07-02 01:42:58,7.0,Mon|Wed|Thu|Sat|Sun,evening,3.1,2026-08-19,no,no,0,1,,,0,4,True,False,NYC,False
u_101438,NYC,2026-07-02 00:54:51,paid_social,45-54,en,phone,inactive,3,2026-07-04 10:22:00,2026-07-07 08:32:00,,2026-07-12 15:27:01,2026-07-11 15:27:37,0,0,yes,2026-07-02 01:21:51,7.0,Mon|Wed|Fri|Sat|Sun,morning,4.3,2026-08-04,unsure,no,0,1,,,0,3,True,False,NYC,False
u_105901,Boston,2026-07-02 01:20:22,parole_probation_officer,25-34,ht,phone,not_started,0,,,,2026-07-02 11:01:15,2026-07-02 01:20:22,0,0,no,,,,,,,,no,0,0,,,0,0,False,False,Boston,False
u_103059,NYC,2026-07-02 01:50:02,paid_social,35-44,en,laptop,course_complete,21,2026-07-02 16:32:09,2026-08-11 07:47:00,2026-08-11 07:47:00,2026-08-28 05:43:16,2026-08-23 15:15:35,0,0,yes,2026-07-02 03:03:02,5.0,Thu|Fri|Sun,morning,2.0,2026-08-21,yes,no,0,1,,,0,21,True,True,NYC,False
u_103949,NYC,2026-07-02 01:53:09,paid_social,35-44,en,phone,inactive,4,2026-07-13 06:47:00,2026-07-19 10:28:00,,2026-07-20 04:08:20,2026-07-16 11:38:25,0,0,no,,,,,,,,yes,2,1,,,0,4,True,False,NYC,False
u_100278,NYC,2026-07-02 02:12:11,reentry_org,25-34,en,phone,not_started,0,,,,2026-07-03 06:08:55,2026-07-02 13:30:43,0,0,yes,2026-07-02 03:27:11,10.0,Mon|Tue|Wed|Thu|Fri|Sat|Sun,late_night,5.3,,no,yes,0,0,,,0,0,False,False,NYC,False
u_100963,NYC,2026-07-02 05:14:46,parole_probation_officer,35-44,en,laptop,course_complete,21,2026-07-04 23:04:00,2026-08-10 22:35:00,2026-08-10 22:35:00,2026-08-13 15:01:02,2026-08-09 19:43:52,0,0,no,,,,,,,,no,0,2,,,0,21,True,True,NYC,False
u_103165,NYC,2026-07-02 05:47:53,reentry_org,25-34,en,laptop,inactive,3,2026-07-02 06:06:15,2026-07-09 18:25:00,,2026-07-10 04:34:17,2026-07-08 20:58:20,0,0,yes,2026-07-02 06:48:53,7.0,Mon|Tue|Wed|Fri|Sun,evening,3.6,2026-08-02,unsure,no,0,2,,,0,3,True,False,NYC,False
u_104148,Sacramento,2026-07-02 05:59:15,parole_probation_officer,25-34,en,laptop,inactive,2,2026-07-02 06:05:56,2026-07-03 18:51:00,,2026-07-09 10:08:39,2026-07-08 13:38:11,0,0,yes,2026-07-02 06:15:15,3.0,Thu|Sat,evening,1.5,2026-09-05,no,no,0,2,,,0,2,True,False,Sacramento,False
u_101930,NYC,2026-07-02 12:33:01,parole_probation_officer,25-34,en,phone,not_started,0,,,,2026-07-03 23:10:22,2026-07-02 12:33:01,0,0,yes,2026-07-02 13:22:01,10.0,Mon|Tue|Wed|Thu|Fri|Sat|Sun,evening,4.3,,yes,yes,0,0,,,0,0,False,False,NYC,False
u_103837,NYC,2026-07-02 15:09:12,paid_social,35-44,en,phone,permit_scheduled,21,2026-07-09 17:08:00,2026-08-31 21:56:00,2026-08-31 21:56:00,2026-09-02 06:54:55,2026-09-02 00:49:15,0,0,yes,2026-07-02 15:41:12,3.0,Thu|Fri,evening,0.9,2026-09-13,yes,no,0,2,2026-09-30,,0,21,True,True,NYC,False
u_105415,Sacramento,2026-07-02 17:10:21,reentry_org,25-34,es,phone,course_complete,21,2026-07-02 17:48:46,2026-07-31 14:17:00,2026-07-31 14:17:00,2026-08-07 13:54:18,2026-07-29 11:35:25,0,0,yes,2026-07-02 18:03:21,5.0,Mon|Sat|Sun,afternoon,2.5,2026-08-23,no,yes,0,2,,,0,21,True,True,Sacramento,False
u_103480,NYC,2026-07-02 19:31:13,parole_probation_officer,25-34,en,phone,inactive,4,2026-07-04 18:39:00,2026-07-15 18:17:00,,2026-07-17 11:20:39,2026-07-11 12:52:48,0,0,yes,2026-07-02 20:16:13,10.0,Mon|Tue|Wed|Thu|Fri|Sat|Sun,evening,4.6,2026-07-25,yes,yes,3,0,,,0,4,True,False,NYC,False
u_103316,NYC,2026-07-02 19:34:56,reentry_org,25-34,en,shared_computer,inactive,2,2026-07-02 22:24:18,2026-07-14 23:47:00,,2026-07-17 05:01:59,2026-07-16 02:57:44,0,0,no,,,,,,,,no,0,1,,,0,2,True,False,NYC,False
u_105002,Sacramento,2026-07-02 21:49:55,friend_family,18-24,en,phone,permit_failed,21,2026-07-02 22:13:44,2026-08-09 06:56:00,2026-08-09 06:56:00,2026-09-02 22:34:03,2026-08-15 02:44:38,0,0,yes,2026-07-02 22:02:55,5.0,Wed|Thu|Sun,morning,2.2,2026-08-08,yes,yes,0,1,2026-08-25,failed,1,21,True,True,Sacramento,False
u_105458,Boston,2026-07-02 22:01:50,paid_social,35-44,en,phone,not_started,0,,,,2026-07-04 01:59:35,2026-07-03 06:19:28,0,0,yes,2026-07-02 23:10:50,3.0,Wed|Sat,morning,2.5,,yes,no,0,0,,,0,0,False,False,Boston,False
u_101058,NYC,2026-07-02 22:20:33,reentry_org,45-54,en,phone,course_complete,21,2026-07-03 19:03:00,2026-08-02 18:22:00,2026-08-02 18:22:00,2026-08-03 06:50:51,2026-08-01 16:16:48,0,0,yes,2026-07-02 23:13:33,10.0,Mon|Tue|Wed|Thu|Fri|Sat|Sun,evening,4.7,2026-08-10,yes,yes,2,3,,,0,21,True,True,NYC,False
u_100812,NYC,2026-07-03 01:09:37,workforce_center,35-44,en,laptop,inactive,1,2026-07-03 01:27:36,2026-07-03 01:27:36,,2026-07-05 12:31:35,2026-07-03 01:09:37,0,0,yes,2026-07-03 01:15:37,5.0,Mon|Tue|Sat,morning,2.1,2026-08-29,yes,no,0,0,,,0,1,True,False,NYC,False
u_103600,NYC,2026-07-03 02:28:18,parole_probation_officer,18-24,en,shared_computer,permit_passed,21,2026-07-08 06:03:00,2026-07-25 12:39:00,2026-07-25 12:39:00,2026-08-09 15:39:00,2026-07-25 17:09:31,0,0,yes,2026-07-03 03:01:18,7.0,Mon|Tue|Thu|Fri|Sat,morning,3.9,,yes,no,0,1,2026-08-09,passed,1,21,True,True,NYC,False
u_103637,NYC,2026-07-03 04:57:18,workforce_center,35-44,en,laptop,inactive,2,2026-07-15 13:54:00,2026-07-23 15:58:00,,2026-07-25 09:08:51,2026-07-21 16:26:37,0,0,no,,,,,,,,no,0,2,,,0,2,True,False,NYC,False
u_105694,Boston,2026-07-03 09:15:18,paid_social,18-24,ht,phone,not_started,0,,,,2026-07-04 06:57:49,2026-07-03 09:15:18,0,0,yes,2026-07-03 10:11:18,7.0,Mon|Tue|Wed|Thu|Sat,morning,4.0,2026-08-02,no,no,0,0,,,0,0,False,False,Boston,False
u_100510,NYC,2026-07-03 09:41:23,paid_social,25-34,en,phone,inactive,13,2026-07-09 19:45:00,2026-08-04 17:51:00,,2026-08-06 05:05:21,2026-08-03 22:48:57,0,0,yes,2026-07-03 09:57:23,7.0,Mon|Tue|Thu|Fri|Sat,evening,4.6,,unsure,no,0,1,,,0,13,True,False,NYC,False
u_105893,Boston,2026-07-03 11:00:06,workforce_center,35-44,en,phone,withdrawn,3,2026-07-03 11:16:57,2026-07-12 15:19:00,,2026-07-14 00:56:38,2026-07-07 23:41:51,0,0,yes,2026-07-03 12:06:06,7.0,Mon|Tue|Wed|Thu|Fri,afternoon,3.6,2026-08-17,unsure,no,0,1,,,0,3,True,False,Boston,False
u_101991,NYC,2026-07-03 14:22:32,parole_probation_officer,45-54,en,phone,inactive,1,2026-07-03 16:53:17,2026-07-03 16:53:17,,2026-07-04 21:43:33,2026-07-03 14:22:32,0,0,no,,,,,,,,no,0,2,,,0,1,True,False,NYC,False
u_102536,NYC,2026-07-03 15:57:03,paid_social,35-44,en,phone,not_started,0,,,,2026-07-06 06:19:14,2026-07-03 15:57:03,0,0,yes,2026-07-03 17:23:03,3.0,Tue|Sat,evening,1.5,,yes,no,0,0,,,0,0,False,False,NYC,False
u_103852,NYC,2026-07-03 18:26:43,friend_family,45-54,es,phone,not_started,0,,,,2026-07-07 11:06:42,2026-07-03 18:26:43,0,0,no,,,,,,,,yes,0,0,,,0,0,False,False,NYC,False
u_101888,NYC,2026-07-03 18:44:48,reentry_org,25-34,es,phone,permit_passed,21,2026-07-06 10:50:00,2026-08-05 10:27:00,2026-08-05 10:27:00,2026-09-06 15:27:00,2026-08-10 12:36:39,0,0,yes,2026-07-03 19:48:48,5.0,Tue|Fri|Sun,morning,3.2,2026-08-14,unsure,yes,0,3,2026-09-06,passed,2,21,True,True,NYC,False
u_100985,NYC,2026-07-03 19:36:30,friend_family,18-24,en,phone,inactive,3,2026-07-03 19:50:00,2026-07-07 20:45:00,,2026-07-08 00:05:00,2026-07-03 19:36:30,0,0,yes,2026-07-03 21:03:30,7.0,Mon|Wed|Thu|Fri|Sat,evening,4.6,2026-08-18,yes,no,0,0,,,0,3,True,False,NYC,False
u_101196,NYC,2026-07-03 20:10:32,paid_social,35-44,en,laptop,inactive,13,2026-07-08 13:02:00,2026-08-05 16:11:00,,2026-08-11 02:16:59,2026-08-09 08:25:26,0,0,yes,2026-07-03 21:01:32,5.0,Wed|Sat|Sun,afternoon,1.9,,no,no,0,1,,,0,13,True,False,NYC,False
u_101621,NYC,2026-07-03 20:15:06,friend_family,18-24,en,phone,inactive,15,2026-07-07 23:15:00,2026-08-03 23:25:00,,2026-08-04 05:46:10,2026-08-01 21:41:22,0,0,no,,,,,,,,yes,4,2,,,0,15,True,False,NYC,False
u_102102,NYC,2026-07-03 22:05:08,paid_social,45-54,en,phone,inactive,2,2026-07-06 17:38:00,2026-07-07 18:29:00,,2026-07-07 20:10:07,2026-07-07 11:42:10,0,0,yes,2026-07-03 23:31:08,10.0,Mon|Tue|Wed|Thu|Fri|Sat|Sun,evening,4.5,2026-08-09,yes,no,0,0,,,0,2,True,False,NYC,False
u_101059,NYC,2026-07-03 23:38:37,reentry_org,18-24,es,phone,permit_passed,21,2026-07-04 16:53:00,2026-08-21 16:09:00,2026-08-21 16:09:00,2026-09-01 15:09:00,2026-08-24 15:06:56,0,0,yes,2026-07-03 23:44:37,3.0,Thu|Fri,afternoon,1.2,2026-09-05,yes,yes,2,2,2026-09-01,passed,1,21,True,True,NYC,False
u_101801,NYC,2026-07-03 23:52:00,friend_family,55+,en,phone,permit_passed,21,2026-07-04 12:01:00,2026-08-03 15:18:00,2026-08-03 15:18:00,2026-08-15 15:18:00,2026-07-31 11:06:04,0,0,no,,,,,,,,no,0,2,2026-08-15,passed,1,21,True,True,NYC,False
u_104995,Sacramento,2026-07-04 00:17:50,parole_probation_officer,18-24,en,laptop,inactive,4,2026-07-04 00:45:02,2026-07-14 22:39:00,,2026-07-16 00:09:57,2026-07-07 11:52:38,0,0,yes,2026-07-04 00:53:50,5.0,Mon|Sat|Sun,late_night,3.1,2026-08-19,yes,no,0,0,,,0,4,True,False,Sacramento,False
u_104065,Sacramento,2026-07-04 05:09:12,friend_family,35-44,en,phone,inactive,2,2026-07-09 12:00:00,2026-07-12 12:16:00,,2026-07-12 14:28:26,2026-07-11 04:34:53,0,0,yes,2026-07-04 05:45:12,5.0,Mon|Tue|Fri,afternoon,3.5,2026-08-22,unsure,no,0,0,,,0,2,True,False,Sacramento,False
u_102203,NYC,2026-07-04 05:43:24,parole_probation_officer,45-54,en,phone,permit_passed,21,2026-07-04 08:24:31,2026-08-13 20:50:00,2026-08-13 20:50:00,2026-09-11 15:50:00,2026-08-05 19:23:10,0,0,yes,2026-07-04 06:44:24,5.0,Tue|Wed|Sun,evening,2.0,,unsure,no,0,2,2026-09-11,passed,2,21,True,True,NYC,False
u_103107,NYC,2026-07-04 06:57:29,paid_social,18-24,en,phone,inactive,2,2026-07-04 09:23:54,2026-07-04 23:04:00,,2026-07-07 05:00:54,2026-07-04 06:57:29,0,0,no,,,,,,,,yes,0,1,,,0,2,True,False,NYC,False
u_105152,Sacramento,2026-07-04 11:15:25,paid_social,25-34,en,phone,inactive,1,2026-07-06 23:41:00,2026-07-06 23:41:00,,2026-07-11 22:16:52,2026-07-04 11:15:25,0,0,no,,,,,,,,yes,0,0,,,0,1,True,False,Sacramento,False
u_105611,Boston,2026-07-04 15:41:18,friend_family,18-24,en,phone,not_started,0,,,,2026-07-07 00:04:53,2026-07-04 15:41:18,0,0,no,,,,,,,,no,0,0,,,0,0,False,False,Boston,False
u_101355,NYC,2026-07-04 17:52:14,paid_social,25-34,es,phone,not_started,0,,,,2026-07-07 17:19:21,2026-07-04 17:52:14,0,0,no,,,,,,,,no,0,0,,,0,0,False,False,NYC,False
u_101202,NYC,2026-07-04 18:58:35,parole_probation_officer,25-34,en,phone,course_complete,21,2026-07-15 22:32:00,2026-08-20 23:30:00,2026-08-20 23:30:00,2026-08-21 18:11:40,2026-08-21 09:08:10,0,0,yes,2026-07-04 19:28:35,10.0,Mon|Tue|Wed|Thu|Fri|Sat|Sun,late_night,5.3,2026-08-07,yes,yes,0,2,,,0,21,True,True,NYC,False
u_100274,NYC,2026-07-04 21:53:52,workforce_center,35-44,en,shared_computer,course_complete,21,2026-07-10 13:56:00,2026-08-18 16:33:00,2026-08-18 16:33:00,2026-08-26 01:09:26,2026-08-25 23:13:40,0,0,yes,2026-07-04 23:02:52,3.0,Fri|Sun,afternoon,2.2,2026-09-19,unsure,no,0,2,,,0,21,True,True,NYC,False
u_104655,Sacramento,2026-07-04 23:58:52,parole_probation_officer,35-44,es,tablet,permit_passed,21,2026-07-06 13:48:00,2026-08-09 16:38:00,2026-08-09 16:38:00,2026-08-22 15:38:00,2026-08-14 22:52:24,0,0,yes,2026-07-05 00:46:52,5.0,Wed|Fri|Sat,afternoon,3.6,,yes,no,0,1,2026-08-22,passed,1,21,True,True,Sacramento,False
u_100631,New York,2026-07-05 01:19:20,paid_social,35-44,en,phone,not_started,0,,,,2026-07-05 03:24:01,2026-07-05 01:19:20,0,0,yes,2026-07-05 02:39:20,3.0,Fri|Sat,evening,1.5,,yes,no,0,0,,,0,0,False,False,NYC,False
u_105124,Sacramento,2026-07-05 07:08:17,reentry_org,18-24,en,phone,not_started,0,,,,2026-07-08 02:25:44,2026-07-06 22:50:40,0,0,yes,2026-07-05 07:42:17,5.0,Tue|Wed|Sat,late_night,2.4,,yes,no,0,0,,,0,0,False,False,Sacramento,False
u_101312,NYC,2026-07-05 12:08:51,paid_social,35-44,en,phone,inactive,3,2026-07-07 15:09:00,2026-07-13 15:04:00,,2026-07-17 18:40:09,2026-07-17 12:51:32,0,0,yes,2026-07-05 12:52:51,3.0,Fri|Sun,afternoon,1.3,2026-09-06,no,no,0,2,,,0,3,True,False,NYC,False
u_102124,NYC,2026-07-05 13:43:06,parole_probation_officer,45-54,en,phone,not_started,0,,,,2026-07-06 04:27:34,2026-07-05 13:43:06,0,0,no,,,,,,,,yes,0,0,,,0,0,False,False,NYC,False
u_105211,Sacramento,2026-07-05 15:47:51,paid_social,35-44,en,phone,inactive,3,2026-07-05 16:05:36,2026-07-06 19:41:00,,2026-07-09 15:46:35,2026-07-07 17:28:42,0,0,yes,2026-07-05 16:16:51,5.0,Wed|Thu|Fri,evening,3.0,2026-08-11,yes,no,0,0,,,0,3,True,False,Sacramento,False
u_100166,NYC,2026-07-05 18:36:33,paid_social,18-24,en,phone,course_complete,21,2026-07-06 18:19:00,2026-08-17 20:08:00,2026-08-17 20:08:00,2026-08-18 20:29:53,2026-08-17 03:39:57,0,0,yes,2026-07-05 18:56:33,5.0,Tue|Fri|Sat,evening,2.1,2026-08-28,no,yes,1,2,,,0,21,True,True,NYC,False
u_101837,NYC,2026-07-05 21:00:27,friend_family,55+,es,laptop,inactive,4,2026-07-05 21:18:26,2026-07-09 15:54:00,,2026-07-10 03:16:49,2026-07-08 15:11:16,0,0,no,,,,,,,,no,0,0,,,0,4,True,False,NYC,False
u_103310,NYC,2026-07-05 21:40:58,paid_social,25-34,en,laptop,not_started,0,,,,2026-07-05 22:41:44,2026-07-05 21:40:58,0,0,no,,,,,,,,no,0,0,,,0,0,False,False,NYC,False
u_102657,NYC,2026-07-05 23:02:44,paid_social,35-44,en,phone,not_started,0,,,,2026-07-07 18:16:50,2026-07-05 23:02:44,0,0,no,,,,,,,,no,0,0,,,0,0,False,False,NYC,False
u_102534,NYC,2026-07-05 23:45:26,reentry_org,35-44,en,laptop,inactive,10,2026-07-06 21:29:00,2026-07-23 18:37:00,,2026-07-28 05:54:14,2026-07-20 04:40:51,0,0,yes,2026-07-06 00:44:26,5.0,Wed|Thu|Fri,evening,2.6,2026-08-23,yes,yes,4,2,,,0,10,True,False,NYC,False
u_102344,NYC,2026-07-06 01:59:51,paid_social,45-54,en,laptop,inactive,3,2026-07-06 02:17:41,2026-07-08 18:57:00,,2026-07-11 06:17:26,2026-07-06 01:59:51,0,0,yes,2026-07-06 02:39:51,5.0,Tue|Fri|Sun,evening,2.4,,yes,no,0,1,,,0,3,True,False,NYC,False
u_105296,Sacramento,2026-07-06 03:44:23,friend_family,25-34,en,laptop,inactive,1,2026-07-09 15:19:00,2026-07-09 15:19:00,,2026-07-11 04:05:05,2026-07-10 22:04:54,0,0,no,,,,,,,,no,0,0,,,0,1,True,False,Sacramento,False
u_104283,Sacramento,2026-07-06 09:05:11,workforce_center,25-34,en,phone,inactive,3,2026-07-07 17:41:00,2026-07-20 20:21:00,,2026-07-22 10:43:10,2026-07-19 14:34:18,0,0,yes,2026-07-06 09:52:11,10.0,Mon|Tue|Wed|Thu|Fri|Sat|Sun,evening,4.9,,yes,no,0,2,,,0,3,True,False,Sacramento,False
u_103937,NYC,2026-07-06 09:14:26,workforce_center,18-24,en,laptop,inactive,3,2026-07-09 17:59:00,2026-07-14 21:19:00,,2026-07-18 07:43:41,2026-07-16 02:41:34,0,0,yes,2026-07-06 10:02:26,7.0,Mon|Wed|Thu|Sat|Sun,evening,3.6,2026-08-18,yes,yes,6,1,,,0,3,True,False,NYC,False
u_102184,NYC,2026-07-06 09:51:02,parole_probation_officer,25-34,es,phone,inactive,3,2026-07-06 11:52:37,2026-07-12 22:56:00,,2026-07-18 06:44:46,2026-07-15 03:42:25,0,0,yes,2026-07-06 10:03:02,3.0,Wed|Thu,late_night,2.8,,no,no,0,1,,,0,3,True,False,NYC,False
u_100528,NYC,2026-07-06 09:51:08,friend_family,18-24,es,phone,course_complete,21,2026-07-12 19:16:00,2026-08-18 18:55:00,2026-08-18 18:55:00,2026-08-25 03:07:11,2026-08-22 07:07:06,0,0,yes,2026-07-06 10:35:08,5.0,Mon|Wed|Thu,evening,2.6,2026-08-28,unsure,yes,2,2,,,0,21,True,True,NYC,False
u_103154,NYC,2026-07-06 11:19:14,friend_family,18-24,en,phone,inactive,1,2026-07-06 11:47:15,2026-07-06 11:47:15,,2026-07-06 12:34:19,2026-07-06 11:19:14,0,0,no,,,,,,,,yes,0,1,,,0,1,True,False,NYC,False
u_104345,Sacramento,2026-07-06 11:35:17,paid_social,18-24,es,phone,not_started,0,,,,2026-07-06 13:09:46,2026-07-06 11:35:17,0,0,yes,2026-07-06 11:59:17,5.0,Mon|Fri|Sat,evening,3.1,,yes,yes,0,0,,,0,0,False,False,Sacramento,False
u_101701,NYC,2026-07-06 14:06:06,paid_social,35-44,es,phone,not_started,0,,,,2026-07-12 08:15:02,2026-07-11 02:45:27,0,0,yes,2026-07-06 15:23:06,7.0,Mon|Tue|Thu|Fri|Sat,late_night,3.7,2026-08-12,unsure,no,0,0,,,0,0,False,False,NYC,False
u_101846,NYC,2026-07-06 15:19:49,reentry_org,25-34,en,phone,course_complete,21,2026-07-06 17:04:11,2026-07-27 10:55:00,2026-07-27 10:55:00,2026-07-31 09:46:10,2026-07-24 04:12:51,0,0,no,,,,,,,,no,0,1,,,0,21,True,True,NYC,False
u_102387,NYC,2026-07-06 16:15:50,paid_social,25-34,en,phone,not_started,0,,,,2026-07-08 02:39:00,2026-07-06 16:15:50,0,0,no,,,,,,,,yes,0,0,,,0,0,False,False,NYC,False
u_100804,NYC,2026-07-06 16:38:57,parole_probation_officer,25-34,en,phone,permit_failed,21,2026-07-08 21:44:00,2026-08-12 19:04:00,2026-08-12 19:04:00,2026-09-10 15:04:00,2026-08-11 05:29:36,0,0,yes,2026-07-06 17:59:57,7.0,Tue|Wed|Thu|Fri|Sun,evening,3.5,2026-08-06,yes,yes,0,2,2026-09-10,failed,2,21,True,True,NYC,False
u_104031,Sacramento,2026-07-06 17:39:14,reentry_org,25-34,en,laptop,inactive,4,2026-07-06 19:00:34,2026-07-16 10:28:00,,2026-07-18 07:04:51,2026-07-14 17:28:20,0,0,yes,2026-07-06 18:06:14,5.0,Tue|Wed|Sat,morning,3.7,2026-08-27,unsure,yes,0,1,,,0,4,True,False,Sacramento,False
u_102798,NYC,2026-07-06 18:33:52,reentry_org,35-44,es,shared_computer,inactive,4,2026-07-09 18:14:00,2026-07-18 17:17:00,,2026-07-20 07:29:59,2026-07-17 12:19:07,0,0,no,,,,,,,,yes,1,1,,,0,4,True,False,NYC,False
u_100670,NYC,2026-07-06 20:09:21,paid_social,55+,es,phone,permit_passed,21,2026-07-06 20:29:53,2026-07-26 09:09:00,2026-07-26 09:09:00,2026-08-26 15:09:00,2026-08-06 01:19:46,0,0,yes,2026-07-06 21:29:21,7.0,Mon|Tue|Wed|Sat|Sun,morning,4.5,2026-08-16,yes,yes,6,2,2026-08-26,passed,1,21,True,True,NYC,False
u_103680,NYC,2026-07-07 00:43:55,reentry_org,35-44,en,phone,permit_passed,21,2026-07-09 10:25:00,2026-08-05 10:35:00,2026-08-05 10:35:00,2026-08-16 15:35:00,2026-08-11 01:07:48,0,0,no,,,,,,,,yes,0,2,2026-08-16,passed,1,21,True,True,NYC,False
u_100015,NYC,2026-07-07 00:57:34,parole_probation_officer,45-54,en,phone,inactive,4,2026-07-08 17:51:00,2026-07-19 17:21:00,,2026-07-21 14:57:01,2026-07-18 21:26:38,0,0,no,,,,,,,,no,0,1,,,0,4,True,False,NYC,False
u_103759,NYC,2026-07-07 02:35:12,friend_family,25-34,en,phone,inactive,3,2026-07-07 03:12:24,2026-07-09 06:03:00,,2026-07-10 15:33:50,2026-07-09 00:34:16,0,0,yes,2026-07-07 03:36:12,5.0,Mon|Tue|Fri,morning,3.2,2026-08-22,yes,no,0,0,,,0,3,True,False,NYC,False
u_103182,NYC,2026-07-07 02:49:02,parole_probation_officer,18-24,es,phone,inactive,1,2026-07-10 17:51:00,2026-07-10 17:51:00,,2026-07-14 08:20:05,2026-07-07 02:49:02,0,0,no,,,,,,,,yes,0,2,,,0,1,True,False,NYC,False
u_105038,Sacramento,2026-07-07 03:41:52,paid_social,25-34,en,laptop,not_started,0,,,,2026-07-07 20:47:00,2026-07-07 03:41:52,0,0,yes,2026-07-07 05:09:52,3.0,Thu|Sat,evening,2.8,,yes,no,0,0,,,0,0,False,False,Sacramento,False
u_105510,BOS,2026-07-07 08:05:09,parole_probation_officer,45-54,en,laptop,not_started,0,,,,2026-07-10 22:39:21,2026-07-07 08:05:09,0,0,yes,2026-07-07 08:45:09,3.0,Tue|Sat,morning,1.0,,yes,yes,0,0,,,0,0,False,False,Boston,False
u_100487,NYC,2026-07-07 13:44:47,friend_family,35-44,es,laptop,not_started,0,,,,2026-07-08 00:26:15,2026-07-07 13:44:47,0,0,yes,2026-07-07 13:52:47,3.0,Tue|Thu,late_night,2.5,,yes,no,0,0,,,0,0,False,False,NYC,False
u_101723,NYC,2026-07-07 13:57:31,paid_social,55+,es,phone,not_started,0,,,,2026-07-08 04:37:37,2026-07-07 13:57:31,0,0,yes,2026-07-07 14:51:31,5.0,Tue|Fri|Sun,late_night,3.6,2026-08-31,unsure,yes,0,0,,,0,0,False,False,NYC,False
u_100091,NYC,2026-07-07 14:42:12,workforce_center,25-34,en,laptop,not_started,0,,,,2026-07-08 09:07:38,2026-07-07 14:42:12,0,0,yes,2026-07-07 15:31:12,3.0,Tue|Wed,evening,2.1,2026-09-22,yes,no,0,0,,,0,0,False,False,NYC,False
u_104679,Sacramento,2026-07-07 14:51:53,paid_social,45-54,en,phone,permit_passed,21,2026-07-09 19:34:00,2026-08-19 19:41:00,2026-08-19 19:41:00,2026-08-25 15:41:00,2026-08-21 22:54:50,0,0,yes,2026-07-07 16:08:53,3.0,Fri|Sun,evening,2.7,2026-09-09,yes,no,0,1,2026-08-25,passed,1,21,True,True,Sacramento,False
u_104867,Sacramento,2026-07-07 17:18:12,reentry_org,25-34,en,laptop,permit_passed,21,2026-07-07 18:44:05,2026-08-21 23:12:00,2026-08-21 23:12:00,2026-09-08 15:12:00,2026-08-24 15:28:32,0,0,yes,2026-07-07 18:15:12,7.0,Tue|Wed|Fri|Sat|Sun,late_night,3.8,2026-08-19,yes,no,0,2,2026-09-08,passed,1,21,True,True,Sacramento,False
u_102685,NYC,2026-07-07 19:12:22,paid_social,18-24,en,phone,inactive,2,2026-07-18 23:44:00,2026-07-18 23:48:00,,2026-07-25 04:23:05,2026-07-22 18:53:06,0,0,no,,,,,,,,no,0,2,,,0,2,True,False,NYC,False
u_102086,NYC,2026-07-07 19:17:04,friend_family,35-44,en,phone,permit_failed,21,2026-07-07 19:34:16,2026-08-22 22:07:00,2026-08-22 22:07:00,2026-09-01 15:07:00,2026-08-24 18:37:40,0,0,yes,2026-07-07 20:23:04,7.0,Tue|Wed|Thu|Fri|Sat,late_night,3.7,2026-08-09,unsure,yes,1,2,2026-09-01,failed,1,21,True,True,NYC,False
u_101601,NYC,2026-07-07 19:51:14,reentry_org,25-34,en,laptop,permit_failed,21,2026-07-07 21:46:12,2026-08-17 20:31:00,2026-08-17 20:31:00,2026-09-02 15:31:00,2026-08-30 18:59:09,0,0,no,,,,,,,,yes,0,1,2026-09-02,failed,1,21,True,True,NYC,False
u_104609,Sacramento,2026-07-07 20:10:10,paid_social,35-44,en,phone,permit_passed,21,2026-07-08 09:47:00,2026-08-15 06:51:00,2026-08-15 06:51:00,2026-08-26 15:51:00,2026-08-19 10:31:12,0,0,yes,2026-07-07 21:31:10,7.0,Mon|Tue|Wed|Thu|Fri,morning,4.3,,yes,no,0,2,2026-08-26,passed,1,21,True,True,Sacramento,False
u_105930,Boston,2026-07-08 01:58:47,parole_probation_officer,35-44,en,phone,not_started,0,,,,2026-07-09 19:16:20,2026-07-08 01:58:47,0,0,yes,2026-07-08 02:42:47,5.0,Tue|Fri|Sun,late_night,2.5,2026-09-02,yes,no,0,0,,,0,0,False,False,Boston,False
u_105237,Sacramento,2026-07-08 03:42:19,parole_probation_officer,25-34,en,phone,inactive,4,2026-07-08 03:51:00,2026-07-27 18:04:00,,2026-07-28 06:28:44,2026-07-24 23:49:57,0,0,yes,2026-07-08 04:10:19,5.0,Mon|Tue|Wed,evening,3.7,2026-08-24,yes,yes,2,0,,,0,4,True,False,Sacramento,False
u_105683,Boston,2026-07-08 05:01:14,paid_social,35-44,es,laptop,not_started,0,,,,2026-07-09 20:44:49,2026-07-08 05:01:14,0,0,yes,2026-07-08 05:14:14,7.0,Mon|Tue|Wed|Fri|Sun,afternoon,3.4,,yes,no,0,0,,,0,0,False,False,Boston,False
u_100516,NYC,2026-07-08 05:33:39,parole_probation_officer,25-34,en,laptop,inactive,14,2026-07-08 07:51:52,2026-08-03 22:21:00,,2026-08-04 11:48:53,2026-08-01 20:32:55,0,0,yes,2026-07-08 06:24:39,7.0,Mon|Wed|Thu|Sat|Sun,late_night,4.5,,yes,yes,4,2,,,0,14,True,False,NYC,False
u_105184,Sacramento,2026-07-08 05:48:35,paid_social,18-24,en,phone,not_started,0,,,,2026-07-10 03:47:46,2026-07-08 05:48:35,0,0,yes,2026-07-08 06:30:35,5.0,Mon|Fri|Sun,late_night,3.0,2026-08-27,yes,no,0,0,,,0,0,False,False,Sacramento,False
u_104181,Sacramento,2026-07-08 06:33:41,friend_family,55+,en,laptop,permit_passed,21,2026-07-17 22:36:00,2026-08-13 22:10:00,2026-08-13 22:10:00,2026-08-31 15:10:00,2026-08-04 17:24:23,0,0,yes,2026-07-08 07:05:41,7.0,Mon|Tue|Wed|Thu|Sun,late_night,4.1,2026-08-19,yes,yes,6,1,2026-08-31,passed,1,21,True,True,Sacramento,False
u_100602,NYC,2026-07-08 07:51:58,paid_social,35-44,es,phone,inactive,2,2026-07-09 19:07:00,2026-07-09 21:30:00,,2026-07-09 23:51:46,2026-07-08 07:51:58,0,0,yes,2026-07-08 08:19:58,7.0,Mon|Tue|Thu|Fri|Sun,evening,3.3,2026-08-21,no,no,0,1,,,0,2,True,False,NYC,False
u_103796,NYC,2026-07-08 09:40:11,reentry_org,18-24,en,phone,not_started,0,,,,2026-07-09 07:29:06,2026-07-08 23:11:32,0,0,yes,2026-07-08 10:02:11,10.0,Mon|Tue|Wed|Thu|Fri|Sat|Sun,evening,4.6,2026-08-06,unsure,yes,0,0,,,0,0,False,False,NYC,False
u_100538,NYC,2026-07-08 10:19:14,parole_probation_officer,55+,en,phone,not_started,0,,,,2026-07-08 19:00:12,2026-07-08 10:19:14,0,0,no,,,,,,,,no,0,0,,,0,0,False,False,NYC,False
u_101628,NYC,2026-07-08 10:38:32,friend_family,35-44,en,laptop,not_started,0,,,,2026-07-11 16:11:00,2026-07-08 10:38:32,0,0,yes,2026-07-08 11:12:32,5.0,Wed|Sat|Sun,late_night,2.9,2026-08-25,yes,yes,0,0,,,0,0,False,False,NYC,False
u_102269,NYC,2026-07-08 10:50:01,paid_social,25-34,en,laptop,not_started,0,,,,2026-07-08 20:16:58,2026-07-08 10:50:01,0,0,yes,2026-07-08 11:18:01,3.0,Thu|Fri,evening,1.5,2026-09-17,yes,yes,0,0,,,0,0,False,False,NYC,False
u_103842,NYC,2026-07-08 12:39:31,reentry_org,45-54,en,phone,not_started,0,,,,2026-07-08 22:11:40,2026-07-08 12:39:31,0,0,yes,2026-07-08 13:53:31,3.0,Mon|Sat,morning,1.4,2026-09-08,yes,yes,0,0,,,0,0,False,False,NYC,False
u_103981,Sacramento,2026-07-08 13:18:37,paid_social,55+,en,phone,inactive,3,2026-07-11 10:19:00,2026-07-16 10:26:00,,2026-07-16 19:22:32,2026-07-13 18:20:04,0,0,yes,2026-07-08 14:09:37,3.0,Tue|Fri,morning,2.5,,yes,no,0,1,,,0,3,True,False,Sacramento,False
u_104604,Sacramento,2026-07-08 13:56:30,reentry_org,25-34,en,phone,inactive,1,2026-07-09 06:44:00,2026-07-09 06:44:00,,2026-07-10 13:25:40,2026-07-08 13:56:30,0,0,no,,,,,,,,no,0,0,,,0,1,True,False,Sacramento,False
u_105493,Boston,2026-07-08 15:18:37,reentry_org,25-34,en,laptop,permit_passed,21,2026-07-11 14:22:00,2026-08-12 15:38:00,2026-08-12 15:38:00,2026-09-03 15:38:00,2026-08-10 20:15:07,0,0,yes,2026-07-08 15:40:37,5.0,Mon|Wed|Sun,afternoon,3.1,2026-08-30,no,yes,6,3,2026-09-03,passed,1,21,True,True,Boston,False
u_105079,Sacramento,2026-07-08 15:24:20,reentry_org,25-34,en,laptop,permit_passed,21,2026-07-14 09:48:00,2026-07-30 10:34:00,2026-07-30 10:34:00,2026-09-08 08:13:51,2026-09-03 21:47:41,9,0,no,,,,,,,,no,0,3,2026-08-17,passed,1,21,True,True,Sacramento,False
u_100680,NYC,2026-07-08 16:01:58,reentry_org,18-24,en,phone,permit_scheduled,21,2026-07-08 16:32:33,2026-08-19 23:02:00,2026-08-19 23:02:00,2026-08-20 00:46:27,2026-08-14 18:06:10,0,0,yes,2026-07-08 17:26:58,5.0,Mon|Thu|Sat,late_night,1.9,2026-08-22,yes,no,0,1,2026-09-18,,0,21,True,True,NYC,False
u_102053,NYC,2026-07-08 16:39:18,workforce_center,35-44,es,phone,permit_passed,21,2026-07-08 19:26:19,2026-07-31 06:56:00,2026-07-31 06:56:00,2026-08-21 15:56:00,2026-08-01 10:50:44,0,0,yes,2026-07-08 17:52:18,7.0,Mon|Wed|Thu|Sat|Sun,morning,3.7,2026-08-18,yes,yes,3,3,2026-08-21,passed,1,21,True,True,NYC,False
u_105419,Sacramento,2026-07-08 16:45:42,reentry_org,45-54,es,phone,permit_passed,21,2026-07-11 19:52:00,2026-08-22 17:02:00,2026-08-22 17:02:00,2026-08-31 15:02:00,2026-08-22 15:05:33,0,0,no,,,,,,,,no,0,3,2026-08-31,passed,1,21,True,True,Sacramento,False
u_100679,NYC,2026-07-08 17:31:21,workforce_center,25-34,en,phone,inactive,3,2026-07-12 09:52:00,2026-07-13 10:46:00,,2026-07-15 13:31:15,2026-07-08 17:31:21,0,0,yes,2026-07-08 17:40:21,3.0,Thu|Sun,morning,1.4,2026-09-02,no,no,0,0,,,0,3,True,False,NYC,False
u_103061,NYC,2026-07-08 17:54:02,workforce_center,25-34,en,phone,permit_passed,21,2026-07-08 18:34:26,2026-07-29 13:28:00,2026-07-29 13:28:00,2026-08-25 15:28:00,2026-08-02 23:17:02,0,0,yes,2026-07-08 19:06:02,10.0,Mon|Tue|Wed|Thu|Fri|Sat|Sun,afternoon,4.5,2026-08-16,unsure,yes,1,2,2026-08-25,passed,1,21,True,True,NYC,False
u_103925,NYC,2026-07-08 18:34:41,parole_probation_officer,25-34,en,phone,inactive,1,2026-07-09 13:06:00,2026-07-09 13:06:00,,2026-07-10 08:51:03,2026-07-09 18:34:40,0,0,no,,,,,,,,no,0,0,,,0,1,True,False,NYC,False
u_105174,Sacramento,2026-07-08 19:33:51,paid_social,25-34,en,phone,inactive,2,2026-07-10 23:55:00,2026-07-12 23:27:00,,2026-07-13 10:11:04,2026-07-13 07:35:46,0,0,no,,,,,,,,no,0,1,,,0,2,True,False,Sacramento,False
u_100348,NYC,2026-07-08 21:44:50,paid_social,35-44,en,tablet,course_complete,21,2026-07-08 21:59:33,2026-08-22 20:35:00,2026-08-22 20:35:00,2026-09-02 01:22:14,2026-08-29 01:36:01,0,0,yes,2026-07-08 23:00:50,3.0,Sat|Sun,evening,2.4,,yes,no,0,1,,,0,21,True,True,NYC,False
u_100787,NYC,2026-07-08 23:06:33,reentry_org,25-34,en,phone,not_started,0,,,,2026-07-09 14:33:21,2026-07-08 23:06:33,0,0,no,,,,,,,,yes,0,0,,,0,0,False,False,NYC,False
u_101135,NYC,2026-07-08 23:54:13,reentry_org,25-34,en,phone,permit_passed,21,2026-07-13 09:27:00,2026-08-27 09:27:00,2026-08-27 09:27:00,2026-09-07 15:27:00,2026-08-26 11:24:55,0,0,yes,2026-07-09 00:19:13,3.0,Mon|Fri,morning,1.6,2026-09-13,yes,yes,1,2,2026-09-07,passed,1,21,True,True,NYC,False
u_100947,NYC,2026-07-09 02:01:07,reentry_org,35-44,en,phone,permit_failed,21,2026-07-14 13:41:00,2026-07-31 14:21:00,2026-07-31 14:21:00,2026-09-04 15:21:00,2026-08-01 22:08:29,0,0,yes,2026-07-09 03:15:07,10.0,Mon|Tue|Wed|Thu|Fri|Sat|Sun,afternoon,5.7,2026-07-30,unsure,yes,3,1,2026-09-04,failed,1,21,True,True,NYC,False
u_102509,NYC,2026-07-09 03:45:27,workforce_center,25-34,en,laptop,course_complete,21,2026-07-09 14:14:06,2026-08-27 17:39:00,2026-08-27 17:39:00,2026-09-05 17:26:22,2026-09-02 11:00:05,0,0,yes,2026-07-09 05:14:27,3.0,Thu|Fri,evening,1.6,2026-09-10,yes,yes,6,2,,,0,21,True,True,NYC,False
u_102622,NYC,2026-07-09 04:46:03,reentry_org,25-34,es,shared_computer,inactive,1,2026-07-09 07:33:40,2026-07-09 07:33:40,,2026-07-10 06:06:12,2026-07-09 04:46:03,0,0,no,,,,,,,,no,0,0,,,0,1,True,False,NYC,False
u_100428,NYC,2026-07-09 05:30:27,paid_social,35-44,en,shared_computer,permit_scheduled,21,2026-07-12 21:54:00,2026-09-05 18:50:00,2026-09-05 18:50:00,2026-09-07 14:48:18,2026-09-01 06:09:03,0,0,yes,2026-07-09 05:42:27,3.0,Wed|Fri,evening,1.6,2026-09-22,yes,yes,6,2,2026-09-18,,0,21,True,True,NYC,False
u_101329,NYC,2026-07-09 05:33:39,paid_social,25-34,en,phone,inactive,1,2026-07-12 23:19:00,2026-07-12 23:19:00,,2026-07-15 02:41:51,2026-07-09 05:33:39,0,0,no,,,,,,,,no,0,0,,,0,1,True,False,NYC,False
u_104931,Sacramento,2026-07-09 08:58:38,reentry_org,25-34,en,phone,inactive,18,2026-07-09 23:30:17,2026-08-15 18:08:00,,2026-08-16 09:17:36,2026-08-11 02:48:57,0,0,yes,2026-07-09 10:13:38,5.0,Tue|Wed|Fri,evening,1.8,2026-08-20,unsure,yes,2,2,,,0,18,True,False,Sacramento,False
u_102158,NYC,2026-07-09 12:02:37,parole_probation_officer,35-44,en,phone,not_started,0,,,,2026-07-12 05:46:47,2026-07-09 12:02:37,0,0,no,,,,,,,,no,0,0,,,0,0,False,False,NYC,False
u_101057,NYC,2026-07-09 15:05:12,paid_social,35-44,es,phone,not_started,0,,,,2026-07-09 21:11:47,2026-07-09 15:05:12,0,0,no,,,,,,,,no,0,0,,,0,0,False,False,NYC,False
u_102853,NYC,2026-07-09 16:07:28,friend_family,35-44,en,laptop,course_complete,21,2026-07-10 12:22:00,2026-07-22 15:28:00,2026-07-22 15:28:00,2026-07-27 22:28:44,2026-07-23 20:14:53,0,0,yes,2026-07-09 17:24:28,10.0,Mon|Tue|Wed|Thu|Fri|Sat|Sun,afternoon,4.6,,yes,yes,3,2,,,0,21,True,True,NYC,False
u_101433,NYC,2026-07-09 16:34:56,workforce_center,35-44,en,phone,not_started,0,,,,2026-07-10 13:37:59,2026-07-10 09:10:47,0,0,no,,,,,,,,no,0,0,,,0,0,False,False,NYC,False
u_103363,NYC,2026-07-09 17:54:57,friend_family,18-24,en,phone,inactive,13,2026-07-10 09:09:00,2026-07-27 11:54:00,,2026-07-27 23:58:15,2026-07-27 10:35:58,0,0,yes,2026-07-09 19:10:57,7.0,Mon|Tue|Wed|Fri|Sat,morning,3.7,2026-08-15,unsure,no,0,1,,,0,13,True,False,NYC,False
u_105027,Sacramento,2026-07-09 20:15:23,friend_family,25-34,en,phone,inactive,3,2026-07-11 19:13:00,2026-07-11 20:10:00,,2026-07-14 16:03:19,2026-07-13 00:34:57,0,0,yes,2026-07-09 21:40:23,5.0,Mon|Wed|Fri,evening,2.0,2026-08-26,yes,no,0,1,,,0,3,True,False,Sacramento,False
u_102558,NYC,2026-07-09 22:20:25,parole_probation_officer,35-44,en,phone,inactive,4,2026-07-10 08:02:00,2026-07-23 08:09:00,,2026-07-25 00:18:45,2026-07-22 02:57:57,0,0,no,,,,,,,,no,0,1,,,0,4,True,False,NYC,False
u_103976,Sacramento,2026-07-10 03:02:10,friend_family,18-24,en,phone,inactive,1,2026-07-10 03:12:28,2026-07-10 03:12:28,,2026-07-10 14:29:29,2026-07-10 03:02:10,0,0,yes,2026-07-10 03:25:10,3.0,Mon|Thu,evening,1.7,2026-09-21,unsure,no,0,0,,,0,1,True,False,Sacramento,False
u_104012,Sacramento,2026-07-10 03:27:59,reentry_org,35-44,en,phone,not_started,0,,,,2026-07-10 08:07:34,2026-07-10 03:27:59,0,0,no,,,,,,,,no,0,0,,,0,0,False,False,Sacramento,False
u_101494,NYC,2026-07-10 04:04:36,workforce_center,35-44,en,phone,in_progress,19,2026-07-19 08:31:00,2026-09-08 11:03:00,,2026-09-11 06:45:48,2026-09-10 03:00:56,24,0,yes,2026-07-10 04:55:36,3.0,Sat|Sun,morning,2.8,,yes,yes,6,1,,,0,19,True,False,NYC,False
u_100892,NYC,2026-07-10 04:08:24,workforce_center,18-24,en,phone,not_started,0,,,,2026-07-10 04:14:54,2026-07-10 04:08:24,0,0,no,,,,,,,,yes,0,0,,,0,0,False,False,NYC,False
u_104773,Sacramento,2026-07-10 04:31:20,parole_probation_officer,35-44,es,phone,inactive,1,2026-07-14 23:08:00,2026-07-14 23:08:00,,2026-07-15 03:56:38,2026-07-14 05:02:29,0,0,no,,,,,,,,yes,1,0,,,0,1,True,False,Sacramento,False
u_101863,NYC,2026-07-10 04:32:17,reentry_org,55+,en,phone,not_started,0,,,,2026-07-12 22:07:54,2026-07-11 05:16:02,0,0,no,,,,,,,,no,0,0,,,0,0,False,False,NYC,False
u_100307,NYC,2026-07-10 04:34:37,reentry_org,18-24,en,phone,inactive,3,2026-07-12 06:31:00,2026-07-13 07:08:00,,2026-07-18 07:11:01,2026-07-16 05:20:17,0,0,no,,,,,,,,yes,1,2,,,0,3,True,False,NYC,False
u_101225,NYC,2026-07-10 07:47:16,parole_probation_officer,25-34,en,phone,inactive,6,2026-07-10 08:13:56,2026-07-27 23:05:00,,2026-07-28 10:43:39,2026-07-24 11:06:41,0,0,yes,2026-07-10 08:41:16,5.0,Fri|Sat|Sun,late_night,3.3,2026-08-19,yes,yes,1,2,,,0,6,True,False,NYC,False
u_104864,Sacramento,2026-07-10 07:55:31,friend_family,18-24,en,laptop,not_started,0,,,,2026-07-10 10:37:32,2026-07-10 07:55:31,0,0,yes,2026-07-10 09:22:31,5.0,Tue|Wed|Sat,late_night,2.8,2026-08-21,yes,yes,0,0,,,0,0,False,False,Sacramento,False
u_102578,NYC,2026-07-10 08:04:48,workforce_center,18-24,en,tablet,not_started,0,,,,2026-07-10 11:46:45,2026-07-10 08:04:48,0,0,no,,,,,,,,no,0,0,,,0,0,False,False,NYC,False
u_104702,Sacramento,2026-07-10 12:24:14,paid_social,25-34,en,phone,course_complete,21,2026-07-22 19:39:00,2026-09-07 20:18:00,2026-09-07 20:18:00,2026-09-14 21:49:00,2026-09-10 18:57:47,6,6,yes,2026-07-10 13:33:14,3.0,Mon|Tue,evening,2.2,2026-09-05,unsure,yes,1,3,,,0,21,True,True,Sacramento,False
u_100433,NYC,2026-07-10 13:08:26,reentry_org,35-44,en,phone,permit_failed,21,2026-07-10 13:46:54,2026-08-14 15:53:00,2026-08-14 15:53:00,2026-08-31 15:53:00,2026-08-13 11:35:20,0,0,yes,2026-07-10 14:19:26,5.0,Thu|Fri|Sat,afternoon,2.9,,unsure,no,0,2,2026-08-31,failed,1,21,True,True,NYC,False
u_103702,NYC,2026-07-10 16:54:30,parole_probation_officer,35-44,en,phone,permit_scheduled,21,2026-07-12 13:22:00,2026-08-30 12:37:00,2026-08-30 12:37:00,2026-09-02 16:29:26,2026-09-01 15:01:56,0,0,yes,2026-07-10 17:51:30,3.0,Wed|Sun,afternoon,2.8,,unsure,yes,2,1,2026-09-27,,0,21,True,True,NYC,False
u_100016,NYC,2026-07-10 18:19:02,paid_social,18-24,es,phone,not_started,0,,,,2026-07-13 23:19:25,2026-07-10 18:19:02,0,0,yes,2026-07-10 19:12:02,5.0,Mon|Sat|Sun,late_night,2.2,2026-08-31,yes,no,0,0,,,0,0,False,False,NYC,False
u_104044,Sacramento,2026-07-10 21:08:37,friend_family,35-44,en,phone,not_started,0,,,,2026-07-11 15:25:51,2026-07-10 21:08:37,0,0,yes,2026-07-10 22:36:37,5.0,Wed|Fri|Sat,evening,3.1,2026-08-20,no,no,0,0,,,0,0,False,False,Sacramento,False
u_105818,Boston,2026-07-10 22:29:42,reentry_org,25-34,en,phone,inactive,4,2026-07-10 22:42:21,2026-07-18 19:19:00,,2026-07-18 21:35:41,2026-07-10 22:29:42,0,0,yes,2026-07-10 22:39:42,7.0,Mon|Tue|Wed|Fri|Sat,evening,4.6,,yes,no,0,0,,,0,4,True,False,Boston,False
u_103406,NYC,2026-07-10 23:56:43,workforce_center,35-44,en,phone,inactive,2,2026-07-11 17:03:00,2026-07-14 21:55:00,,2026-07-22 22:13:32,2026-07-19 06:19:33,0,0,no,,,,,,,,no,0,0,,,0,2,True,False,NYC,False
u_101519,NYC,2026-07-11 00:14:29,friend_family,25-34,es,tablet,inactive,3,2026-07-11 00:53:45,2026-07-17 07:11:00,,2026-07-20 10:59:21,2026-07-20 01:04:34,0,0,no,,,,,,,,no,0,2,,,0,3,True,False,NYC,False
u_101733,NYC,2026-07-11 01:20:06,paid_social,25-34,en,phone,not_started,0,,,,2026-07-11 18:19:16,2026-07-11 15:49:08,0,0,no,,,,,,,,yes,0,0,,,0,0,False,False,NYC,False
u_105166,Sacramento,2026-07-11 01:28:12,friend_family,18-24,en,laptop,inactive,3,2026-07-11 02:11:37,2026-07-14 17:37:00,,2026-07-19 04:03:31,2026-07-17 18:05:04,0,0,yes,2026-07-11 02:53:12,3.0,Wed|Fri,evening,2.4,2026-09-12,unsure,yes,1,1,,,0,3,True,False,Sacramento,False
u_100832,NYC,2026-07-11 01:55:33,reentry_org,25-34,en,phone,inactive,3,2026-07-11 02:06:09,2026-07-20 15:03:00,,2026-07-23 02:29:16,2026-07-22 20:28:56,0,0,no,,,,,,,,no,0,1,,,0,3,True,False,NYC,False
u_100786,NYC,2026-07-11 01:56:32,reentry_org,35-44,en,phone,inactive,1,2026-07-16 09:59:00,2026-07-16 09:59:00,,2026-07-27 22:04:57,2026-07-27 05:27:32,0,0,yes,2026-07-11 02:41:32,10.0,Mon|Tue|Wed|Thu|Fri|Sat|Sun,morning,4.7,2026-08-14,unsure,no,0,1,,,0,1,True,False,NYC,False
u_103420,NYC,2026-07-11 02:46:44,parole_probation_officer,55+,en,laptop,course_complete,21,2026-07-11 03:02:36,2026-08-05 18:04:00,2026-08-05 18:04:00,2026-08-11 04:21:43,2026-08-07 15:58:36,0,0,no,,,,,,,,yes,3,2,,,0,21,True,True,NYC,False
u_104580,Sacramento,2026-07-11 04:54:54,friend_family,25-34,en,phone,inactive,3,2026-07-11 05:37:45,2026-07-19 22:38:00,,2026-07-20 19:55:37,2026-07-18 21:42:04,0,0,no,,,,,,,,no,0,0,,,0,3,True,False,Sacramento,False
u_100823,NYC,2026-07-11 09:47:38,paid_social,25-34,en,tablet,inactive,2,2026-07-13 22:21:00,2026-07-14 22:01:00,,2026-07-15 12:10:11,2026-07-12 00:36:29,0,0,no,,,,,,,,no,0,0,,,0,2,True,False,NYC,False
u_100960,NYC,2026-07-11 10:10:39,parole_probation_officer,25-34,en,phone,permit_passed,21,2026-07-11 10:24:27,2026-08-16 18:24:00,2026-08-16 18:24:00,2026-09-06 15:24:00,2026-08-15 15:06:50,0,0,yes,2026-07-11 11:13:39,5.0,Tue|Thu|Sun,evening,2.1,2026-08-28,yes,no,0,2,2026-09-06,passed,1,21,True,True,NYC,False
u_104547,Sacramento,2026-07-11 14:12:17,parole_probation_officer,25-34,es,phone,withdrawn,0,,,,2026-07-12 10:37:19,2026-07-11 14:12:17,0,0,yes,2026-07-11 15:28:17,5.0,Mon|Thu|Sun,afternoon,2.3,2026-08-17,yes,yes,0,0,,,0,0,False,False,Sacramento,False
u_105475,Boston,2026-07-11 14:12:56,paid_social,45-54,en,laptop,not_started,0,,,,2026-07-13 05:00:14,2026-07-12 17:39:27,0,0,yes,2026-07-11 14:48:56,7.0,Mon|Tue|Thu|Fri|Sat,morning,3.4,2026-08-27,yes,no,0,0,,,0,0,False,False,Boston,False
u_104169,Sacramento,2026-07-11 14:52:28,parole_probation_officer,18-24,en,phone,inactive,4,2026-07-12 15:08:00,2026-07-16 14:28:00,,2026-07-19 08:10:14,2026-07-18 00:05:06,0,0,no,,,,,,,,no,0,0,,,0,4,True,False,Sacramento,False
u_105664,Boston,2026-07-11 15:23:19,paid_social,45-54,en,laptop,course_complete,21,2026-07-11 18:22:55,2026-08-19 22:47:00,2026-08-19 22:47:00,2026-08-24 00:10:10,2026-08-22 02:29:31,0,0,yes,2026-07-11 15:41:19,5.0,Tue|Sat|Sun,late_night,1.9,,no,no,0,1,,,0,21,True,True,Boston,False
u_105244,Sacramento,2026-07-11 17:18:25,parole_probation_officer,25-34,en,laptop,course_complete,21,2026-07-11 17:34:36,2026-08-07 17:57:00,2026-08-07 17:57:00,2026-08-15 12:09:04,2026-08-11 01:57:01,0,0,no,,,,,,,,no,0,2,,,0,21,True,True,Sacramento,False
u_104583,Sacramento,2026-07-11 18:03:51,parole_probation_officer,45-54,en,laptop,inactive,1,2026-07-17 11:13:00,2026-07-17 11:13:00,,2026-07-20 00:19:12,2026-07-15 01:10:20,0,0,yes,2026-07-11 19:15:51,5.0,Tue|Thu|Sun,morning,2.7,2026-08-31,yes,no,0,0,,,0,1,True,False,Sacramento,False
u_105061,Sacramento,2026-07-11 19:28:01,paid_social,35-44,en,laptop,inactive,3,2026-07-12 21:28:00,2026-07-16 18:03:00,,2026-07-16 20:37:09,2026-07-14 22:36:59,0,0,yes,2026-07-11 20:46:01,5.0,Mon|Sat|Sun,evening,1.8,2026-09-06,yes,no,0,0,,,0,3,True,False,Sacramento,False
u_102627,NYC,2026-07-11 21:38:22,parole_probation_officer,25-34,es,tablet,inactive,1,2026-07-17 19:22:00,2026-07-17 19:22:00,,2026-07-19 19:37:04,2026-07-11 21:38:22,0,0,yes,2026-07-11 22:17:22,3.0,Mon|Tue,evening,2.1,,yes,no,0,2,,,0,1,True,False,NYC,False
u_105554,Boston,2026-07-11 23:57:02,paid_social,25-34,es,phone,withdrawn,3,2026-07-21 22:35:00,2026-07-29 22:44:00,,2026-08-01 01:24:02,2026-07-30 21:17:27,0,0,yes,2026-07-12 00:44:02,3.0,Fri|Sun,late_night,2.3,2026-09-21,no,no,0,1,,,0,3,True,False,Boston,False
u_105530,Boston,2026-07-12 02:02:59,paid_social,35-44,en,phone,not_started,0,,,,2026-07-13 03:15:18,2026-07-12 02:02:59,0,0,yes,2026-07-12 03:01:59,7.0,Mon|Tue|Thu|Fri|Sun,evening,3.2,2026-08-24,no,no,0,0,,,0,0,False,False,Boston,False
u_105450,Boston,2026-07-12 02:26:46,reentry_org,25-34,ht,laptop,not_started,0,,,,2026-07-16 09:53:28,2026-07-13 23:53:53,0,0,yes,2026-07-12 03:03:46,3.0,Wed|Sat,evening,2.3,2026-09-18,yes,no,0,0,,,0,0,False,False,Boston,False
u_102865,NYC,2026-07-12 05:27:57,workforce_center,35-44,en,laptop,not_started,0,,,,2026-07-13 21:19:33,2026-07-12 05:27:57,0,0,yes,2026-07-12 06:20:57,3.0,Wed|Fri,morning,1.2,2026-09-27,yes,no,0,0,,,0,0,False,False,NYC,False
u_102517,NYC,2026-07-12 05:45:33,friend_family,25-34,es,phone,inactive,1,2026-07-14 09:49:00,2026-07-14 09:49:00,,2026-07-16 16:22:23,2026-07-16 04:37:51,0,0,no,,,,,,,,no,0,1,,,0,1,True,False,NYC,False
u_100489,NYC,2026-07-12 08:01:24,friend_family,35-44,en,phone,inactive,2,2026-07-12 08:09:01,2026-07-20 10:53:00,,2026-07-22 12:49:11,2026-07-14 21:44:19,0,0,no,,,,,,,,no,0,1,,,0,2,True,False,NYC,False
u_104203,Sacramento,2026-07-12 08:46:19,workforce_center,25-34,en,tablet,inactive,1,2026-07-24 21:43:00,2026-07-24 21:43:00,,2026-07-25 02:50:47,2026-07-23 16:23:36,0,0,yes,2026-07-12 08:49:19,5.0,Tue|Thu|Fri,evening,2.8,2026-08-21,yes,no,0,2,,,0,1,True,False,Sacramento,False
u_102448,NYC,2026-07-12 10:48:17,workforce_center,25-34,en,phone,not_started,0,,,,2026-07-12 11:39:26,2026-07-12 10:48:17,0,0,yes,2026-07-12 11:49:17,10.0,Mon|Tue|Wed|Thu|Fri|Sat|Sun,afternoon,4.7,,yes,yes,0,0,,,0,0,False,False,NYC,False
u_101814,NYC,2026-07-12 10:50:57,paid_social,45-54,en,phone,not_started,0,,,,2026-07-13 16:17:16,2026-07-12 10:50:57,0,0,yes,2026-07-12 11:46:57,5.0,Tue|Thu|Sat,evening,2.1,2026-08-29,unsure,yes,0,0,,,0,0,False,False,NYC,False
u_103920,NYC,2026-07-12 12:14:03,reentry_org,18-24,en,phone,course_complete,21,2026-07-20 08:28:00,2026-08-01 10:43:00,2026-08-01 10:43:00,2026-08-05 09:41:37,2026-07-31 10:49:10,0,0,yes,2026-07-12 13:25:03,10.0,Mon|Tue|Wed|Thu|Fri|Sat|Sun,morning,5.8,,yes,no,0,3,,,0,21,True,True,NYC,False
u_105265,Sacramento,2026-07-12 13:12:54,friend_family,45-54,es,phone,permit_failed,21,2026-07-13 20:55:00,2026-08-14 18:47:00,2026-08-14 18:47:00,2026-08-31 15:47:00,2026-08-12 08:10:33,0,0,yes,2026-07-12 14:00:54,10.0,Mon|Tue|Wed|Thu|Fri|Sat|Sun,evening,4.2,2026-08-05,yes,no,0,2,2026-08-31,failed,1,21,True,True,Sacramento,False
u_101667,NYC,2026-07-12 13:55:50,parole_probation_officer,25-34,en,phone,inactive,3,2026-07-14 22:44:00,2026-07-23 22:58:00,,2026-07-30 03:25:21,2026-07-27 13:33:21,0,0,yes,2026-07-12 14:58:50,7.0,Tue|Wed|Thu|Fri|Sat,late_night,4.4,2026-08-18,yes,no,0,0,,,0,3,True,False,NYC,False
u_101995,NYC,2026-07-12 14:39:31,parole_probation_officer,35-44,es,phone,course_complete,21,2026-07-14 06:30:00,2026-08-19 09:51:00,2026-08-19 09:51:00,2026-08-21 20:17:48,2026-08-19 03:50:00,0,0,yes,2026-07-12 15:23:31,10.0,Mon|Tue|Wed|Thu|Fri|Sat|Sun,morning,4.5,,unsure,yes,6,2,,,0,21,True,True,NYC,False
u_105218,Sacramento,2026-07-12 15:38:00,workforce_center,18-24,en,phone,permit_passed,21,2026-07-19 16:18:00,2026-08-11 16:32:00,2026-08-11 16:32:00,2026-08-18 10:24:36,2026-08-13 04:49:11,0,0,no,,,,,,,,no,0,1,2026-08-17,passed,1,21,True,True,Sacramento,False
u_105867,Boston,2026-07-12 20:11:18,paid_social,25-34,en,laptop,not_started,0,,,,2026-07-13 19:27:33,2026-07-13 17:08:07,0,0,no,,,,,,,,no,0,0,,,0,0,False,False,Boston,False
u_100488,NYC,2026-07-12 23:44:13,reentry_org,25-34,en,phone,permit_passed,21,2026-07-16 16:32:00,2026-08-18 13:48:00,2026-08-18 13:48:00,2026-09-14 15:48:00,2026-08-24 11:43:40,0,0,yes,2026-07-13 00:28:13,5.0,Tue|Wed|Sat,afternoon,2.7,2026-09-04,no,no,0,1,2026-09-14,passed,2,21,True,True,NYC,False
u_104739,Sacramento,2026-07-13 03:20:37,reentry_org,45-54,es,laptop,permit_failed,21,2026-07-13 21:06:15,2026-08-21 22:43:00,2026-08-21 22:43:00,2026-09-06 10:17:26,2026-09-02 20:26:14,0,0,yes,2026-07-13 03:28:37,10.0,Mon|Tue|Wed|Thu|Fri|Sat|Sun,late_night,4.6,,no,yes,2,1,2026-09-04,failed,1,21,True,True,Sacramento,False
u_100770,NYC,2026-07-13 06:24:01,reentry_org,25-34,en,phone,inactive,3,2026-07-15 07:16:00,2026-07-22 07:42:00,,2026-07-23 18:41:17,2026-07-15 07:29:21,0,0,no,,,,,,,,no,0,1,,,0,3,True,False,NYC,False
u_101391,NYC,2026-07-13 07:23:31,reentry_org,35-44,en,phone,course_complete,21,2026-07-14 17:25:00,2026-08-14 17:12:00,2026-08-14 17:12:00,2026-08-15 09:54:48,2026-08-05 19:50:37,0,0,yes,2026-07-13 08:31:31,5.0,Wed|Sat|Sun,evening,3.0,,yes,no,0,1,,,0,21,True,True,NYC,False
u_103523,NYC,2026-07-13 08:43:22,friend_family,18-24,en,phone,not_started,0,,,,2026-07-14 01:02:23,2026-07-13 08:43:22,0,0,yes,2026-07-13 09:38:22,3.0,Fri|Sat,afternoon,1.1,,yes,no,0,0,,,0,0,False,False,NYC,False
u_101554,NYC,2026-07-13 16:50:06,parole_probation_officer,35-44,en,phone,inactive,1,2026-07-14 09:10:00,2026-07-14 09:10:00,,2026-07-17 21:44:52,2026-07-15 09:00:37,0,0,yes,2026-07-13 17:55:06,5.0,Mon|Thu|Sat,morning,3.2,,yes,no,0,1,,,0,1,True,False,NYC,False
u_101136,NYC,2026-07-13 16:59:07,reentry_org,45-54,en,laptop,inactive,7,2026-07-16 23:56:00,2026-08-05 22:13:00,,2026-08-13 08:00:55,2026-08-06 05:39:05,0,0,no,,,,,,,,no,0,1,,,0,7,True,False,NYC,False
u_100108,NYC,2026-07-13 17:23:05,workforce_center,45-54,en,laptop,not_started,0,,,,2026-07-13 21:07:53,2026-07-13 17:23:05,0,0,yes,2026-07-13 17:40:05,3.0,Wed|Sat,evening,2.1,2026-09-08,no,no,0,0,,,0,0,False,False,NYC,False
u_105577,Boston,2026-07-13 20:33:17,reentry_org,35-44,en,laptop,not_started,0,,,,2026-07-14 05:53:53,2026-07-13 20:33:17,0,0,no,,,,,,,,yes,0,0,,,0,0,False,False,Boston,False
u_101642,NYC,2026-07-13 21:57:49,friend_family,25-34,en,phone,inactive,1,2026-07-15 20:51:00,2026-07-15 20:51:00,,2026-07-18 10:55:16,2026-07-18 09:03:54,0,0,no,,,,,,,,yes,0,0,,,0,1,True,False,NYC,False
u_101949,NYC,2026-07-14 01:17:31,paid_social,25-34,es,laptop,inactive,2,2026-07-14 16:14:57,2026-07-22 18:04:00,,2026-07-25 11:06:40,2026-07-16 07:58:52,0,0,yes,2026-07-14 01:57:31,7.0,Mon|Tue|Wed|Thu|Sat,evening,3.5,2026-08-16,yes,no,0,1,,,0,2,True,False,NYC,False
u_104756,Sacramento,2026-07-14 04:14:50,workforce_center,25-34,en,shared_computer,inactive,3,2026-07-19 14:53:00,2026-08-01 13:51:00,,2026-08-03 20:13:06,2026-07-31 08:29:21,0,0,no,,,,,,,,yes,0,0,,,0,3,True,False,Sacramento,False
u_101263,NYC,2026-07-14 05:27:52,paid_social,25-34,en,phone,inactive,2,2026-07-19 07:29:00,2026-07-21 06:55:00,,2026-07-21 18:45:27,2026-07-20 01:16:29,0,0,yes,2026-07-14 06:28:52,5.0,Mon|Fri|Sat,morning,1.8,2026-09-02,yes,yes,1,0,,,0,2,True,False,NYC,False
u_102814,NYC,2026-07-14 08:03:36,reentry_org,35-44,en,phone,not_started,0,,,,2026-07-14 20:22:17,2026-07-14 08:03:36,0,0,no,,,,,,,,no,0,0,,,0,0,False,False,NYC,False
u_102778,NYC,2026-07-14 10:09:28,paid_social,45-54,en,phone,not_started,0,,,,2026-07-14 18:03:50,2026-07-14 10:09:28,0,0,no,,,,,,,,no,0,0,,,0,0,False,False,NYC,False
u_104047,Sacramento,2026-07-14 12:30:34,parole_probation_officer,35-44,en,phone,course_complete,21,2026-07-14 13:50:19,2026-08-15 21:13:00,2026-08-15 21:13:00,2026-08-24 19:00:44,2026-08-24 07:59:00,0,0,no,,,,,,,,yes,3,2,,,0,21,True,True,Sacramento,False
u_105801,Boston,2026-07-14 15:31:01,friend_family,35-44,en,phone,not_started,0,,,,2026-07-14 23:24:34,2026-07-14 15:31:01,0,0,no,,,,,,,,no,0,0,,,0,0,False,False,Boston,False
u_104584,Sacramento,2026-07-14 18:11:23,paid_social,18-24,en,phone,inactive,1,2026-07-16 22:36:00,2026-07-16 22:36:00,,2026-07-19 21:03:28,2026-07-14 20:49:02,0,0,no,,,,,,,,no,0,1,,,0,1,True,False,Sacramento,False
u_104083,Sacramento,2026-07-14 18:25:54,paid_social,35-44,en,laptop,not_started,0,,,,2026-07-16 07:10:52,2026-07-14 18:25:54,0,0,yes,2026-07-14 19:52:54,3.0,Wed|Sat,afternoon,1.2,2026-09-21,no,yes,0,0,,,0,0,False,False,Sacramento,False
u_102841,NYC,2026-07-14 18:33:42,paid_social,35-44,es,laptop,not_started,0,,,,2026-07-16 18:24:05,2026-07-14 18:33:42,0,0,no,,,,,,,,no,0,0,,,0,0,False,False,NYC,False
u_102104,NYC,2026-07-15 00:21:07,paid_social,35-44,en,phone,inactive,3,2026-07-15 01:54:24,2026-07-22 18:53:00,,2026-07-24 23:50:38,2026-07-15 14:30:11,0,0,yes,2026-07-15 01:10:07,5.0,Mon|Tue|Sun,evening,2.5,2026-09-09,yes,yes,0,2,,,0,3,True,False,NYC,False
u_100031,NYC,2026-07-15 01:58:51,reentry_org,25-34,en,phone,inactive,4,2026-07-15 04:45:58,2026-07-25 15:00:00,,2026-07-26 17:09:58,2026-07-15 01:58:51,0,0,yes,2026-07-15 03:27:51,7.0,Tue|Thu|Fri|Sat|Sun,afternoon,3.6,2026-08-15,yes,no,0,0,,,0,4,True,False,NYC,False
u_100870,NYC,2026-07-15 02:58:09,parole_probation_officer,35-44,en,laptop,course_complete,21,2026-07-21 10:05:00,2026-08-17 10:30:00,2026-08-17 10:30:00,2026-08-20 01:23:57,2026-08-19 07:46:52,0,0,yes,2026-07-15 04:17:09,7.0,Mon|Thu|Fri|Sat|Sun,morning,3.8,2026-08-31,no,yes,1,1,,,0,21,True,True,NYC,False
u_104253,Sacramento,2026-07-15 03:19:44,paid_social,25-34,en,shared_computer,course_complete,21,2026-07-15 04:44:25,2026-09-13 20:46:00,2026-09-13 20:46:00,2026-09-15 00:39:00,2026-09-11 02:00:59,57,35,yes,2026-07-15 03:30:44,5.0,Mon|Thu|Fri,evening,2.8,2026-08-24,no,no,0,1,,,0,21,True,True,Sacramento,False
u_101483,NYC,2026-07-15 03:54:48,paid_social,25-34,en,phone,inactive,3,2026-07-15 04:10:43,2026-07-20 21:55:00,,2026-07-22 03:32:43,2026-07-18 20:16:47,0,0,no,,,,,,,,yes,0,1,,,0,3,True,False,NYC,False
u_103096,NYC,2026-07-15 04:53:52,reentry_org,25-34,en,phone,inactive,5,2026-07-23 10:47:00,2026-07-25 10:47:00,,2026-07-28 18:10:03,2026-07-28 16:43:49,0,0,no,,,,,,,,yes,6,2,,,0,5,True,False,NYC,False
u_101924,NYC,2026-07-15 05:00:41,paid_social,18-24,es,phone,not_started,0,,,,2026-07-15 06:35:51,2026-07-15 05:00:41,0,0,yes,2026-07-15 06:08:41,7.0,Mon|Tue|Wed|Thu|Sat,morning,4.2,,yes,no,0,0,,,0,0,False,False,NYC,False
u_103753,NYC,2026-07-15 06:06:27,paid_social,25-34,en,phone,not_started,0,,,,2026-07-15 17:19:20,2026-07-15 06:06:27,0,0,yes,2026-07-15 07:07:27,3.0,Tue|Wed,late_night,0.9,,no,yes,0,0,,,0,0,False,False,NYC,False
u_105638,Boston,2026-07-15 06:09:13,paid_social,45-54,en,phone,in_progress,20,2026-07-15 06:39:19,2026-09-11 21:05:00,,2026-09-13 11:11:17,2026-09-09 18:37:14,21,11,yes,2026-07-15 06:31:13,3.0,Tue|Thu,evening,2.4,2026-09-24,yes,no,0,1,,,0,20,True,False,Boston,False
u_101486,NYC,2026-07-15 07:42:22,parole_probation_officer,55+,en,phone,inactive,3,2026-07-17 11:24:00,2026-07-25 07:32:00,,2026-07-27 16:35:29,2026-07-26 04:06:02,0,0,no,,,,,,,,yes,4,2,,,0,3,True,False,NYC,False
u_100492,NYC,2026-07-15 08:20:13,workforce_center,35-44,en,laptop,not_started,0,,,,2026-07-15 22:15:15,2026-07-15 08:20:13,0,0,no,,,,,,,,no,0,0,,,0,0,False,False,NYC,False
u_105643,Boston,2026-07-15 11:49:19,paid_social,45-54,ht,laptop,inactive,1,2026-07-18 14:01:00,2026-07-18 14:01:00,,2026-07-19 13:40:09,2026-07-19 02:44:57,0,0,no,,,,,,,,no,0,2,,,0,1,True,False,Boston,False
u_100116,NYC,2026-07-15 12:30:06,reentry_org,35-44,es,tablet,inactive,1,2026-07-15 12:46:18,2026-07-15 12:46:18,,2026-07-21 10:34:38,2026-07-15 12:30:06,0,0,no,,,,,,,,yes,1,1,,,0,1,True,False,NYC,False
u_105380,Sacramento,2026-07-15 12:32:43,paid_social,35-44,es,phone,in_progress,12,2026-07-23 18:42:00,2026-09-14 18:07:00,,2026-09-15 01:22:00,2026-09-14 00:33:36,43,24,yes,2026-07-15 13:55:43,5.0,Mon|Wed|Sat,evening,2.9,2026-09-06,yes,yes,2,2,,,0,12,True,False,Sacramento,False
u_102708,NYC,2026-07-15 12:34:59,workforce_center,45-54,en,phone,inactive,9,2026-07-16 06:44:00,2026-07-29 12:03:00,,2026-07-29 15:11:16,2026-07-27 13:27:22,0,0,yes,2026-07-15 13:55:59,5.0,Mon|Tue|Thu,morning,3.6,2026-08-25,no,no,0,1,,,0,9,True,False,NYC,False
u_101430,NYC,2026-07-15 12:57:02,paid_social,18-24,en,tablet,inactive,1,2026-07-15 13:04:50,2026-07-15 13:04:50,,2026-07-15 22:18:58,2026-07-15 12:57:02,0,0,no,,,,,,,,no,0,0,,,0,1,True,False,NYC,False
u_103768,NYC,2026-07-15 14:57:30,reentry_org,18-24,en,phone,course_complete,21,2026-07-16 18:57:00,2026-09-04 18:27:00,2026-09-04 18:27:00,2026-09-12 19:08:21,2026-09-11 19:04:39,9,3,yes,2026-07-15 15:35:30,3.0,Mon|Sun,evening,1.1,2026-09-30,yes,yes,0,1,,,0,21,True,True,NYC,False
u_101386,NYC,2026-07-15 17:39:05,friend_family,45-54,en,phone,not_started,0,,,,2026-07-15 23:13:06,2026-07-15 17:39:05,0,0,no,,,,,,,,yes,0,0,,,0,0,False,False,NYC,False
u_105014,Sacramento,2026-07-15 17:54:22,reentry_org,35-44,en,phone,permit_passed,21,2026-07-21 07:36:00,2026-07-30 08:56:00,2026-07-30 08:56:00,2026-08-11 15:56:00,2026-07-28 16:08:10,0,0,yes,2026-07-15 18:45:22,10.0,Mon|Tue|Wed|Thu|Fri|Sat|Sun,morning,5.1,2026-08-16,yes,no,0,2,2026-08-11,passed,1,21,True,True,Sacramento,False
u_105253,Sacramento,2026-07-15 19:26:57,reentry_org,35-44,en,phone,inactive,2,2026-07-15 19:34:55,2026-07-18 09:40:00,,2026-07-19 00:15:23,2026-07-15 20:36:55,0,0,no,,,,,,,,yes,2,1,,,0,2,True,False,Sacramento,False
u_102923,NYC,2026-07-15 20:31:31,reentry_org,25-34,en,laptop,inactive,5,2026-07-15 22:26:19,2026-07-19 09:56:00,,2026-07-21 06:00:17,2026-07-21 05:22:19,0,0,no,,,,,,,,yes,0,1,,,0,5,True,False,NYC,False
u_102667,NYC,2026-07-15 20:39:07,parole_probation_officer,35-44,es,shared_computer,inactive,1,2026-07-15 23:03:57,2026-07-15 23:03:57,,2026-07-16 08:06:19,2026-07-15 20:39:07,0,0,yes,2026-07-15 22:00:07,5.0,Mon|Wed|Thu,evening,2.5,2026-08-30,yes,no,0,0,,,0,1,True,False,NYC,False
u_105068,Sacramento,2026-07-15 23:27:23,friend_family,35-44,es,phone,permit_passed,21,2026-07-15 23:43:10,2026-08-23 23:03:00,2026-08-23 23:03:00,2026-09-01 15:03:00,2026-08-27 03:02:57,0,0,no,,,,,,,,no,0,2,2026-09-01,passed,1,21,True,True,Sacramento,False
u_100620,NYC,2026-07-16 01:36:11,friend_family,25-34,en,laptop,course_complete,21,2026-07-20 20:11:00,2026-08-26 20:22:00,2026-08-26 20:22:00,2026-08-30 14:31:43,2026-08-28 08:27:49,0,0,yes,2026-07-16 01:41:11,5.0,Mon|Tue|Fri,evening,3.0,2026-09-01,yes,no,0,1,,,0,21,True,True,NYC,False
u_104800,Sacramento,2026-07-16 04:59:45,reentry_org,45-54,en,phone,not_started,0,,,,2026-07-17 14:45:34,2026-07-16 04:59:45,0,0,no,,,,,,,,yes,0,0,,,0,0,False,False,Sacramento,False
u_104036,Sacramento,2026-07-16 06:17:56,paid_social,35-44,en,laptop,inactive,3,2026-07-17 08:08:00,2026-07-22 11:51:00,,2026-07-23 15:06:44,2026-07-23 11:56:39,0,0,yes,2026-07-16 07:12:56,5.0,Mon|Thu|Sat,morning,3.1,,no,no,0,0,,,0,3,True,False,Sacramento,False
u_101514,NYC,2026-07-16 06:34:21,paid_social,35-44,es,phone,inactive,1,2026-07-18 15:07:00,2026-07-18 15:07:00,,2026-07-21 03:16:09,2026-07-16 06:34:21,0,0,yes,2026-07-16 06:43:21,10.0,Mon|Tue|Wed|Thu|Fri|Sat|Sun,afternoon,4.3,2026-08-24,yes,no,0,2,,,0,1,True,False,NYC,False
u_102232,NYC,2026-07-16 08:58:50,paid_social,35-44,en,phone,not_started,0,,,,2026-07-22 21:59:38,2026-07-16 08:58:50,0,0,no,,,,,,,,no,0,0,,,0,0,False,False,NYC,False
u_100367,NYC,2026-07-16 09:14:26,parole_probation_officer,18-24,en,tablet,inactive,2,2026-07-16 09:45:49,2026-07-17 06:34:00,,2026-07-19 18:12:26,2026-07-16 09:14:26,0,0,yes,2026-07-16 10:19:26,10.0,Mon|Tue|Wed|Thu|Fri|Sat|Sun,morning,4.5,2026-08-26,yes,no,0,2,,,0,2,True,False,NYC,False
u_103830,NYC,2026-07-16 09:39:46,friend_family,25-34,en,laptop,not_started,0,,,,2026-07-20 00:15:39,2026-07-19 17:32:53,0,0,no,,,,,,,,yes,0,0,,,0,0,False,False,NYC,False
u_103026,NYC,2026-07-16 10:04:32,reentry_org,25-34,en,phone,course_complete,21,2026-07-16 10:11:12,2026-08-13 20:10:00,2026-08-13 20:10:00,2026-08-14 19:34:06,2026-08-11 21:41:53,0,0,yes,2026-07-16 10:55:32,7.0,Mon|Wed|Fri|Sat|Sun,evening,4.5,,unsure,no,0,3,,,0,21,True,True,NYC,False
u_104086,Sacramento,2026-07-16 10:15:20,workforce_center,25-34,en,phone,not_started,0,,,,2026-07-17 09:56:54,2026-07-16 10:15:20,0,0,no,,,,,,,,no,0,0,,,0,0,False,False,Sacramento,False
u_105912,Boston,2026-07-16 11:33:40,parole_probation_officer,55+,en,laptop,not_started,0,,,,2026-07-16 20:49:22,2026-07-16 11:33:40,0,0,yes,2026-07-16 11:43:40,5.0,Tue|Fri|Sat,evening,2.1,,yes,no,0,0,,,0,0,False,False,Boston,False
u_103475,NYC,2026-07-16 11:37:04,paid_social,35-44,en,phone,not_started,0,,,,2026-07-18 00:39:01,2026-07-16 11:37:04,0,0,yes,2026-07-16 12:09:04,10.0,Mon|Tue|Wed|Thu|Fri|Sat|Sun,evening,5.4,2026-08-18,yes,no,0,0,,,0,0,False,False,NYC,False
u_105835,Boston,2026-07-16 13:06:58,friend_family,35-44,en,phone,not_started,0,,,,2026-07-17 07:06:22,2026-07-16 13:06:58,0,0,no,,,,,,,,no,0,0,,,0,0,False,False,Boston,False
u_102253,NYC,2026-07-16 13:27:19,reentry_org,55+,en,phone,inactive,2,2026-07-16 13:42:09,2026-07-17 23:54:00,,2026-07-20 17:12:56,2026-07-16 13:27:19,0,0,yes,2026-07-16 13:53:19,7.0,Mon|Tue|Thu|Fri|Sat,late_night,3.0,,unsure,no,0,0,,,0,2,True,False,NYC,False
u_102076,NYC,2026-07-16 14:59:12,paid_social,18-24,en,tablet,not_started,0,,,,2026-07-18 04:19:48,2026-07-17 13:06:41,0,0,yes,2026-07-16 16:18:12,3.0,Tue|Sat,afternoon,2.8,2026-09-27,unsure,yes,0,0,,,0,0,False,False,NYC,False
u_102555,NYC,2026-07-16 15:35:10,parole_probation_officer,25-34,en,phone,not_started,0,,,,2026-07-17 03:43:32,2026-07-16 15:35:10,0,0,no,,,,,,,,no,0,0,,,0,0,False,False,NYC,False
u_104673,Sacramento,2026-07-16 16:48:57,reentry_org,35-44,en,phone,inactive,1,2026-07-16 17:29:47,2026-07-16 17:29:47,,2026-07-24 11:52:31,2026-07-19 08:15:36,0,0,no,,,,,,,,no,0,0,,,0,1,True,False,Sacramento,False
u_103591,NYC,2026-07-16 17:17:09,parole_probation_officer,45-54,en,shared_computer,course_complete,21,2026-07-16 19:54:22,2026-08-27 22:51:00,2026-08-27 22:51:00,2026-08-28 05:26:11,2026-08-21 23:59:23,0,0,yes,2026-07-16 17:30:09,7.0,Mon|Tue|Thu|Fri|Sun,late_night,3.5,2026-08-31,yes,yes,3,2,,,0,21,True,True,NYC,False
u_101396,NYC,2026-07-16 20:09:52,reentry_org,35-44,en,phone,in_progress,15,2026-07-16 22:37:36,2026-09-12 08:25:00,,2026-09-13 20:18:31,2026-09-13 08:01:22,36,21,yes,2026-07-16 21:23:52,3.0,Fri|Sat,morning,2.3,2026-09-28,no,no,0,1,,,0,15,True,False,NYC,False
u_102688,NYC,2026-07-16 20:35:47,reentry_org,25-34,en,phone,not_started,0,,,,2026-07-17 18:59:50,2026-07-16 20:35:47,0,0,yes,2026-07-16 21:08:47,3.0,Tue|Sat,afternoon,2.4,2026-10-01,yes,no,0,0,,,0,0,False,False,NYC,False
u_103014,NYC,2026-07-16 23:38:07,friend_family,45-54,en,phone,inactive,2,2026-07-17 17:05:00,2026-07-17 20:09:00,,2026-07-28 07:13:24,2026-07-27 18:53:26,0,0,no,,,,,,,,no,0,0,,,0,2,True,False,NYC,False
u_104157,Sacramento,2026-07-17 00:09:51,paid_social,25-34,es,phone,not_started,0,,,,2026-07-22 09:41:43,2026-07-21 11:19:45,0,0,yes,2026-07-17 01:08:51,5.0,Tue|Wed|Fri,evening,3.7,2026-09-07,unsure,no,0,0,,,0,0,False,False,Sacramento,False
u_103177,NYC,2026-07-17 01:19:21,paid_social,35-44,en,phone,inactive,2,2026-07-17 01:45:06,2026-07-18 10:45:00,,2026-07-24 07:03:16,2026-07-23 16:57:36,0,0,yes,2026-07-17 02:36:21,3.0,Thu|Sat,morning,2.5,2026-09-19,yes,no,0,0,,,0,2,True,False,NYC,False
u_104891,Sacramento,2026-07-17 01:34:39,paid_social,25-34,en,phone,course_complete,21,2026-07-19 13:45:00,2026-08-24 15:29:00,2026-08-24 15:29:00,2026-08-30 05:04:36,2026-08-21 09:39:44,0,0,yes,2026-07-17 01:46:39,5.0,Tue|Wed|Sun,afternoon,3.5,,unsure,yes,2,2,,,0,21,True,True,Sacramento,False
u_102058,NYC,2026-07-17 05:26:52,workforce_center,45-54,en,tablet,not_started,0,,,,2026-07-22 14:18:28,2026-07-20 23:32:34,0,0,yes,2026-07-17 05:39:52,5.0,Fri|Sat|Sun,afternoon,2.3,2026-08-31,yes,yes,0,0,,,0,0,False,False,NYC,False
u_101417,NYC,2026-07-17 07:24:16,workforce_center,25-34,en,phone,not_started,0,,,,2026-07-18 01:12:12,2026-07-17 07:24:16,0,0,no,,,,,,,,no,0,0,,,0,0,False,False,NYC,False
u_101327,NYC,2026-07-17 07:34:23,friend_family,18-24,en,phone,course_complete,21,2026-07-17 23:15:23,2026-09-08 23:56:00,2026-09-08 23:56:00,2026-09-13 14:37:54,2026-09-12 20:49:09,15,11,yes,2026-07-17 07:56:23,5.0,Tue|Wed|Sun,late_night,3.0,2026-08-28,unsure,no,0,3,,,0,21,True,True,NYC,False
u_104821,Sacramento,2026-07-17 10:21:30,reentry_org,18-24,en,tablet,not_started,0,,,,2026-07-20 18:23:23,2026-07-20 14:50:31,0,0,no,,,,,,,,yes,0,0,,,0,0,False,False,Sacramento,False
u_103617,NYC,2026-07-17 12:41:35,reentry_org,35-44,en,phone,not_started,0,,,,2026-07-19 11:27:35,2026-07-17 12:41:35,0,0,no,,,,,,,,no,0,0,,,0,0,False,False,NYC,False
u_105889,Boston,2026-07-17 16:55:30,reentry_org,45-54,en,phone,not_started,0,,,,2026-07-21 00:21:06,2026-07-17 16:55:30,0,0,yes,2026-07-17 18:05:30,7.0,Mon|Tue|Wed|Thu|Sat,evening,4.1,2026-08-23,unsure,no,0,0,,,0,0,False,False,Boston,False
u_101029,NYC,2026-07-17 17:05:47,reentry_org,35-44,en,phone,inactive,2,2026-07-17 17:13:19,2026-07-18 20:49:00,,2026-07-19 06:17:07,2026-07-18 09:34:59,0,0,no,,,,,,,,no,0,0,,,0,2,True,False,NYC,False
u_103886,NYC,2026-07-17 18:21:16,reentry_org,25-34,en,phone,not_started,0,,,,2026-07-18 06:56:37,2026-07-17 18:21:16,0,0,yes,2026-07-17 18:43:16,7.0,Mon|Wed|Thu|Sat|Sun,morning,4.1,2026-08-21,yes,yes,0,0,,,0,0,False,False,NYC,False
u_102063,NYC ,2026-07-17 18:47:00,parole_probation_officer,25-34,en,laptop,course_complete,21,2026-07-17 19:17:32,2026-09-03 19:35:00,2026-09-03 19:35:00,2026-09-07 22:43:16,2026-09-03 01:05:06,0,0,yes,2026-07-17 19:42:00,3.0,Mon|Thu,evening,2.6,2026-09-25,unsure,no,0,1,,,0,21,True,True,NYC,False
u_102787,NYC,2026-07-17 22:10:42,parole_probation_officer,25-34,en,tablet,not_started,0,,,,2026-07-24 06:52:13,2026-07-17 22:10:42,0,0,yes,2026-07-17 22:47:42,7.0,Mon|Tue|Wed|Thu|Sat,late_night,4.2,2026-08-24,yes,no,0,0,,,0,0,False,False,NYC,False
u_101745,NYC,2026-07-17 22:45:48,parole_probation_officer,25-34,en,phone,not_started,0,,,,2026-07-18 02:14:34,2026-07-17 22:45:48,0,0,yes,2026-07-17 23:14:48,7.0,Tue|Wed|Thu|Fri|Sun,afternoon,3.1,,no,yes,0,0,,,0,0,False,False,NYC,False
u_105522,Boston,2026-07-18 00:48:29,friend_family,45-54,en,laptop,inactive,2,2026-07-18 01:30:32,2026-07-21 10:32:00,,2026-07-22 14:07:11,2026-07-18 00:48:29,0,0,yes,2026-07-18 01:40:29,7.0,Tue|Wed|Thu|Fri|Sat,morning,4.1,2026-08-22,unsure,no,0,1,,,0,2,True,False,Boston,False
u_100359,NYC,2026-07-18 02:31:48,paid_social,35-44,en,phone,in_progress,18,2026-07-26 23:01:00,2026-09-14 22:34:00,,2026-09-15 00:55:00,2026-09-12 14:57:39,96,71,yes,2026-07-18 03:28:48,5.0,Mon|Wed|Sun,late_night,3.1,2026-08-27,no,no,0,2,,,0,18,True,False,NYC,False
u_102676,NYC,2026-07-18 03:23:10,friend_family,35-44,en,phone,permit_passed,21,2026-07-18 03:51:52,2026-08-19 18:31:00,2026-08-19 18:31:00,2026-09-13 15:31:00,2026-08-27 23:10:05,0,0,no,,,,,,,,no,0,2,2026-09-13,passed,1,21,True,True,NYC,False
u_100272,NYC,2026-07-18 04:30:39,reentry_org,18-24,en,tablet,course_complete,21,2026-07-18 04:44:44,2026-08-28 23:45:00,2026-08-28 23:45:00,2026-08-29 16:08:58,2026-08-26 11:14:11,0,0,yes,2026-07-18 05:21:39,5.0,Thu|Fri|Sat,late_night,1.8,,unsure,yes,4,1,,,0,21,True,True,NYC,False
u_101742,NYC,2026-07-18 05:47:14,paid_social,18-24,en,laptop,not_started,0,,,,2026-07-19 05:58:42,2026-07-18 23:23:53,0,0,yes,2026-07-18 05:53:14,5.0,Tue|Wed|Thu,late_night,2.8,2026-09-12,unsure,no,0,0,,,0,0,False,False,NYC,False
u_101977,NYC,2026-07-18 08:23:06,parole_probation_officer,55+,es,laptop,course_complete,21,2026-07-18 10:39:14,2026-08-11 12:02:00,2026-08-11 12:02:00,2026-08-12 09:12:43,2026-08-06 10:20:17,0,0,no,,,,,,,,yes,6,1,,,0,21,True,True,NYC,False
u_105129,Sacramento,2026-07-18 09:26:35,parole_probation_officer,25-34,en,phone,permit_passed,21,2026-07-27 17:50:00,2026-08-13 19:17:00,2026-08-13 19:17:00,2026-08-19 15:17:00,2026-08-13 10:51:33,0,0,yes,2026-07-18 10:44:35,10.0,Mon|Tue|Wed|Thu|Fri|Sat|Sun,evening,5.7,2026-08-19,unsure,no,0,1,2026-08-19,passed,1,21,True,True,Sacramento,False
u_103385,NYC,2026-07-18 12:27:10,paid_social,25-34,en,phone,inactive,2,2026-07-26 13:46:00,2026-07-28 12:55:00,,2026-07-29 16:02:08,2026-07-24 05:00:14,0,0,no,,,,,,,,no,0,2,,,0,2,True,False,NYC,False
u_104422,Sacramento,2026-07-18 16:08:46,paid_social,18-24,en,phone,not_started,0,,,,2026-07-19 04:16:33,2026-07-19 00:46:58,0,0,yes,2026-07-18 16:59:46,3.0,Wed|Fri,morning,2.0,2026-09-21,unsure,no,0,0,,,0,0,False,False,Sacramento,False
u_102273,NYC,2026-07-18 17:33:29,parole_probation_officer,25-34,en,laptop,inactive,3,2026-07-18 19:02:19,2026-07-22 19:44:00,,2026-07-27 02:02:25,2026-07-18 17:33:29,0,0,yes,2026-07-18 18:17:29,5.0,Mon|Wed|Thu,evening,3.4,2026-09-02,unsure,no,0,2,,,0,3,True,False,NYC,False
u_102065,NYC,2026-07-18 18:04:14,paid_social,25-34,es,phone,not_started,0,,,,2026-07-21 16:40:18,2026-07-18 18:04:14,0,0,no,,,,,,,,no,0,0,,,0,0,False,False,NYC,False
u_102350,NYC,2026-07-18 18:54:33,paid_social,35-44,en,phone,inactive,1,2026-07-19 21:18:00,2026-07-19 21:18:00,,2026-07-20 14:34:44,2026-07-18 18:54:33,0,0,yes,2026-07-18 19:52:33,5.0,Tue|Wed|Sun,evening,2.2,,yes,no,0,2,,,0,1,True,False,NYC,False
u_103228,NYC,2026-07-18 20:30:12,paid_social,18-24,es,phone,not_started,0,,,,2026-07-20 11:20:45,2026-07-19 12:59:51,0,0,no,,,,,,,,yes,0,0,,,0,0,False,False,NYC,False
u_101969,NYC,2026-07-18 21:34:50,parole_probation_officer,25-34,en,laptop,inactive,2,2026-07-23 10:27:00,2026-07-23 11:10:00,,2026-07-23 14:01:26,2026-07-18 21:34:50,0,0,yes,2026-07-18 22:29:50,10.0,Mon|Tue|Wed|Thu|Fri|Sat|Sun,morning,5.1,,yes,no,0,2,,,0,2,True,False,NYC,False
u_102832,NYC,2026-07-18 23:08:02,paid_social,25-34,es,laptop,in_progress,18,2026-07-19 14:14:00,2026-09-13 12:09:00,,2026-09-14 08:53:09,2026-09-13 00:56:51,37,30,yes,2026-07-19 00:29:02,3.0,Tue|Thu,afternoon,2.8,2026-09-29,unsure,yes,3,3,,,0,18,True,False,NYC,False
u_104210,Sacramento,2026-07-18 23:28:12,workforce_center,18-24,en,phone,inactive,10,2026-07-25 08:45:00,2026-08-02 08:25:00,,2026-08-04 05:08:13,2026-08-02 06:32:32,0,0,yes,2026-07-18 23:40:12,10.0,Mon|Tue|Wed|Thu|Fri|Sat|Sun,morning,4.5,2026-08-27,unsure,no,0,1,,,0,10,True,False,Sacramento,False
u_100110,NYC,2026-07-19 04:26:59,reentry_org,35-44,en,phone,not_started,0,,,,2026-07-21 03:33:17,2026-07-20 18:59:49,0,0,yes,2026-07-19 04:55:59,5.0,Mon|Tue|Wed,morning,2.6,,yes,no,0,0,,,0,0,False,False,NYC,False
u_100943,NYC,2026-07-19 04:44:10,paid_social,25-34,en,phone,inactive,3,2026-07-19 07:31:18,2026-07-25 22:53:00,,2026-07-27 23:29:25,2026-07-24 22:56:03,0,0,yes,2026-07-19 05:24:10,10.0,Mon|Tue|Wed|Thu|Fri|Sat|Sun,late_night,4.9,2026-08-10,unsure,no,0,0,,,0,3,True,False,NYC,False
u_104528,Sacramento,2026-07-19 05:18:20,reentry_org,45-54,es,phone,course_complete,21,2026-07-20 23:51:00,2026-08-25 22:01:00,2026-08-25 22:01:00,2026-08-27 06:37:48,2026-08-23 21:06:56,0,0,no,,,,,,,,yes,2,2,,,0,21,True,True,Sacramento,False
u_102452,NYC,2026-07-19 12:04:46,reentry_org,55+,en,phone,inactive,2,2026-07-30 22:31:00,2026-07-30 23:37:00,,2026-08-03 00:08:24,2026-08-01 15:14:14,0,0,yes,2026-07-19 13:07:46,5.0,Mon|Sat|Sun,late_night,2.6,2026-09-07,yes,no,0,0,,,0,2,True,False,NYC,False
u_102766,NYC,2026-07-19 14:05:43,workforce_center,35-44,en,laptop,not_started,0,,,,2026-07-22 03:42:16,2026-07-21 20:52:40,0,0,yes,2026-07-19 14:20:43,10.0,Mon|Tue|Wed|Thu|Fri|Sat|Sun,morning,5.0,2026-08-30,yes,no,0,0,,,0,0,False,False,NYC,False
u_101646,NYC,2026-07-19 14:43:32,reentry_org,35-44,en,phone,not_started,0,,,,2026-07-24 09:56:03,2026-07-19 14:43:32,0,0,yes,2026-07-19 15:14:32,5.0,Mon|Wed|Fri,evening,3.6,2026-09-05,yes,no,0,0,,,0,0,False,False,NYC,False
u_105072,Sacramento,2026-07-19 17:52:37,paid_social,35-44,en,laptop,not_started,0,,,,2026-07-22 02:08:00,2026-07-19 17:52:37,0,0,yes,2026-07-19 18:30:37,5.0,Mon|Wed|Sat,late_night,3.1,,yes,no,0,0,,,0,0,False,False,Sacramento,False
u_100176,New York,2026-07-19 18:05:50,reentry_org,35-44,en,phone,inactive,3,2026-07-19 19:09:10,2026-07-27 07:47:00,,2026-07-28 08:51:19,2026-07-27 13:30:26,0,0,no,,,,,,,,no,0,0,,,0,3,True,False,NYC,False
u_105898,Boston,2026-07-19 21:58:56,reentry_org,25-34,ht,phone,not_started,0,,,,2026-07-22 04:00:26,2026-07-19 21:58:56,0,0,no,,,,,,,,no,0,0,,,0,0,False,False,Boston,False
u_104942,Sacramento,2026-07-19 22:00:41,friend_family,25-34,en,phone,not_started,0,,,,2026-07-21 09:06:29,2026-07-19 22:00:41,0,0,no,,,,,,,,no,0,0,,,0,0,False,False,Sacramento,False
u_101127,NYC,2026-07-20 00:25:16,paid_social,45-54,en,phone,inactive,5,2026-07-20 15:31:46,2026-07-29 19:22:00,,2026-08-01 06:45:52,2026-07-26 23:38:14,0,0,yes,2026-07-20 00:33:16,10.0,Mon|Tue|Wed|Thu|Fri|Sat|Sun,evening,5.4,2026-08-20,yes,yes,0,3,,,0,5,True,False,NYC,False
u_104818,Sacramento,2026-07-20 01:03:35,friend_family,25-34,en,phone,inactive,3,2026-07-20 01:18:35,2026-07-23 09:55:00,,2026-07-24 12:30:26,2026-07-22 10:38:18,0,0,yes,2026-07-20 01:39:35,7.0,Mon|Tue|Wed|Fri|Sun,morning,4.2,2026-08-19,yes,no,0,2,,,0,3,True,False,Sacramento,False
u_105633,Boston,2026-07-20 02:22:42,paid_social,25-34,en,phone,not_started,0,,,,2026-07-21 13:08:04,2026-07-20 02:22:42,0,0,no,,,,,,,,no,0,0,,,0,0,False,False,Boston,False
u_104844,Sacramento,2026-07-20 02:38:06,friend_family,35-44,en,phone,inactive,4,2026-07-23 23:27:00,2026-07-30 23:00:00,,2026-08-03 04:46:29,2026-07-29 17:23:28,0,0,yes,2026-07-20 03:19:06,3.0,Wed|Sun,late_night,2.6,2026-09-19,no,no,0,0,,,0,4,True,False,Sacramento,False
u_104937,Sacramento,2026-07-20 02:42:22,reentry_org,25-34,en,shared_computer,inactive,5,2026-07-20 17:48:11,2026-07-28 20:48:00,,2026-08-01 04:58:10,2026-07-23 10:20:18,0,0,no,,,,,,,,yes,4,2,,,0,5,True,False,Sacramento,False
u_102043,NYC,2026-07-20 04:48:10,paid_social,25-34,en,laptop,inactive,2,2026-07-21 22:50:00,2026-07-21 23:17:00,,2026-07-22 22:49:10,2026-07-20 04:48:10,0,0,no,,,,,,,,no,0,0,,,0,2,True,False,NYC,False
u_101551,NYC,2026-07-20 05:06:26,friend_family,25-34,en,phone,inactive,3,2026-07-23 20:38:00,2026-07-25 17:43:00,,2026-07-28 00:29:41,2026-07-24 10:04:49,0,0,no,,,,,,,,yes,1,1,,,0,3,True,False,NYC,False
u_100090,NYC,2026-07-20 05:31:36,workforce_center,45-54,en,phone,not_started,0,,,,2026-07-23 23:05:24,2026-07-22 03:14:51,0,0,yes,2026-07-20 06:46:36,5.0,Tue|Wed|Fri,evening,3.5,,yes,yes,0,0,,,0,0,False,False,NYC,False
u_102114,NYC,2026-07-20 05:31:51,parole_probation_officer,25-34,en,shared_computer,inactive,2,2026-07-20 06:01:19,2026-07-24 22:50:00,,2026-07-26 06:33:51,2026-07-20 05:31:51,0,0,no,,,,,,,,no,0,0,,,0,2,True,False,NYC,False
u_101398,NYC,2026-07-20 05:55:02,reentry_org,25-34,en,phone,inactive,6,2026-07-29 19:20:00,2026-08-26 21:16:00,,2026-08-27 07:09:07,2026-08-26 15:09:08,0,0,yes,2026-07-20 06:28:02,3.0,Thu|Sun,evening,1.6,2026-09-24,yes,no,0,3,,,0,6,True,False,NYC,False
u_103289,NYC,2026-07-20 08:26:51,reentry_org,35-44,es,tablet,withdrawn,4,2026-07-20 08:33:03,2026-08-02 06:06:00,,2026-08-04 10:19:10,2026-07-29 06:18:57,0,0,yes,2026-07-20 09:21:51,3.0,Thu|Fri,morning,2.5,2026-09-20,yes,no,0,1,,,0,4,True,False,NYC,False
u_104428,Sacramento,2026-07-20 09:05:05,paid_social,35-44,en,tablet,not_started,0,,,,2026-07-23 02:49:15,2026-07-23 01:32:56,0,0,yes,2026-07-20 10:13:05,10.0,Mon|Tue|Wed|Thu|Fri|Sat|Sun,evening,5.0,2026-08-20,yes,no,0,0,,,0,0,False,False,Sacramento,False
u_104577,Sacramento,2026-07-20 11:08:18,reentry_org,25-34,en,phone,permit_failed,21,2026-07-20 11:49:39,2026-08-11 08:35:00,2026-08-11 08:35:00,2026-08-25 15:35:00,2026-08-14 17:19:23,0,0,no,,,,,,,,yes,1,2,2026-08-25,failed,1,21,True,True,Sacramento,False
u_100192,NYC,2026-07-20 12:17:06,paid_social,45-54,es,phone,permit_scheduled,21,2026-07-20 14:24:01,2026-08-22 12:45:00,2026-08-22 12:45:00,2026-08-22 22:10:13,2026-08-17 11:05:12,0,0,yes,2026-07-20 12:38:06,7.0,Mon|Wed|Thu|Fri|Sun,afternoon,4.2,,yes,no,0,1,2026-09-24,,0,21,True,True,NYC,False
u_104689,Sacramento,2026-07-20 13:51:57,parole_probation_officer,45-54,en,phone,inactive,1,2026-07-30 14:36:00,2026-07-30 14:36:00,,2026-08-01 11:19:47,2026-07-25 08:57:00,0,0,no,,,,,,,,no,0,0,,,0,1,True,False,Sacramento,False
u_101748,NYC,2026-07-20 15:46:29,parole_probation_officer,35-44,en,phone,not_started,0,,,,2026-07-21 22:38:49,2026-07-20 15:46:29,0,0,yes,2026-07-20 16:08:29,10.0,Mon|Tue|Wed|Thu|Fri|Sat|Sun,late_night,4.3,2026-08-29,unsure,yes,0,0,,,0,0,False,False,NYC,False
u_105099,Sacramento,2026-07-20 17:54:38,paid_social,55+,en,tablet,not_started,0,,,,2026-07-21 14:49:25,2026-07-20 17:54:38,0,0,no,,,,,,,,no,0,0,,,0,0,False,False,Sacramento,False
u_103681,NYC,2026-07-20 19:25:30,friend_family,18-24,en,laptop,inactive,1,2026-07-30 22:36:00,2026-07-30 22:36:00,,2026-08-07 00:56:27,2026-08-05 10:18:34,0,0,yes,2026-07-20 19:53:30,5.0,Tue|Thu|Fri,late_night,2.0,2026-09-11,no,no,0,2,,,0,1,True,False,NYC,False
u_104842,Sacramento,2026-07-20 21:15:18,parole_probation_officer,25-34,en,phone,not_started,0,,,,2026-07-21 19:28:10,2026-07-20 21:15:18,0,0,yes,2026-07-20 22:14:18,10.0,Mon|Tue|Wed|Thu|Fri|Sat|Sun,afternoon,4.9,2026-08-18,unsure,no,0,0,,,0,0,False,False,Sacramento,False
u_101831,NYC,2026-07-20 23:13:13,parole_probation_officer,35-44,es,laptop,not_started,0,,,,2026-07-22 11:58:59,2026-07-20 23:13:13,0,0,no,,,,,,,,no,0,0,,,0,0,False,False,NYC,False
u_104647,Sacramento,2026-07-20 23:33:11,reentry_org,25-34,en,phone,not_started,0,,,,2026-07-21 14:37:42,2026-07-20 23:33:11,0,0,no,,,,,,,,no,0,0,,,0,0,False,False,Sacramento,False
u_102290,NYC,2026-07-21 00:44:47,friend_family,25-34,en,phone,inactive,1,2026-07-21 00:56:12,2026-07-21 00:56:12,,2026-07-21 15:18:46,2026-07-21 00:44:47,0,0,no,,,,,,,,yes,4,0,,,0,1,True,False,NYC,False
u_102880,NYC,2026-07-21 01:54:02,parole_probation_officer,18-24,en,phone,course_complete,21,2026-07-21 16:53:54,2026-08-29 08:20:00,2026-08-29 08:20:00,2026-08-29 14:28:05,2026-08-19 00:51:33,0,0,yes,2026-07-21 02:16:02,3.0,Mon|Fri,morning,1.1,2026-09-24,yes,yes,6,1,,,0,21,True,True,NYC,False
u_105494,Boston,2026-07-21 03:19:52,parole_probation_officer,45-54,en,laptop,inactive,2,2026-07-25 10:29:00,2026-07-29 09:27:00,,2026-07-30 05:43:55,2026-07-23 14:12:41,0,0,no,,,,,,,,no,0,2,,,0,2,True,False,Boston,False
u_103082,NYC,2026-07-21 06:13:44,paid_social,55+,en,laptop,not_started,0,,,,2026-07-22 03:06:39,2026-07-21 06:13:44,0,0,yes,2026-07-21 07:34:44,5.0,Wed|Fri|Sun,late_night,3.5,2026-09-08,yes,no,0,0,,,0,0,False,False,NYC,False
u_102975,NYC,2026-07-21 06:57:09,friend_family,35-44,en,phone,not_started,0,,,,2026-07-23 22:55:36,2026-07-22 00:49:49,0,0,no,,,,,,,,no,0,0,,,0,0,False,False,NYC,False
u_102575,NYC,2026-07-21 09:06:47,parole_probation_officer,35-44,en,phone,inactive,7,2026-07-30 17:11:00,2026-08-10 20:59:00,,2026-08-10 22:08:51,2026-08-09 11:43:32,0,0,yes,2026-07-21 10:09:47,5.0,Mon|Tue|Fri,evening,1.9,2026-09-02,yes,yes,1,3,,,0,7,True,False,NYC,False
u_104597,Sacramento,2026-07-21 13:51:41,reentry_org,18-24,en,phone,in_progress,18,2026-07-27 21:22:00,2026-09-02 19:11:00,,2026-09-03 12:46:38,2026-09-01 20:04:58,0,0,yes,2026-07-21 15:10:41,5.0,Fri|Sat|Sun,evening,2.8,,unsure,no,0,2,,,0,18,True,False,Sacramento,False
u_105732,Boston,2026-07-21 14:06:21,paid_social,25-34,en,phone,permit_scheduled,21,2026-07-23 23:00:00,2026-09-03 22:55:00,2026-09-03 22:55:00,2026-09-15 01:22:00,2026-08-31 13:38:35,6,6,no,,,,,,,,yes,2,2,2026-09-27,,0,21,True,True,Boston,False
u_100198,NYC,2026-07-21 14:23:21,paid_social,35-44,es,phone,not_started,0,,,,2026-07-22 23:53:00,2026-07-22 06:08:09,0,0,yes,2026-07-21 15:18:21,5.0,Wed|Fri|Sat,evening,3.7,2026-09-08,yes,no,0,0,,,0,0,False,False,NYC,False
u_105708,Boston,2026-07-21 14:31:53,workforce_center,25-34,en,phone,not_started,0,,,,2026-07-22 14:12:34,2026-07-21 14:31:53,0,0,yes,2026-07-21 15:49:53,5.0,Wed|Thu|Fri,morning,3.2,2026-09-07,yes,yes,0,0,,,0,0,False,False,Boston,False
u_103293,NYC,2026-07-21 14:48:36,workforce_center,18-24,en,laptop,inactive,7,2026-07-21 15:02:10,2026-08-09 20:05:00,,2026-08-13 19:10:32,2026-08-10 03:03:00,0,0,yes,2026-07-21 15:05:36,7.0,Tue|Thu|Fri|Sat|Sun,evening,3.9,2026-08-23,yes,yes,0,3,,,0,7,True,False,NYC,False
u_100007,NYC,2026-07-21 15:09:26,workforce_center,25-34,en,phone,inactive,1,2026-07-27 11:25:00,2026-07-27 11:25:00,,2026-08-03 08:24:18,2026-07-30 11:04:30,0,0,no,,,,,,,,no,0,0,,,0,1,True,False,NYC,False
u_103815,NYC,2026-07-21 17:11:23,paid_social,18-24,en,laptop,not_started,0,,,,2026-07-22 14:02:29,2026-07-21 17:11:23,0,0,yes,2026-07-21 18:03:23,5.0,Thu|Fri|Sun,evening,2.8,2026-09-16,yes,yes,0,0,,,0,0,False,False,NYC,False
u_102796,NYC,2026-07-21 17:32:17,parole_probation_officer,35-44,en,phone,course_complete,21,2026-07-27 15:11:00,2026-09-09 13:51:00,2026-09-09 13:51:00,2026-09-10 00:32:47,2026-09-02 14:56:40,22,0,yes,2026-07-21 17:43:17,5.0,Thu|Sat|Sun,afternoon,2.1,2026-09-16,yes,yes,1,3,,,0,21,True,True,NYC,False
u_101670,NYC,2026-07-21 21:34:41,workforce_center,25-34,en,phone,in_progress,15,2026-08-01 21:29:00,2026-09-08 21:01:00,,2026-09-11 19:33:21,2026-09-04 06:33:39,22,0,yes,2026-07-21 22:56:41,5.0,Thu|Fri|Sat,evening,2.4,,yes,yes,4,1,,,0,15,True,False,NYC,False
u_105472,Boston,2026-07-21 22:05:01,paid_social,55+,en,phone,not_started,0,,,,2026-07-22 03:04:30,2026-07-21 22:05:01,0,0,yes,2026-07-21 22:17:01,3.0,Tue|Sun,afternoon,2.3,2026-09-15,yes,no,0,0,,,0,0,False,False,Boston,False
u_105685,Boston,2026-07-21 23:15:18,parole_probation_officer,18-24,en,phone,not_started,0,,,,2026-07-24 00:30:51,2026-07-21 23:15:18,0,0,yes,2026-07-21 23:29:18,5.0,Wed|Fri|Sun,afternoon,3.7,2026-09-01,unsure,no,0,0,,,0,0,False,False,Boston,False
u_103218,NYC,2026-07-22 05:26:45,paid_social,55+,en,phone,not_started,0,,,,2026-07-22 07:58:22,2026-07-22 05:26:45,0,0,yes,2026-07-22 06:20:45,5.0,Mon|Tue|Wed,evening,2.1,2026-09-10,yes,no,0,0,,,0,0,False,False,NYC,False
u_102479,NYC,2026-07-22 07:55:08,friend_family,45-54,en,phone,inactive,4,2026-07-23 10:22:00,2026-07-26 06:04:00,,2026-07-27 01:36:41,2026-07-24 18:14:12,0,0,yes,2026-07-22 08:53:08,3.0,Sat|Sun,morning,2.0,,yes,no,0,2,,,0,4,True,False,NYC,False
u_104565,Sacramento,2026-07-22 10:02:45,parole_probation_officer,25-34,en,phone,not_started,0,,,,2026-07-22 10:49:47,2026-07-22 10:02:45,0,0,yes,2026-07-22 11:17:45,5.0,Tue|Fri|Sun,afternoon,2.7,2026-08-29,yes,no,0,0,,,0,0,False,False,Sacramento,False
u_102403,NYC,2026-07-22 11:49:05,workforce_center,25-34,en,phone,withdrawn,1,2026-07-22 13:37:49,2026-07-22 13:37:49,,2026-07-23 13:40:22,2026-07-22 23:28:07,0,0,no,,,,,,,,no,0,0,,,0,1,True,False,NYC,False
u_101612,NYC,2026-07-22 13:12:53,friend_family,45-54,en,phone,inactive,3,2026-08-01 23:05:00,2026-08-03 23:30:00,,2026-08-07 18:26:49,2026-08-07 08:08:41,0,0,no,,,,,,,,no,0,0,,,0,3,True,False,NYC,False
u_101914,NYC,2026-07-22 13:44:39,paid_social,25-34,en,tablet,not_started,0,,,,2026-07-26 03:40:09,2026-07-26 02:01:19,0,0,yes,2026-07-22 14:50:39,10.0,Mon|Tue|Wed|Thu|Fri|Sat|Sun,evening,4.1,2026-08-31,yes,yes,0,0,,,0,0,False,False,NYC,False
u_102695,NYC,2026-07-22 18:49:03,paid_social,18-24,en,laptop,course_complete,21,2026-07-22 19:20:46,2026-08-24 19:09:00,2026-08-24 19:09:00,2026-08-29 08:53:48,2026-08-21 12:51:51,0,0,yes,2026-07-22 19:50:03,7.0,Mon|Tue|Wed|Fri|Sat,evening,3.7,2026-09-03,no,no,0,2,,,0,21,True,True,NYC,False
u_101636,NYC,2026-07-22 20:48:17,paid_social,25-34,en,phone,not_started,0,,,,2026-07-23 09:55:25,2026-07-22 20:48:17,0,0,no,,,,,,,,no,0,0,,,0,0,False,False,NYC,False
u_102219,NYC,2026-07-22 22:57:46,workforce_center,18-24,en,phone,inactive,3,2026-07-22 23:25:24,2026-07-29 06:31:00,,2026-08-02 13:01:31,2026-08-02 07:20:12,0,0,no,,,,,,,,yes,0,0,,,0,3,True,False,NYC,False
u_103932,NYC,2026-07-22 23:02:22,reentry_org,18-24,en,phone,inactive,2,2026-07-24 22:36:00,2026-07-24 22:07:00,,2026-07-25 10:08:07,2026-07-24 09:24:19,0,0,yes,2026-07-23 00:30:22,5.0,Mon|Wed|Thu,late_night,1.9,,unsure,no,0,0,,,0,2,True,False,NYC,False
u_104315,Sacramento,2026-07-23 00:08:15,paid_social,25-34,es,tablet,inactive,3,2026-07-23 00:33:13,2026-07-28 21:39:00,,2026-07-29 02:45:06,2026-07-27 23:46:05,0,0,yes,2026-07-23 00:18:15,7.0,Mon|Wed|Thu|Fri|Sat,evening,2.8,,no,no,0,1,,,0,3,True,False,Sacramento,False
u_103862,NYC,2026-07-23 01:41:34,friend_family,35-44,en,shared_computer,in_progress,20,2026-08-02 19:52:00,2026-09-11 21:59:00,,2026-09-12 00:20:51,2026-09-11 00:41:06,28,0,yes,2026-07-23 02:28:34,3.0,Mon|Tue,evening,2.1,2026-09-30,unsure,no,0,1,,,0,20,True,False,NYC,False
u_102307,NYC,2026-07-23 01:48:03,workforce_center,35-44,en,laptop,inactive,3,2026-07-23 02:12:39,2026-08-03 18:18:00,,2026-08-06 03:19:36,2026-08-04 17:29:09,0,0,yes,2026-07-23 02:43:03,5.0,Mon|Tue|Sun,evening,2.6,,no,no,0,1,,,0,3,True,False,NYC,False
u_105212,Sacramento,2026-07-23 04:02:11,workforce_center,18-24,en,phone,in_progress,19,2026-07-26 17:51:00,2026-09-14 17:36:00,,2026-09-15 03:22:00,2026-09-10 01:56:43,54,50,yes,2026-07-23 04:28:11,3.0,Mon|Thu,evening,1.9,2026-10-02,yes,no,0,3,,,0,19,True,False,Sacramento,False
u_105228,Sacramento,2026-07-23 04:25:13,friend_family,25-34,es,phone,permit_passed,21,2026-07-23 07:14:06,2026-08-14 11:35:00,2026-08-14 11:35:00,2026-09-01 15:35:00,2026-08-13 05:17:00,0,0,no,,,,,,,,no,0,2,2026-09-01,passed,1,21,True,True,Sacramento,False
u_100885,NYC,2026-07-23 05:04:14,paid_social,55+,en,phone,not_started,0,,,,2026-07-23 11:33:24,2026-07-23 05:04:14,0,0,no,,,,,,,,yes,0,0,,,0,0,False,False,NYC,False
u_104869,Sacramento,2026-07-23 05:04:55,parole_probation_officer,45-54,es,phone,inactive,3,2026-08-01 19:06:00,2026-08-08 18:33:00,,2026-08-14 17:21:55,2026-08-14 02:48:13,0,0,yes,2026-07-23 05:37:55,10.0,Mon|Tue|Wed|Thu|Fri|Sat|Sun,evening,5.1,,no,no,0,1,,,0,3,True,False,Sacramento,False
u_100159,NYC,2026-07-23 05:26:09,parole_probation_officer,25-34,en,phone,course_complete,21,2026-07-25 17:53:00,2026-08-21 21:54:00,2026-08-21 21:54:00,2026-08-21 23:59:20,2026-08-14 10:27:38,0,0,yes,2026-07-23 06:51:09,10.0,Mon|Tue|Wed|Thu|Fri|Sat|Sun,evening,4.3,,no,no,0,1,,,0,21,True,True,NYC,False
u_100200,NYC,2026-07-23 05:42:24,friend_family,35-44,en,tablet,inactive,2,2026-07-23 07:05:50,2026-07-25 08:34:00,,2026-07-25 14:49:48,2026-07-24 12:16:11,0,0,no,,,,,,,,no,0,1,,,0,2,True,False,NYC,False
u_102259,NYC,2026-07-23 06:16:27,parole_probation_officer,18-24,en,phone,inactive,4,2026-07-24 23:59:00,2026-08-05 22:17:00,,2026-08-07 20:08:14,2026-08-01 11:17:12,0,0,no,,,,,,,,no,0,1,,,0,4,True,False,NYC,False
u_102153,NYC,2026-07-23 06:17:42,paid_social,25-34,en,laptop,not_started,0,,,,2026-07-25 18:31:10,2026-07-25 06:47:52,0,0,yes,2026-07-23 07:45:42,7.0,Mon|Tue|Thu|Fri|Sun,evening,2.7,2026-08-28,no,no,0,0,,,0,0,False,False,NYC,False
u_103325,NYC,2026-07-23 06:38:55,paid_social,35-44,en,laptop,not_started,0,,,,2026-07-26 03:09:18,2026-07-23 19:42:24,0,0,no,,,,,,,,no,0,0,,,0,0,False,False,NYC,False
u_104944,Sacramento,2026-07-23 06:46:38,workforce_center,55+,en,phone,permit_passed,21,2026-07-23 22:53:21,2026-08-21 17:46:00,2026-08-21 17:46:00,2026-08-27 15:46:00,2026-08-14 22:11:06,0,0,no,,,,,,,,no,0,3,2026-08-27,passed,1,21,True,True,Sacramento,False
u_105808,Boston,2026-07-23 09:06:31,parole_probation_officer,45-54,en,phone,inactive,2,2026-07-24 23:10:00,2026-07-25 22:03:00,,2026-07-27 15:07:13,2026-07-26 12:55:09,0,0,yes,2026-07-23 10:14:31,3.0,Mon|Sun,late_night,1.8,2026-10-02,yes,no,0,1,,,0,2,True,False,Boston,False
u_100592,nyc,2026-07-23 09:15:39,paid_social,45-54,en,shared_computer,inactive,2,2026-07-24 17:35:00,2026-07-28 19:05:00,,2026-07-30 13:40:35,2026-07-23 09:15:39,0,0,yes,2026-07-23 10:26:39,5.0,Mon|Fri|Sun,evening,2.3,,no,no,0,1,,,0,2,True,False,NYC,False
u_104524,Sacramento,2026-07-23 09:45:39,reentry_org,18-24,es,phone,inactive,2,2026-07-30 23:37:00,2026-08-07 22:49:00,,2026-08-09 04:48:23,2026-08-08 15:57:11,0,0,no,,,,,,,,no,0,1,,,0,2,True,False,Sacramento,False
u_105019,Sacramento,2026-07-23 11:40:06,friend_family,25-34,en,phone,permit_scheduled,21,2026-07-23 13:15:29,2026-09-07 22:57:00,2026-09-07 22:57:00,2026-09-08 20:07:24,2026-09-05 16:06:29,10,0,yes,2026-07-23 12:42:06,3.0,Fri|Sat,late_night,1.3,2026-09-30,unsure,yes,3,1,2026-09-24,,0,21,True,True,Sacramento,False
u_101495,NYC,2026-07-23 12:51:13,reentry_org,35-44,en,phone,not_started,0,,,,2026-07-24 02:11:44,2026-07-23 12:51:13,0,0,yes,2026-07-23 14:14:13,7.0,Wed|Thu|Fri|Sat|Sun,evening,3.5,2026-08-31,yes,no,0,0,,,0,0,False,False,NYC,False
u_105481,Boston,2026-07-23 13:35:47,friend_family,25-34,en,phone,not_started,0,,,,2026-07-24 09:48:30,2026-07-23 13:35:47,0,0,yes,2026-07-23 14:01:47,3.0,Fri|Sat,morning,2.4,,yes,no,0,0,,,0,0,False,False,Boston,False
u_104601,Sacramento,2026-07-23 13:59:26,paid_social,25-34,en,tablet,inactive,4,2026-07-27 20:22:00,2026-07-31 19:43:00,,2026-08-01 02:50:54,2026-07-31 00:21:37,0,0,yes,2026-07-23 15:20:26,3.0,Tue|Sun,evening,2.3,,yes,yes,0,2,,,0,4,True,False,Sacramento,False
u_105542,Boston,2026-07-23 15:58:58,friend_family,18-24,ht,laptop,not_started,0,,,,2026-07-25 12:20:27,2026-07-24 03:34:50,0,0,yes,2026-07-23 16:59:58,3.0,Tue|Thu,evening,1.0,2026-09-30,yes,no,0,0,,,0,0,False,False,Boston,False
u_103878,NYC,2026-07-23 17:16:13,paid_social,25-34,en,phone,not_started,0,,,,2026-07-25 11:28:50,2026-07-23 20:01:38,0,0,yes,2026-07-23 17:24:13,3.0,Fri|Sun,late_night,1.8,2026-09-28,yes,no,0,0,,,0,0,False,False,NYC,False
u_104650,Sacramento,2026-07-23 17:34:25,workforce_center,35-44,en,phone,in_progress,13,2026-07-31 21:05:00,2026-09-12 19:31:00,,2026-09-15 02:11:00,2026-09-12 08:55:41,44,32,yes,2026-07-23 17:53:25,3.0,Mon|Fri,evening,2.4,2026-10-01,no,yes,0,1,,,0,13,True,False,Sacramento,False
u_104251,Sacramento,2026-07-23 19:21:06,paid_social,45-54,en,phone,not_started,0,,,,2026-07-23 20:51:52,2026-07-23 19:21:06,0,0,no,,,,,,,,no,0,0,,,0,0,False,False,Sacramento,False
u_103268,NYC,2026-07-23 19:45:15,friend_family,35-44,en,laptop,permit_passed,21,2026-07-26 13:19:00,2026-08-23 16:51:00,2026-08-23 16:51:00,2026-09-06 15:51:00,2026-08-21 01:51:43,0,0,no,,,,,,,,no,0,3,2026-09-06,passed,1,21,True,True,NYC,False
u_101192,NYC,2026-07-23 19:56:03,paid_social,18-24,en,phone,course_complete,21,2026-07-25 20:52:00,2026-08-24 21:08:00,2026-08-24 21:08:00,2026-08-27 22:36:30,2026-08-22 21:09:24,0,0,no,,,,,,,,yes,4,2,,,0,21,True,True,NYC,False
u_103994,Sacramento,2026-07-23 21:02:18,reentry_org,35-44,en,phone,permit_passed,21,2026-07-27 11:27:00,2026-08-30 09:31:00,2026-08-30 09:31:00,2026-09-08 15:31:00,2026-09-01 10:38:44,0,0,yes,2026-07-23 22:11:18,5.0,Mon|Tue|Wed,morning,3.0,,unsure,no,0,2,2026-09-08,passed,1,21,True,True,Sacramento,False
u_103267,NYC,2026-07-23 22:44:13,friend_family,25-34,en,laptop,inactive,1,2026-08-02 07:44:00,2026-08-02 07:44:00,,2026-08-04 12:31:46,2026-08-02 20:35:09,0,0,yes,2026-07-24 00:05:13,5.0,Mon|Tue|Sat,morning,3.1,2026-08-31,yes,yes,3,2,,,0,1,True,False,NYC,False
u_101275,NYC,2026-07-23 23:36:08,parole_probation_officer,25-34,en,phone,inactive,2,2026-07-24 20:02:00,2026-07-26 19:50:00,,2026-07-26 23:09:16,2026-07-24 09:42:26,0,0,yes,2026-07-24 00:14:08,5.0,Tue|Wed|Sat,evening,2.1,,no,no,0,0,,,0,2,True,False,NYC,False
u_102229,NYC,2026-07-24 00:08:27,paid_social,25-34,en,phone,inactive,4,2026-07-24 00:42:20,2026-07-29 22:00:00,,2026-07-30 03:45:22,2026-07-28 15:25:32,0,0,yes,2026-07-24 00:47:27,3.0,Tue|Fri,late_night,2.4,,yes,no,0,0,,,0,4,True,False,NYC,False
u_105824,Boston,2026-07-24 00:12:31,reentry_org,25-34,en,laptop,permit_passed,21,2026-07-24 02:26:24,2026-08-20 23:53:00,2026-08-20 23:53:00,2026-09-09 15:53:00,2026-08-17 19:48:31,0,0,no,,,,,,,,yes,6,1,2026-09-09,passed,1,21,True,True,Boston,False
u_102388,NYC,2026-07-24 06:16:36,workforce_center,25-34,es,laptop,inactive,2,2026-07-26 22:21:00,2026-07-29 23:43:00,,2026-07-30 23:19:17,2026-07-28 22:27:20,0,0,no,,,,,,,,no,0,0,,,0,2,True,False,NYC,False
u_100946,NYC,2026-07-24 07:40:55,parole_probation_officer,18-24,en,shared_computer,inactive,2,2026-07-24 07:51:19,2026-07-27 06:38:00,,2026-07-28 11:37:44,2026-07-27 14:08:29,0,0,no,,,,,,,,no,0,1,,,0,2,True,False,NYC,False
u_101852,NYC,2026-07-24 07:42:47,reentry_org,25-34,en,phone,inactive,2,2026-07-26 20:06:00,2026-07-29 21:59:00,,2026-08-03 10:03:57,2026-07-28 03:37:39,0,0,yes,2026-07-24 08:29:47,3.0,Mon|Sun,evening,1.1,,no,yes,1,0,,,0,2,True,False,NYC,False
u_100676,NYC,2026-07-24 11:16:30,paid_social,35-44,en,shared_computer,not_started,0,,,,2026-07-27 12:43:31,2026-07-24 11:16:30,0,0,no,,,,,,,,no,0,0,,,0,0,False,False,NYC,False
u_105722,Boston,2026-07-24 11:47:02,paid_social,25-34,en,tablet,inactive,1,2026-07-24 12:26:39,2026-07-24 12:26:39,,2026-07-24 23:44:08,2026-07-24 11:47:02,0,0,yes,2026-07-24 12:37:02,10.0,Mon|Tue|Wed|Thu|Fri|Sat|Sun,evening,4.1,2026-09-03,no,no,0,1,,,0,1,True,False,Boston,False
u_102393,NYC,2026-07-24 12:02:33,workforce_center,35-44,en,phone,not_started,0,,,,2026-07-24 20:56:04,2026-07-24 12:02:33,0,0,no,,,,,,,,no,0,0,,,0,0,False,False,NYC,False
u_103350,NYC,2026-07-24 12:07:01,friend_family,35-44,en,laptop,inactive,3,2026-08-04 18:32:00,2026-08-06 18:39:00,,2026-08-08 01:11:14,2026-07-24 12:07:01,0,0,yes,2026-07-24 13:09:01,3.0,Thu|Sun,evening,2.2,2026-09-18,yes,no,0,0,,,0,3,True,False,NYC,False
u_100775,NYC,2026-07-24 12:23:31,reentry_org,25-34,en,phone,inactive,4,2026-07-26 06:19:00,2026-07-31 07:46:00,,2026-08-02 12:23:01,2026-07-24 12:23:31,0,0,yes,2026-07-24 12:55:31,5.0,Mon|Wed|Fri,morning,2.6,2026-09-12,yes,no,0,0,,,0,4,True,False,NYC,False
u_105207,Sacramento,2026-07-24 14:37:37,paid_social,35-44,es,phone,not_started,0,,,,2026-07-24 18:31:48,2026-07-24 14:37:37,0,0,yes,2026-07-24 15:44:37,3.0,Tue|Fri,morning,1.8,,yes,no,0,0,,,0,0,False,False,Sacramento,False
u_101760,NYC,2026-07-24 15:48:06,reentry_org,35-44,en,laptop,inactive,3,2026-07-25 10:55:00,2026-07-28 08:23:00,,2026-07-30 01:18:53,2026-07-26 01:23:12,0,0,yes,2026-07-24 16:32:06,5.0,Tue|Fri|Sat,morning,3.4,,yes,no,0,1,,,0,3,True,False,NYC,False
u_101420,NYC,2026-07-24 20:08:38,friend_family,25-34,es,shared_computer,inactive,3,2026-07-25 22:15:00,2026-07-30 22:35:00,,2026-08-02 01:03:15,2026-07-31 15:20:20,0,0,yes,2026-07-24 20:25:38,10.0,Mon|Tue|Wed|Thu|Fri|Sat|Sun,late_night,5.9,,no,no,0,0,,,0,3,True,False,NYC,False
u_103439,NYC,2026-07-24 21:13:59,reentry_org,25-34,en,phone,course_complete,21,2026-07-25 17:03:00,2026-08-26 20:17:00,2026-08-26 20:17:00,2026-08-30 16:24:37,2026-08-23 10:38:32,0,0,yes,2026-07-24 22:27:59,7.0,Tue|Wed|Thu|Sat|Sun,evening,4.4,2026-09-01,no,no,0,2,,,0,21,True,True,NYC,False
u_105232,Sacramento,2026-07-25 01:31:49,reentry_org,35-44,en,shared_computer,inactive,3,2026-07-26 19:20:00,2026-08-01 20:59:00,,2026-08-06 16:38:11,2026-08-05 05:00:36,0,0,yes,2026-07-25 01:41:49,3.0,Mon|Sat,evening,1.5,2026-10-09,yes,no,0,1,,,0,3,True,False,Sacramento,False
u_103128,NYC,2026-07-25 02:17:03,workforce_center,18-24,en,laptop,in_progress,18,2026-08-05 08:49:00,2026-09-12 08:02:00,,2026-09-14 16:46:30,2026-09-14 10:12:44,98,37,yes,2026-07-25 02:34:03,3.0,Thu|Sat,morning,2.3,2026-10-02,no,no,0,2,,,0,18,True,False,NYC,False
u_105650,Boston,2026-07-25 02:50:33,paid_social,25-34,en,phone,course_complete,21,2026-07-25 03:04:25,2026-08-25 18:40:00,2026-08-25 18:40:00,2026-09-02 06:02:01,2026-08-28 06:16:39,0,0,no,,,,,,,,no,0,2,,,0,21,True,True,Boston,False
u_104599,Sacramento,2026-07-25 03:17:56,paid_social,25-34,en,phone,inactive,2,2026-07-25 03:35:10,2026-07-26 17:16:00,,2026-07-28 11:14:32,2026-07-25 03:17:56,0,0,yes,2026-07-25 04:24:56,3.0,Thu|Fri,evening,2.6,2026-09-28,yes,no,0,1,,,0,2,True,False,Sacramento,False
u_101604,NYC,2026-07-25 03:22:06,parole_probation_officer,35-44,en,phone,permit_scheduled,21,2026-07-29 07:15:00,2026-08-26 11:57:00,2026-08-26 11:57:00,2026-08-28 01:55:58,2026-08-24 19:11:32,0,0,no,,,,,,,,no,0,2,2026-09-22,,0,21,True,True,NYC,False
u_100238,New York,2026-07-25 07:58:06,paid_social,55+,en,phone,not_started,0,,,,2026-07-28 08:11:49,2026-07-25 07:58:06,0,0,yes,2026-07-25 08:37:06,5.0,Wed|Fri|Sat,late_night,3.0,2026-09-17,yes,no,0,0,,,0,0,False,False,NYC,False
u_104135,Sacramento,2026-07-25 10:15:54,paid_social,35-44,en,shared_computer,inactive,3,2026-07-26 21:26:00,2026-08-01 17:26:00,,2026-08-02 03:42:59,2026-07-26 06:43:30,0,0,no,,,,,,,,no,0,1,,,0,3,True,False,Sacramento,False
u_102458,NYC,2026-07-25 13:03:18,reentry_org,35-44,en,laptop,course_complete,21,2026-07-25 13:15:39,2026-08-15 08:05:00,2026-08-15 08:05:00,2026-08-16 19:22:01,2026-08-07 06:49:04,0,0,no,,,,,,,,no,0,1,,,0,21,True,True,NYC,False
u_100298,NYC,2026-07-25 14:11:52,parole_probation_officer,35-44,en,phone,inactive,2,2026-07-25 14:51:36,2026-07-25 22:36:00,,2026-07-28 12:31:29,2026-07-25 14:11:52,0,0,yes,2026-07-25 14:51:52,10.0,Mon|Tue|Wed|Thu|Fri|Sat|Sun,late_night,5.4,,yes,no,0,0,,,0,2,True,False,NYC,False
u_105786,BOS,2026-07-25 14:28:43,reentry_org,35-44,en,phone,not_started,0,,,,2026-07-26 17:38:18,2026-07-26 17:38:03,0,0,no,,,,,,,,yes,0,0,,,0,0,False,False,Boston,False
u_100179,NYC,2026-07-25 14:39:17,paid_social,45-54,en,laptop,not_started,0,,,,2026-07-25 18:35:54,2026-07-25 14:39:17,0,0,no,,,,,,,,no,0,0,,,0,0,False,False,NYC,False
u_101071,NYC,2026-07-26 00:26:49,paid_social,25-34,en,phone,inactive,2,2026-07-26 02:32:56,2026-07-30 07:56:00,,2026-08-06 10:02:57,2026-08-05 23:26:43,0,0,no,,,,,,,,no,0,1,,,0,2,True,False,NYC,False
u_101165,NYC,2026-07-26 00:51:17,paid_social,18-24,en,shared_computer,not_started,0,,,,2026-07-27 09:47:30,2026-07-26 00:51:17,0,0,yes,2026-07-26 02:15:17,3.0,Tue|Thu,evening,2.2,,yes,no,0,0,,,0,0,False,False,NYC,False
u_102619,NYC,2026-07-26 02:04:36,paid_social,25-34,en,shared_computer,not_started,0,,,,2026-07-28 04:40:05,2026-07-28 00:56:12,0,0,yes,2026-07-26 02:42:36,5.0,Mon|Wed|Sat,afternoon,2.5,2026-09-15,yes,yes,0,0,,,0,0,False,False,NYC,False
u_101230,NYC,2026-07-26 06:25:58,reentry_org,35-44,en,laptop,course_complete,21,2026-07-27 19:31:00,2026-08-28 21:07:00,2026-08-28 21:07:00,2026-08-30 09:08:03,2026-08-28 03:50:53,0,0,no,,,,,,,,no,0,1,,,0,21,True,True,NYC,False
u_104915,Sacramento,2026-07-26 10:58:16,paid_social,25-34,en,phone,inactive,1,2026-07-27 21:33:00,2026-07-27 21:33:00,,2026-08-01 19:00:41,2026-07-31 13:35:32,0,0,no,,,,,,,,no,0,2,,,0,1,True,False,Sacramento,False
u_101220,NYC,2026-07-26 11:13:03,paid_social,55+,en,phone,not_started,0,,,,2026-07-28 19:07:50,2026-07-27 19:01:10,0,0,yes,2026-07-26 12:42:03,5.0,Thu|Fri|Sun,morning,3.6,,yes,no,0,0,,,0,0,False,False,NYC,False
u_100231,NYC,2026-07-26 12:48:15,parole_probation_officer,25-34,en,laptop,not_started,0,,,,2026-07-27 01:33:49,2026-07-26 12:48:15,0,0,no,,,,,,,,no,0,0,,,0,0,False,False,NYC,False
u_102598,NYC,2026-07-26 13:05:50,friend_family,35-44,es,tablet,permit_passed,21,2026-07-26 23:56:55,2026-08-14 20:59:00,2026-08-14 20:59:00,2026-08-24 15:59:00,2026-08-14 22:23:28,0,0,yes,2026-07-26 14:05:50,10.0,Mon|Tue|Wed|Thu|Fri|Sat|Sun,evening,4.6,2026-08-27,yes,no,0,3,2026-08-24,passed,1,21,True,True,NYC,False
u_100699,NYC,2026-07-26 13:07:42,workforce_center,25-34,en,tablet,inactive,3,2026-07-31 08:04:00,2026-08-07 09:58:00,,2026-08-09 07:13:01,2026-08-02 13:34:32,0,0,no,,,,,,,,yes,0,2,,,0,3,True,False,NYC,False
u_100594,NYC,2026-07-26 14:04:02,parole_probation_officer,35-44,en,phone,inactive,1,2026-07-27 06:51:00,2026-07-27 06:51:00,,2026-07-31 21:13:53,2026-07-31 19:02:04,0,0,yes,2026-07-26 14:28:02,7.0,Mon|Wed|Thu|Fri|Sun,morning,3.3,,yes,no,0,1,,,0,1,True,False,NYC,False
u_102265,NYC,2026-07-26 16:47:50,reentry_org,35-44,en,phone,inactive,1,2026-07-26 18:38:09,2026-07-26 18:38:09,,2026-07-30 12:26:49,2026-07-26 16:47:50,0,0,yes,2026-07-26 17:33:50,10.0,Mon|Tue|Wed|Thu|Fri|Sat|Sun,evening,5.9,2026-08-22,no,no,0,0,,,0,1,True,False,NYC,False
u_104039,Sacramento,2026-07-26 19:38:53,workforce_center,45-54,en,phone,not_started,0,,,,2026-07-28 02:37:48,2026-07-27 01:19:58,0,0,yes,2026-07-26 20:05:53,5.0,Mon|Wed|Fri,late_night,3.5,2026-09-09,yes,no,0,0,,,0,0,False,False,Sacramento,False
u_102404,NYC,2026-07-26 20:36:48,reentry_org,18-24,en,phone,inactive,9,2026-07-26 20:45:02,2026-08-15 21:21:00,,2026-08-19 17:10:48,2026-08-18 16:36:32,0,0,yes,2026-07-26 20:39:48,10.0,Mon|Tue|Wed|Thu|Fri|Sat|Sun,evening,4.2,2026-09-02,yes,no,0,2,,,0,9,True,False,NYC,False
u_104092,Sacramento,2026-07-26 21:09:39,friend_family,45-54,en,phone,permit_passed,21,2026-07-26 21:20:50,2026-08-27 23:12:00,2026-08-27 23:12:00,2026-09-08 15:12:00,2026-08-30 04:55:12,0,0,no,,,,,,,,no,0,1,2026-09-08,passed,1,21,True,True,Sacramento,False
u_102038,NYC,2026-07-26 21:29:25,reentry_org,18-24,es,laptop,inactive,1,2026-07-26 22:03:02,2026-07-26 22:03:02,,2026-07-26 22:33:11,2026-07-26 21:29:25,0,0,yes,2026-07-26 21:37:25,3.0,Mon|Wed,evening,2.2,2026-09-25,yes,no,0,2,,,0,1,True,False,NYC,False
u_103538,NYC,2026-07-26 22:04:09,friend_family,35-44,en,phone,inactive,7,2026-07-27 07:51:00,2026-08-02 12:50:00,,2026-08-03 06:38:37,2026-07-30 06:52:48,0,0,no,,,,,,,,no,0,3,,,0,7,True,False,NYC,False
u_104569,Sacramento,2026-07-26 23:17:53,friend_family,25-34,en,laptop,not_started,0,,,,2026-07-27 05:05:55,2026-07-26 23:17:53,0,0,no,,,,,,,,no,0,0,,,0,0,False,False,Sacramento,False
u_103370,NYC,2026-07-26 23:27:43,reentry_org,35-44,en,phone,in_progress,13,2026-07-28 20:43:00,2026-09-01 19:44:00,,2026-09-03 11:30:45,2026-09-01 01:58:23,0,0,yes,2026-07-26 23:43:43,3.0,Wed|Sat,evening,2.7,2026-09-26,yes,no,0,1,,,0,13,True,False,NYC,False
u_105243,Sacramento,2026-07-26 23:51:57,paid_social,25-34,en,shared_computer,permit_passed,21,2026-07-27 16:27:00,2026-08-29 12:22:00,2026-08-29 12:22:00,2026-09-14 15:22:00,2026-09-11 09:59:38,10,2,yes,2026-07-27 00:24:57,5.0,Wed|Thu|Fri,afternoon,3.7,,unsure,yes,4,3,2026-09-14,passed,1,21,True,True,Sacramento,False
u_105275,Sacramento,2026-07-27 02:03:36,reentry_org,18-24,en,phone,permit_scheduled,21,2026-07-29 14:07:00,2026-08-30 12:07:00,2026-08-30 12:07:00,2026-09-08 17:37:37,2026-09-07 12:24:45,12,0,no,,,,,,,,no,0,1,2026-09-17,,0,21,True,True,Sacramento,False
u_101492,NYC,2026-07-27 07:06:31,parole_probation_officer,35-44,en,phone,not_started,0,,,,2026-07-27 16:44:57,2026-07-27 07:06:31,0,0,yes,2026-07-27 08:16:31,5.0,Mon|Wed|Sat,afternoon,2.8,2026-09-13,yes,no,0,0,,,0,0,False,False,NYC,False
u_100068,NYC,2026-07-27 07:53:33,friend_family,25-34,en,laptop,course_complete,21,2026-07-27 08:01:52,2026-09-01 22:26:00,2026-09-01 22:26:00,2026-09-04 20:48:46,2026-09-02 04:26:39,0,0,no,,,,,,,,no,0,2,,,0,21,True,True,NYC,False
u_101393,NYC,2026-07-27 08:14:02,reentry_org,25-34,en,laptop,inactive,4,2026-07-28 09:14:00,2026-08-01 10:58:00,,2026-08-02 08:05:48,2026-07-30 19:41:38,0,0,no,,,,,,,,no,0,2,,,0,4,True,False,NYC,False
u_102495,NYC,2026-07-27 09:17:18,friend_family,35-44,en,laptop,inactive,2,2026-07-27 10:32:52,2026-07-29 14:01:00,,2026-08-05 08:25:26,2026-08-01 16:06:24,0,0,yes,2026-07-27 10:26:18,7.0,Mon|Wed|Thu|Fri|Sat,afternoon,2.7,2026-08-27,unsure,no,0,0,,,0,2,True,False,NYC,False
u_100270,NYC,2026-07-27 09:29:58,reentry_org,35-44,en,phone,inactive,2,2026-07-27 11:44:39,2026-08-03 15:34:00,,2026-08-05 13:45:22,2026-08-04 06:26:50,0,0,yes,2026-07-27 10:23:58,3.0,Tue|Sat,afternoon,1.0,2026-10-03,yes,no,0,1,,,0,2,True,False,NYC,False
u_103910,NYC,2026-07-27 11:38:01,parole_probation_officer,55+,en,phone,not_started,0,,,,2026-07-30 19:41:16,2026-07-27 11:38:01,0,0,yes,2026-07-27 12:19:01,5.0,Fri|Sat|Sun,late_night,3.2,2026-09-18,yes,yes,0,0,,,0,0,False,False,NYC,False
u_100163,NYC,2026-07-27 11:50:38,workforce_center,45-54,en,phone,inactive,2,2026-07-31 19:56:00,2026-08-01 19:55:00,,2026-08-02 00:50:13,2026-07-27 11:50:38,0,0,no,,,,,,,,no,0,1,,,0,2,True,False,NYC,False
u_101449,NYC,2026-07-27 12:09:33,reentry_org,25-34,en,laptop,not_started,0,,,,2026-07-27 12:23:10,2026-07-27 12:09:33,0,0,no,,,,,,,,yes,0,0,,,0,0,False,False,NYC,False
u_104356,Sacramento,2026-07-27 14:04:20,friend_family,45-54,es,phone,inactive,4,2026-08-02 23:11:00,2026-08-13 22:43:00,,2026-08-18 10:25:16,2026-08-17 04:05:45,0,0,yes,2026-07-27 14:21:20,3.0,Wed|Fri,late_night,0.9,,yes,no,0,1,,,0,4,True,False,Sacramento,False
u_101390,NYC,2026-07-27 17:21:40,reentry_org,35-44,en,tablet,course_complete,21,2026-07-27 19:42:17,2026-09-02 17:03:00,2026-09-02 17:03:00,2026-09-04 00:52:31,2026-08-28 20:39:32,0,0,yes,2026-07-27 18:02:40,5.0,Thu|Fri|Sat,evening,3.7,2026-09-02,yes,no,0,2,,,0,21,True,True,NYC,False
u_102329,NYC,2026-07-27 19:00:16,paid_social,18-24,en,shared_computer,inactive,3,2026-08-08 17:01:00,2026-08-12 17:48:00,,2026-08-15 18:44:25,2026-08-10 21:14:46,0,0,yes,2026-07-27 20:20:16,10.0,Mon|Tue|Wed|Thu|Fri|Sat|Sun,evening,5.4,2026-09-02,yes,no,0,1,,,0,3,True,False,NYC,False
u_100412,NYC,2026-07-27 19:12:28,reentry_org,35-44,en,laptop,inactive,1,2026-07-28 12:25:00,2026-07-28 12:25:00,,2026-07-30 11:49:39,2026-07-29 09:32:19,0,0,yes,2026-07-27 19:43:28,7.0,Wed|Thu|Fri|Sat|Sun,afternoon,3.5,2026-09-08,yes,no,0,0,,,0,1,True,False,NYC,False
u_100114,NYC,2026-07-27 20:34:49,paid_social,35-44,en,laptop,inactive,1,2026-07-27 22:08:36,2026-07-27 22:08:36,,2026-07-28 14:47:37,2026-07-28 02:56:00,0,0,yes,2026-07-27 21:26:49,7.0,Mon|Wed|Thu|Fri|Sun,morning,3.8,2026-09-12,no,no,0,2,,,0,1,True,False,NYC,False
u_101316,NYC,2026-07-27 20:58:41,friend_family,35-44,en,phone,course_complete,21,2026-07-27 21:25:02,2026-09-06 12:36:00,2026-09-06 12:36:00,2026-09-06 15:50:38,2026-09-02 01:08:14,0,0,no,,,,,,,,yes,6,3,,,0,21,True,True,NYC,False
u_104179,Sacramento,2026-07-27 21:18:37,paid_social,35-44,en,phone,inactive,2,2026-07-27 21:36:05,2026-07-30 08:01:00,,2026-08-01 23:18:52,2026-07-29 13:03:18,0,0,no,,,,,,,,no,0,1,,,0,2,True,False,Sacramento,False
u_103933,NYC,2026-07-27 21:58:29,friend_family,25-34,en,phone,inactive,9,2026-07-27 23:45:04,2026-08-24 18:47:00,,2026-08-27 00:07:16,2026-08-25 22:19:42,0,0,yes,2026-07-27 23:00:29,5.0,Tue|Wed|Fri,evening,2.3,2026-09-22,unsure,no,0,2,,,0,9,True,False,NYC,False
u_101179,NYC,2026-07-27 22:13:48,workforce_center,35-44,en,tablet,in_progress,20,2026-07-28 23:43:00,2026-09-14 23:44:00,,2026-09-14 23:44:00,2026-08-25 01:17:07,80,76,yes,2026-07-27 22:55:48,3.0,Tue|Sun,late_night,2.2,2026-10-11,yes,no,0,1,,,0,20,True,False,NYC,False
u_101984,NYC,2026-07-27 23:53:19,reentry_org,25-34,en,phone,not_started,0,,,,2026-08-01 11:27:05,2026-07-31 12:27:15,0,0,no,,,,,,,,yes,0,0,,,0,0,False,False,NYC,False
u_100949,NYC,2026-07-28 00:35:26,workforce_center,18-24,en,phone,permit_scheduled,21,2026-07-28 23:21:55,2026-09-03 18:25:00,2026-09-03 18:25:00,2026-09-12 01:18:35,2026-09-11 15:16:51,7,0,no,,,,,,,,yes,1,2,2026-09-23,,0,21,True,True,NYC,False
u_101849,NYC,2026-07-28 01:22:07,friend_family,35-44,en,phone,inactive,3,2026-07-28 01:38:11,2026-08-04 21:42:00,,2026-08-08 00:53:39,2026-08-08 00:40:11,0,0,no,,,,,,,,no,0,1,,,0,3,True,False,NYC,False
u_102242,NYC,2026-07-28 04:28:48,reentry_org,45-54,en,phone,not_started,0,,,,2026-07-28 06:15:27,2026-07-28 04:28:48,0,0,no,,,,,,,,no,0,0,,,0,0,False,False,NYC,False
u_100453,NYC,2026-07-28 04:29:06,reentry_org,35-44,en,phone,in_progress,19,2026-07-28 06:28:16,2026-09-14 15:58:00,,2026-09-14 20:56:00,2026-09-13 00:37:06,111,41,yes,2026-07-28 04:53:06,5.0,Thu|Sat|Sun,afternoon,2.6,2026-09-19,yes,no,0,2,,,0,19,True,False,NYC,False
u_104523,Sacramento,2026-07-28 05:24:56,paid_social,25-34,es,phone,inactive,1,2026-07-29 22:10:00,2026-07-29 22:10:00,,2026-08-03 14:51:35,2026-08-02 09:59:38,0,0,yes,2026-07-28 06:38:56,7.0,Mon|Tue|Wed|Fri|Sat,late_night,3.0,2026-08-31,yes,no,0,0,,,0,1,True,False,Sacramento,False
u_104904,Sacramento,2026-07-28 06:01:27,paid_social,18-24,en,phone,not_started,0,,,,2026-07-28 19:21:36,2026-07-28 06:01:27,0,0,no,,,,,,,,no,0,0,,,0,0,False,False,Sacramento,False
u_102654,NYC,2026-07-28 06:42:24,reentry_org,25-34,en,phone,course_complete,21,2026-08-04 08:13:00,2026-09-03 11:45:00,2026-09-03 11:45:00,2026-09-12 01:50:18,2026-09-05 17:31:35,4,0,yes,2026-07-28 07:33:24,3.0,Mon|Fri,morning,2.4,2026-10-05,yes,yes,0,1,,,0,21,True,True,NYC,False
u_103839,NYC,2026-07-28 07:37:13,parole_probation_officer,25-34,en,phone,course_complete,21,2026-07-30 19:01:00,2026-09-13 19:01:00,2026-09-13 19:01:00,2026-09-14 20:52:00,2026-09-09 13:54:37,51,87,yes,2026-07-28 08:43:13,3.0,Tue|Fri,evening,1.3,2026-10-13,no,no,0,1,,,0,21,True,True,NYC,True
u_102572,NYC,2026-07-28 08:45:00,workforce_center,45-54,en,tablet,permit_scheduled,21,2026-07-30 19:48:00,2026-09-08 18:41:00,2026-09-08 18:41:00,2026-09-09 18:03:32,2026-09-06 22:07:33,18,0,no,,,,,,,,yes,1,1,2026-09-22,,0,21,True,True,NYC,False
u_102324,NYC,2026-07-28 11:31:25,parole_probation_officer,18-24,en,phone,inactive,3,2026-08-01 23:37:00,2026-08-09 22:07:00,,2026-08-12 20:04:21,2026-08-08 02:52:09,0,0,no,,,,,,,,no,0,2,,,0,3,True,False,NYC,False
u_104954,Sacramento,2026-07-28 11:35:46,parole_probation_officer,45-54,en,phone,not_started,0,,,,2026-07-29 22:23:01,2026-07-28 11:35:46,0,0,yes,2026-07-28 12:55:46,10.0,Mon|Tue|Wed|Thu|Fri|Sat|Sun,morning,5.5,,yes,no,0,0,,,0,0,False,False,Sacramento,False
u_104163,Sacramento,2026-07-28 17:44:18,paid_social,18-24,en,phone,inactive,3,2026-08-01 22:06:00,2026-08-04 23:41:00,,2026-08-07 07:25:15,2026-08-01 06:51:22,0,0,yes,2026-07-28 18:43:18,3.0,Thu|Sun,late_night,1.7,2026-10-10,yes,no,0,0,,,0,3,True,False,Sacramento,False
u_102590,NYC,2026-07-28 19:17:02,reentry_org,35-44,es,phone,in_progress,10,2026-08-08 20:39:00,2026-09-14 19:41:00,,2026-09-15 00:16:00,2026-09-11 03:34:42,113,19,yes,2026-07-28 20:29:02,3.0,Wed|Sat,evening,2.3,,yes,yes,0,3,,,0,10,True,False,NYC,False
u_104348,Sacramento,2026-07-28 19:53:58,paid_social,45-54,en,phone,inactive,8,2026-07-28 21:12:04,2026-08-21 20:17:00,,2026-08-24 03:10:55,2026-08-22 06:44:42,0,0,no,,,,,,,,yes,0,3,,,0,8,True,False,Sacramento,False
u_102756,NYC,2026-07-28 21:07:38,friend_family,45-54,en,laptop,in_progress,13,2026-07-29 21:59:00,2026-09-04 18:06:00,,2026-09-11 11:10:47,2026-09-03 05:48:56,9,0,yes,2026-07-28 22:15:38,3.0,Mon|Fri,evening,1.3,2026-09-24,yes,yes,0,3,,,0,13,True,False,NYC,False
u_105235,Sacramento,2026-07-28 22:36:52,friend_family,25-34,en,phone,permit_passed,21,2026-07-31 09:59:00,2026-08-30 09:22:00,2026-08-30 09:22:00,2026-09-13 15:22:00,2026-08-30 11:54:25,0,0,yes,2026-07-29 00:05:52,7.0,Tue|Wed|Thu|Fri|Sat,morning,4.5,2026-09-10,yes,no,0,2,2026-09-13,passed,1,21,True,True,Sacramento,False
u_101296,NYC,2026-07-28 22:41:51,paid_social,35-44,en,phone,permit_scheduled,21,2026-07-28 22:58:03,2026-09-06 20:17:00,2026-09-06 20:17:00,2026-09-08 17:53:23,2026-09-01 12:02:47,3,0,yes,2026-07-29 00:01:51,7.0,Tue|Wed|Thu|Fri|Sat,evening,2.8,2026-09-02,yes,no,0,3,2026-10-09,,0,21,True,True,NYC,False
u_104104,Sacramento,2026-07-28 22:52:01,friend_family,25-34,en,phone,not_started,0,,,,2026-08-06 20:17:08,2026-08-06 04:22:48,0,0,yes,2026-07-28 23:39:01,5.0,Fri|Sat|Sun,morning,2.6,2026-09-23,unsure,no,0,0,,,0,0,False,False,Sacramento,False
u_105114,Sacramento,2026-07-29 01:00:20,workforce_center,18-24,en,phone,inactive,2,2026-08-02 11:43:00,2026-08-17 11:55:00,,2026-08-19 14:03:24,2026-08-17 07:18:54,0,0,yes,2026-07-29 01:46:20,5.0,Tue|Thu|Fri,morning,2.6,,yes,no,0,1,,,0,2,True,False,Sacramento,False
u_102327,NYC,2026-07-29 02:23:06,reentry_org,55+,en,phone,course_complete,21,2026-07-29 03:45:04,2026-09-01 19:20:00,2026-09-01 19:20:00,2026-09-02 08:21:58,2026-09-01 16:10:28,0,0,yes,2026-07-29 03:13:06,7.0,Tue|Wed|Thu|Fri|Sat,evening,3.5,,yes,no,0,1,,,0,21,True,True,NYC,False
u_100310,NYC,2026-07-29 02:59:50,paid_social,25-34,en,phone,inactive,3,2026-08-10 22:42:00,2026-08-22 22:20:00,,2026-08-23 12:24:42,2026-08-22 23:27:23,0,0,no,,,,,,,,no,0,0,,,0,3,True,False,NYC,False
u_103641,NYC,2026-07-29 04:37:06,paid_social,25-34,es,phone,not_started,0,,,,2026-07-31 20:43:23,2026-07-29 04:37:06,0,0,no,,,,,,,,no,0,0,,,0,0,False,False,NYC,False
u_103122,NYC,2026-07-29 05:30:16,friend_family,35-44,en,phone,not_started,0,,,,2026-07-31 03:47:16,2026-07-30 20:20:05,0,0,yes,2026-07-29 06:52:16,3.0,Mon|Sun,evening,2.0,2026-09-26,yes,no,0,0,,,0,0,False,False,NYC,False
u_101138,NYC,2026-07-29 08:02:33,paid_social,25-34,en,laptop,in_progress,20,2026-07-29 20:06:06,2026-09-14 22:56:00,,2026-09-14 22:56:00,2026-09-11 06:10:59,41,34,no,,,,,,,,no,0,2,,,0,20,True,False,NYC,False
u_104340,Sacramento,2026-07-29 08:59:01,reentry_org,35-44,en,phone,permit_scheduled,21,2026-07-31 20:11:00,2026-09-09 21:04:00,2026-09-09 21:04:00,2026-09-14 20:09:00,2026-09-08 11:14:20,16,3,yes,2026-07-29 09:29:01,5.0,Mon|Wed|Sat,evening,2.3,,yes,yes,3,2,2026-09-16,,0,21,True,True,Sacramento,False
u_104114,Sacramento,2026-07-29 09:56:26,friend_family,45-54,en,phone,in_progress,17,2026-08-09 23:09:00,2026-09-14 23:13:00,,2026-09-14 23:13:00,2026-09-14 07:53:20,74,42,yes,2026-07-29 10:44:26,5.0,Mon|Fri|Sat,late_night,2.1,2026-09-23,no,no,0,1,,,0,17,True,False,Sacramento,False
u_102980,NYC,2026-07-29 10:02:12,workforce_center,45-54,en,phone,not_started,0,,,,2026-07-30 04:15:00,2026-07-29 10:02:12,0,0,yes,2026-07-29 11:00:12,10.0,Mon|Tue|Wed|Thu|Fri|Sat|Sun,late_night,4.5,2026-08-24,unsure,no,0,0,,,0,0,False,False,NYC,False
u_104418,Sacramento,2026-07-29 10:26:16,paid_social,45-54,en,phone,inactive,1,2026-07-31 20:01:00,2026-07-31 20:01:00,,2026-08-02 16:38:24,2026-07-29 10:26:16,0,0,no,,,,,,,,no,0,0,,,0,1,True,False,Sacramento,False
u_102246,NYC,2026-07-29 11:22:46,friend_family,45-54,en,phone,inactive,2,2026-07-29 13:16:04,2026-07-30 22:36:00,,2026-07-31 00:30:22,2026-07-30 11:08:14,0,0,no,,,,,,,,no,0,1,,,0,2,True,False,NYC,False
u_103283,NYC,2026-07-29 15:17:12,workforce_center,35-44,en,phone,permit_scheduled,21,2026-08-02 08:45:00,2026-08-20 08:45:00,2026-08-20 08:45:00,2026-08-21 01:22:17,2026-08-14 06:59:56,0,0,no,,,,,,,,yes,0,2,2026-09-21,,0,21,True,True,NYC,False
u_101143,NYC,2026-07-29 15:31:58,workforce_center,25-34,en,phone,inactive,3,2026-08-04 17:51:00,2026-08-14 17:17:00,,2026-08-23 22:02:38,2026-08-23 00:32:23,0,0,yes,2026-07-29 15:45:58,10.0,Mon|Tue|Wed|Thu|Fri|Sat|Sun,evening,4.6,2026-08-31,unsure,no,0,2,,,0,3,True,False,NYC,False
u_100196,NYC,2026-07-29 18:20:01,workforce_center,35-44,en,laptop,inactive,4,2026-07-30 14:09:00,2026-08-07 13:46:00,,2026-08-07 15:44:25,2026-08-01 01:02:52,0,0,yes,2026-07-29 19:50:01,7.0,Mon|Wed|Fri|Sat|Sun,afternoon,4.0,,yes,no,0,0,,,0,4,True,False,NYC,False
u_105545,Boston,2026-07-29 21:44:19,paid_social,35-44,en,laptop,not_started,0,,,,2026-07-29 22:53:33,2026-07-29 21:44:19,0,0,yes,2026-07-29 21:52:19,5.0,Mon|Thu|Fri,evening,3.3,2026-09-10,no,no,0,0,,,0,0,False,False,Boston,False
u_101879,NYC,2026-07-29 21:56:20,parole_probation_officer,35-44,en,phone,inactive,2,2026-07-31 22:43:00,2026-08-04 23:20:00,,2026-08-05 18:18:34,2026-07-30 03:17:49,0,0,no,,,,,,,,no,0,1,,,0,2,True,False,NYC,False
u_103043,NYC,2026-07-30 01:45:05,paid_social,25-34,es,tablet,permit_scheduled,21,2026-07-30 02:00:02,2026-09-09 23:21:00,2026-09-09 23:21:00,2026-09-14 22:31:00,2026-09-12 13:57:54,20,4,no,,,,,,,,no,0,2,2026-10-11,,0,21,True,True,NYC,False
u_102810,NYC,2026-07-30 04:01:37,reentry_org,25-34,en,laptop,in_progress,18,2026-07-31 23:29:00,2026-09-06 22:51:00,,2026-09-08 04:34:15,2026-09-04 00:53:50,0,0,yes,2026-07-30 04:59:37,3.0,Sat|Sun,late_night,1.9,2026-10-11,unsure,no,0,2,,,0,18,True,False,NYC,False
u_105760,Boston,2026-07-30 04:23:44,paid_social,18-24,en,phone,withdrawn,0,,,,2026-07-30 23:49:02,2026-07-30 04:23:44,0,0,no,,,,,,,,no,0,0,,,0,0,False,False,Boston,False
u_102780,NYC,2026-07-30 05:45:52,paid_social,25-34,en,laptop,not_started,0,,,,2026-07-31 05:03:49,2026-07-30 05:45:52,0,0,yes,2026-07-30 06:12:52,7.0,Mon|Tue|Wed|Fri|Sun,afternoon,4.4,2026-09-04,yes,no,0,0,,,0,0,False,False,NYC,False
u_101153,NYC,2026-07-30 06:15:12,reentry_org,25-34,en,phone,inactive,4,2026-07-30 06:30:49,2026-08-06 22:19:00,,2026-08-06 22:47:48,2026-07-30 06:15:12,0,0,no,,,,,,,,no,0,1,,,0,4,True,False,NYC,False
u_105256,Sacramento,2026-07-30 07:12:10,parole_probation_officer,18-24,en,laptop,not_started,0,,,,2026-07-31 22:34:32,2026-07-31 19:07:54,0,0,yes,2026-07-30 07:31:10,7.0,Mon|Wed|Thu|Fri|Sat,afternoon,4.5,2026-09-01,yes,no,0,0,,,0,0,False,False,Sacramento,False
u_105914,Boston,2026-07-30 11:45:18,workforce_center,25-34,en,laptop,not_started,0,,,,2026-08-02 09:15:52,2026-07-30 11:45:18,0,0,yes,2026-07-30 12:30:18,5.0,Mon|Tue|Sat,evening,3.0,2026-09-14,no,yes,0,0,,,0,0,False,False,Boston,False
u_104235,Sacramento,2026-07-30 12:27:41,reentry_org,45-54,en,phone,not_started,0,,,,2026-07-31 01:57:03,2026-07-30 19:46:45,0,0,yes,2026-07-30 12:30:41,5.0,Mon|Thu|Sun,afternoon,2.3,2026-09-06,yes,no,0,0,,,0,0,False,False,Sacramento,False
u_100071,NYC,2026-07-30 12:36:11,reentry_org,25-34,es,phone,not_started,0,,,,2026-07-31 13:52:52,2026-07-30 12:36:11,0,0,no,,,,,,,,no,0,0,,,0,0,False,False,NYC,False
u_104719,Sacramento,2026-07-30 12:55:54,paid_social,25-34,en,laptop,withdrawn,3,2026-07-30 13:10:28,2026-08-03 17:41:00,,2026-08-05 12:53:52,2026-08-01 21:46:20,0,0,yes,2026-07-30 13:40:54,5.0,Mon|Thu|Fri,evening,2.8,2026-09-24,unsure,no,0,1,,,0,3,True,False,Sacramento,False
u_104767,Sacramento,2026-07-30 13:55:08,parole_probation_officer,25-34,en,phone,in_progress,12,2026-08-06 16:57:00,2026-09-13 14:28:00,,2026-09-14 02:15:01,2026-09-08 12:14:56,26,26,yes,2026-07-30 15:02:08,3.0,Thu|Sun,afternoon,2.5,,yes,yes,6,1,,,0,12,True,False,Sacramento,False
u_100051,NYC,2026-07-30 17:05:34,paid_social,18-24,en,phone,not_started,0,,,,2026-07-30 20:07:26,2026-07-30 17:05:34,0,0,no,,,,,,,,no,0,0,,,0,0,False,False,NYC,False
u_104347,Sacramento,2026-07-30 18:05:01,workforce_center,35-44,en,phone,permit_passed,21,2026-08-02 19:46:00,2026-08-28 17:20:00,2026-08-28 17:20:00,2026-09-05 15:20:00,2026-08-24 16:57:46,0,0,yes,2026-07-30 19:30:01,10.0,Mon|Tue|Wed|Thu|Fri|Sat|Sun,evening,5.7,,yes,yes,6,1,2026-09-05,passed,1,21,True,True,Sacramento,False
u_103528,NYC,2026-07-30 18:32:22,reentry_org,45-54,en,laptop,permit_scheduled,21,2026-08-05 12:09:00,2026-08-25 12:26:00,2026-08-25 12:26:00,2026-09-03 03:38:35,2026-09-03 00:08:33,0,0,yes,2026-07-30 19:21:22,5.0,Wed|Fri|Sun,afternoon,2.9,,yes,no,0,1,2026-09-23,,0,21,True,True,NYC,False
u_104776,Sacramento,2026-07-30 22:57:56,reentry_org,35-44,en,phone,inactive,2,2026-07-31 19:37:00,2026-08-05 21:58:00,,2026-08-09 13:09:41,2026-08-07 19:13:42,0,0,yes,2026-07-30 23:04:56,3.0,Mon|Sun,evening,1.9,2026-10-06,unsure,no,0,1,,,0,2,True,False,Sacramento,False
u_103630,NYC,2026-07-30 23:00:25,friend_family,18-24,es,phone,permit_scheduled,21,2026-08-09 12:47:00,2026-08-26 14:20:00,2026-08-26 14:20:00,2026-09-02 15:35:20,2026-09-02 00:07:52,0,0,no,,,,,,,,no,0,2,2026-09-26,,0,21,True,True,NYC,False
u_103756,NYC,2026-07-30 23:28:39,friend_family,25-34,es,laptop,course_complete,21,2026-08-02 10:02:00,2026-08-18 11:43:00,2026-08-18 11:43:00,2026-08-30 13:29:32,2026-08-26 23:29:33,0,0,yes,2026-07-30 23:53:39,10.0,Mon|Tue|Wed|Thu|Fri|Sat|Sun,morning,5.3,,yes,yes,0,2,,,0,21,True,True,NYC,False
u_103616,NYC,2026-07-31 09:01:39,friend_family,55+,es,tablet,permit_passed,21,2026-08-01 08:16:00,2026-08-20 11:35:00,2026-08-20 11:35:00,2026-09-09 15:35:00,2026-08-14 16:04:16,0,0,yes,2026-07-31 09:07:39,7.0,Mon|Wed|Thu|Sat|Sun,morning,3.9,2026-09-18,no,no,0,2,2026-09-09,passed,1,21,True,True,NYC,False
u_100934,NYC,2026-07-31 09:31:57,friend_family,45-54,es,phone,in_progress,17,2026-08-11 13:26:00,2026-09-13 15:47:00,,2026-09-15 05:39:00,2026-09-07 06:26:50,82,48,yes,2026-07-31 10:03:57,5.0,Mon|Sat|Sun,afternoon,2.3,2026-09-13,yes,yes,2,2,,,0,17,True,False,NYC,False
u_105341,Sacramento,2026-07-31 11:59:01,parole_probation_officer,25-34,en,shared_computer,not_started,0,,,,2026-08-09 05:19:00,2026-08-08 07:59:27,0,0,no,,,,,,,,yes,0,0,,,0,0,False,False,Sacramento,False
u_103899,NYC,2026-07-31 14:08:56,friend_family,25-34,en,laptop,not_started,0,,,,2026-07-31 14:17:26,2026-07-31 14:08:56,0,0,yes,2026-07-31 15:04:56,5.0,Mon|Tue|Sun,late_night,2.8,,yes,yes,0,0,,,0,0,False,False,NYC,False
u_103723,NYC,2026-07-31 15:07:55,workforce_center,45-54,en,phone,in_progress,10,2026-08-05 08:41:00,2026-08-18 06:32:00,,2026-09-03 08:11:42,2026-08-30 18:10:34,0,0,yes,2026-07-31 16:12:55,5.0,Wed|Thu|Sat,morning,2.3,2026-09-13,no,yes,0,1,,,0,10,True,False,NYC,False
u_102956,NYC,2026-07-31 15:27:04,friend_family,45-54,en,phone,inactive,3,2026-08-06 07:27:00,2026-08-12 12:36:00,,2026-08-13 22:34:38,2026-08-12 22:17:50,0,0,yes,2026-07-31 15:32:04,5.0,Thu|Fri|Sat,morning,2.7,2026-09-16,yes,no,0,1,,,0,3,True,False,NYC,False
u_103478,NYC,2026-07-31 16:04:59,paid_social,45-54,en,laptop,permit_scheduled,21,2026-07-31 17:57:51,2026-09-06 22:17:00,2026-09-06 22:17:00,2026-09-08 05:02:54,2026-09-03 08:29:46,0,0,no,,,,,,,,no,0,1,2026-09-21,,0,21,True,True,NYC,False
u_103140,NYC,2026-07-31 17:24:47,parole_probation_officer,18-24,en,laptop,not_started,0,,,,2026-07-31 20:35:18,2026-07-31 17:24:47,0,0,yes,2026-07-31 17:41:47,10.0,Mon|Tue|Wed|Thu|Fri|Sat|Sun,late_night,4.2,,no,no,0,0,,,0,0,False,False,NYC,False
u_101262,NYC,2026-07-31 17:40:50,workforce_center,35-44,en,phone,inactive,14,2026-07-31 17:54:30,2026-08-11 11:20:00,,2026-08-11 12:01:21,2026-08-09 23:40:45,0,0,yes,2026-07-31 18:48:50,10.0,Mon|Tue|Wed|Thu|Fri|Sat|Sun,morning,4.4,2026-09-05,yes,yes,3,3,,,0,14,True,False,NYC,False
u_101311,NYC,2026-07-31 21:11:07,parole_probation_officer,25-34,en,phone,permit_scheduled,21,2026-08-01 20:58:00,2026-09-05 20:21:00,2026-09-05 20:21:00,2026-09-09 08:17:30,2026-09-07 12:40:12,6,0,yes,2026-07-31 21:59:07,5.0,Tue|Fri|Sun,evening,3.5,2026-09-15,yes,no,0,2,2026-09-21,,0,21,True,True,NYC,False
u_101054,NYC,2026-07-31 22:08:05,parole_probation_officer,25-34,en,phone,inactive,1,2026-07-31 22:22:31,2026-07-31 22:22:31,,2026-08-02 02:09:45,2026-07-31 22:08:05,0,0,yes,2026-07-31 22:18:05,3.0,Mon|Tue,evening,2.1,2026-10-15,no,yes,3,0,,,0,1,True,False,NYC,False
u_103281,NYC,2026-07-31 22:33:25,paid_social,25-34,es,laptop,withdrawn,0,,,,2026-08-02 16:16:11,2026-07-31 22:33:25,0,0,yes,2026-07-31 23:04:25,3.0,Fri|Sat,evening,1.1,,yes,yes,0,0,,,0,0,False,False,NYC,False
u_100063,NYC,2026-08-01 00:20:10,reentry_org,25-34,en,phone,in_progress,10,2026-08-02 15:59:00,2026-09-14 15:20:00,,2026-09-15 05:17:00,2026-09-11 14:17:02,33,25,yes,2026-08-01 00:58:10,3.0,Mon|Fri,afternoon,1.8,2026-10-07,yes,no,0,3,,,0,10,True,False,NYC,False
u_102271,NYC,2026-08-01 00:31:07,parole_probation_officer,18-24,en,phone,not_started,0,,,,2026-08-02 22:15:16,2026-08-01 00:31:07,0,0,no,,,,,,,,yes,0,0,,,0,0,False,False,NYC,False
u_104306,Sacramento,2026-08-01 00:32:12,parole_probation_officer,35-44,en,laptop,not_started,0,,,,2026-08-06 04:07:37,2026-08-05 05:40:20,0,0,yes,2026-08-01 01:03:12,3.0,Wed|Fri,evening,2.2,,yes,no,0,0,,,0,0,False,False,Sacramento,False
u_101443,NYC,2026-08-01 02:53:13,reentry_org,45-54,en,phone,inactive,1,2026-08-01 03:58:04,2026-08-01 03:58:04,,2026-08-02 15:52:37,2026-08-01 02:53:13,0,0,no,,,,,,,,no,0,0,,,0,1,True,False,NYC,False
u_103295,NYC,2026-08-01 02:54:05,paid_social,18-24,en,phone,inactive,4,2026-08-01 03:04:01,2026-08-07 13:06:00,,2026-08-08 09:06:34,2026-08-06 14:45:36,0,0,yes,2026-08-01 04:07:05,3.0,Mon|Thu,afternoon,1.7,2026-09-30,no,no,0,1,,,0,4,True,False,NYC,False
u_103786,NYC,2026-08-01 04:28:58,paid_social,55+,en,phone,not_started,0,,,,2026-08-02 06:40:20,2026-08-01 04:28:58,0,0,no,,,,,,,,no,0,0,,,0,0,False,False,NYC,False
u_103505,NYC,2026-08-01 07:44:54,paid_social,35-44,en,tablet,not_started,0,,,,2026-08-01 17:44:36,2026-08-01 07:44:54,0,0,yes,2026-08-01 09:14:54,3.0,Fri|Sat,evening,2.4,,yes,no,0,0,,,0,0,False,False,NYC,False
u_105248,Sacramento,2026-08-01 10:49:36,parole_probation_officer,35-44,en,laptop,inactive,5,2026-08-05 11:27:00,2026-08-07 09:56:00,,2026-08-08 22:56:42,2026-08-07 13:39:10,0,0,yes,2026-08-01 11:50:36,5.0,Mon|Tue|Fri,morning,2.4,,yes,yes,3,1,,,0,5,True,False,Sacramento,False
u_104768,Sacramento,2026-08-01 11:57:19,paid_social,35-44,en,shared_computer,not_started,0,,,,2026-08-01 23:13:31,2026-08-01 11:57:19,0,0,yes,2026-08-01 12:24:19,10.0,Mon|Tue|Wed|Thu|Fri|Sat|Sun,late_night,5.9,2026-08-25,yes,no,0,0,,,0,0,False,False,Sacramento,False
u_102414,NYC,2026-08-01 12:02:36,reentry_org,35-44,en,phone,in_progress,20,2026-08-01 14:12:11,2026-09-11 23:17:00,,2026-09-12 13:09:20,2026-09-11 18:55:51,47,11,yes,2026-08-01 12:47:36,3.0,Wed|Sun,late_night,1.9,2026-10-14,unsure,yes,2,2,,,0,20,True,False,NYC,False
u_105348,Sacramento,2026-08-01 12:24:27,reentry_org,35-44,es,phone,in_progress,17,2026-08-02 16:39:00,2026-09-14 14:50:00,,2026-09-14 22:25:54,2026-09-12 20:45:26,50,28,yes,2026-08-01 12:58:27,3.0,Wed|Thu,afternoon,1.9,2026-09-27,yes,no,0,2,,,0,17,True,False,Sacramento,False
u_104661,Sacramento,2026-08-01 12:48:17,paid_social,25-34,en,laptop,not_started,0,,,,2026-08-03 00:24:06,2026-08-01 12:48:17,0,0,yes,2026-08-01 12:54:17,7.0,Wed|Thu|Fri|Sat|Sun,late_night,4.5,2026-09-01,unsure,no,0,0,,,0,0,False,False,Sacramento,False
u_103909,NYC,2026-08-01 12:59:41,reentry_org,35-44,es,laptop,course_complete,21,2026-08-02 20:44:00,2026-09-05 18:58:00,2026-09-05 18:58:00,2026-09-15 03:36:00,2026-09-13 07:46:05,7,7,yes,2026-08-01 14:06:41,7.0,Tue|Wed|Thu|Fri|Sat,evening,2.9,,no,no,0,2,,,0,21,True,True,NYC,False
u_102002,NYC,2026-08-01 14:50:10,reentry_org,35-44,en,phone,course_complete,21,2026-08-03 09:06:00,2026-08-25 06:30:00,2026-08-25 06:30:00,2026-08-29 07:26:02,2026-08-25 06:00:13,0,0,yes,2026-08-01 16:03:10,10.0,Mon|Tue|Wed|Thu|Fri|Sat|Sun,morning,4.2,2026-08-31,yes,no,0,2,,,0,21,True,True,NYC,False
u_103303,NYC,2026-08-01 15:12:34,reentry_org,45-54,en,tablet,not_started,0,,,,2026-08-02 01:56:33,2026-08-01 15:12:34,0,0,yes,2026-08-01 15:38:34,10.0,Mon|Tue|Wed|Thu|Fri|Sat|Sun,late_night,4.7,2026-08-25,unsure,no,0,0,,,0,0,False,False,NYC,False
u_100084,NYC,2026-08-01 15:25:30,reentry_org,25-34,en,phone,course_complete,21,2026-08-01 17:08:08,2026-09-05 23:48:00,2026-09-05 23:48:00,2026-09-10 03:17:42,2026-09-08 00:29:42,12,0,yes,2026-08-01 15:31:30,10.0,Mon|Tue|Wed|Thu|Fri|Sat|Sun,late_night,5.7,2026-09-01,yes,no,0,2,,,0,21,True,True,NYC,False
u_101724,NYC,2026-08-01 20:23:35,paid_social,18-24,es,phone,not_started,0,,,,2026-08-02 01:03:22,2026-08-01 20:23:35,0,0,yes,2026-08-01 21:30:35,10.0,Mon|Tue|Wed|Thu|Fri|Sat|Sun,evening,5.7,2026-09-05,yes,no,0,0,,,0,0,False,False,NYC,False
u_102073,NYC,2026-08-01 20:35:41,friend_family,35-44,en,laptop,withdrawn,16,2026-08-01 20:47:34,2026-08-29 17:53:00,,2026-09-06 14:31:46,2026-09-03 17:50:54,0,0,yes,2026-08-01 21:23:41,5.0,Wed|Fri|Sat,evening,2.2,2026-09-17,no,no,0,1,,,0,16,True,False,NYC,False
u_105701,Boston,2026-08-01 21:05:21,reentry_org,18-24,en,phone,inactive,1,2026-08-01 21:21:15,2026-08-01 21:21:15,,2026-08-05 09:52:01,2026-08-01 21:05:21,0,0,no,,,,,,,,no,0,2,,,0,1,True,False,Boston,False
u_100645,NYC,2026-08-01 21:26:27,workforce_center,45-54,en,phone,inactive,4,2026-08-04 15:46:00,2026-08-15 14:51:00,,2026-08-16 02:57:13,2026-08-05 12:29:22,0,0,yes,2026-08-01 22:27:27,10.0,Mon|Tue|Wed|Thu|Fri|Sat|Sun,afternoon,4.7,,no,no,0,0,,,0,4,True,False,NYC,False
u_104880,Sacramento,2026-08-01 22:35:15,reentry_org,35-44,es,laptop,inactive,3,2026-08-10 08:15:00,2026-08-14 10:08:00,,2026-08-19 12:02:10,2026-08-18 20:45:55,0,0,yes,2026-08-01 22:46:15,3.0,Mon|Sun,morning,1.9,2026-09-27,yes,no,0,1,,,0,3,True,False,Sacramento,False
u_103171,NYC,2026-08-01 23:07:50,parole_probation_officer,18-24,en,laptop,in_progress,19,2026-08-01 23:29:04,2026-09-10 19:42:00,,2026-09-11 10:35:13,2026-09-10 08:33:16,62,0,yes,2026-08-01 23:43:50,3.0,Fri|Sun,evening,2.1,,unsure,yes,4,1,,,0,19,True,False,NYC,False
u_102322,NYC,2026-08-01 23:08:37,reentry_org,25-34,en,phone,inactive,4,2026-08-02 12:05:00,2026-08-08 16:58:00,,2026-08-09 10:53:31,2026-08-09 03:34:00,0,0,yes,2026-08-01 23:46:37,3.0,Tue|Fri,afternoon,2.0,,no,no,0,1,,,0,4,True,False,NYC,False
u_104478,Sacramento,2026-08-02 04:49:11,parole_probation_officer,25-34,en,phone,permit_failed,21,2026-08-02 05:09:23,2026-08-28 12:22:00,2026-08-28 12:22:00,2026-09-07 15:22:00,2026-08-28 12:14:54,0,0,yes,2026-08-02 05:05:11,5.0,Tue|Sat|Sun,afternoon,1.9,,yes,no,0,1,2026-09-07,failed,1,21,True,True,Sacramento,False
u_105580,Boston,2026-08-02 04:54:44,paid_social,45-54,en,tablet,not_started,0,,,,2026-08-04 10:20:48,2026-08-02 04:54:44,0,0,yes,2026-08-02 05:16:44,7.0,Mon|Wed|Fri|Sat|Sun,evening,3.4,2026-09-05,yes,yes,0,0,,,0,0,False,False,Boston,False
u_101529,NYC,2026-08-02 06:58:23,parole_probation_officer,35-44,en,phone,permit_passed,21,2026-08-03 22:13:00,2026-09-01 22:15:00,2026-09-01 22:15:00,2026-09-13 15:15:00,2026-09-02 11:35:53,0,0,no,,,,,,,,yes,0,1,2026-09-13,passed,1,21,True,True,NYC,False
u_100842,NYC,2026-08-02 07:15:11,reentry_org,35-44,es,shared_computer,not_started,0,,,,2026-08-04 03:12:34,2026-08-03 04:41:01,0,0,yes,2026-08-02 07:36:11,3.0,Mon|Tue,evening,1.2,,unsure,no,0,0,,,0,0,False,False,NYC,False
u_101564,NYC,2026-08-02 08:09:04,friend_family,35-44,en,phone,course_complete,21,2026-08-02 08:44:07,2026-09-12 17:37:00,2026-09-12 17:37:00,2026-09-15 00:41:00,2026-09-14 15:36:56,54,19,yes,2026-08-02 09:38:04,7.0,Mon|Wed|Thu|Fri|Sat,evening,4.3,2026-09-08,no,yes,6,2,,,0,21,True,True,NYC,False
u_105479,BOS,2026-08-02 09:41:54,paid_social,25-34,en,laptop,not_started,0,,,,2026-08-02 13:57:45,2026-08-02 09:41:54,0,0,yes,2026-08-02 11:09:54,5.0,Wed|Fri|Sat,late_night,3.0,2026-09-28,yes,no,0,0,,,0,0,False,False,Boston,False
u_104111,Sacramento,2026-08-02 11:27:11,friend_family,35-44,en,phone,course_complete,21,2026-08-02 23:24:13,2026-09-07 21:36:00,2026-09-07 21:36:00,2026-09-08 21:51:31,2026-09-08 05:51:11,6,0,yes,2026-08-02 12:32:11,7.0,Mon|Wed|Thu|Fri|Sat,evening,4.3,2026-09-12,yes,yes,2,3,,,0,21,True,True,Sacramento,False
u_101757,NYC,2026-08-02 20:32:26,reentry_org,45-54,es,phone,not_started,0,,,,2026-08-03 01:36:39,2026-08-02 20:32:26,0,0,yes,2026-08-02 20:46:26,5.0,Mon|Fri|Sat,late_night,3.1,,yes,no,0,0,,,0,0,False,False,NYC,False
u_101423,NYC,2026-08-02 22:03:29,friend_family,25-34,es,phone,in_progress,20,2026-08-06 21:22:00,2026-09-13 19:18:00,,2026-09-15 01:18:00,2026-09-12 15:06:31,121,34,yes,2026-08-02 23:12:29,7.0,Mon|Tue|Thu|Fri|Sun,evening,3.6,,unsure,no,0,2,,,0,20,True,False,NYC,False
u_103774,NYC,2026-08-02 22:55:03,reentry_org,25-34,es,phone,permit_scheduled,21,2026-08-02 23:04:24,2026-08-27 06:13:00,2026-08-27 06:13:00,2026-08-28 21:41:54,2026-08-25 15:22:37,0,0,yes,2026-08-02 23:22:03,7.0,Tue|Thu|Fri|Sat|Sun,morning,4.0,2026-09-08,yes,yes,1,2,2026-09-20,,0,21,True,True,NYC,False
u_101125,NYC,2026-08-02 23:02:46,parole_probation_officer,25-34,en,phone,permit_scheduled,21,2026-08-02 23:10:00,2026-09-08 11:55:00,2026-09-08 11:55:00,2026-09-09 15:01:52,2026-09-06 17:54:09,27,0,no,,,,,,,,no,0,3,2026-10-10,,0,21,True,True,NYC,False
u_103552,NYC,2026-08-03 02:48:19,parole_probation_officer,35-44,en,phone,inactive,3,2026-08-04 11:39:00,2026-08-10 11:07:00,,2026-08-13 03:54:33,2026-08-12 08:10:30,0,0,yes,2026-08-03 03:06:19,3.0,Wed|Fri,morning,2.4,,no,no,0,2,,,0,3,True,False,NYC,False
u_100931,nyc,2026-08-03 07:30:06,paid_social,35-44,en,phone,not_started,0,,,,2026-08-06 18:16:57,2026-08-04 17:34:28,0,0,no,,,,,,,,no,0,0,,,0,0,False,False,NYC,False
u_104442,Sacramento,2026-08-03 10:18:35,friend_family,45-54,en,phone,withdrawn,1,2026-08-03 10:25:29,2026-08-03 10:25:29,,2026-08-04 13:36:08,2026-08-03 10:18:35,0,0,no,,,,,,,,no,0,1,,,0,1,True,False,Sacramento,False
u_103041,NYC,2026-08-03 10:50:53,paid_social,18-24,en,phone,permit_scheduled,21,2026-08-05 18:24:00,2026-09-05 18:47:00,2026-09-05 18:47:00,2026-09-14 21:06:00,2026-09-14 06:08:25,7,2,yes,2026-08-03 11:37:53,7.0,Mon|Tue|Wed|Sat|Sun,evening,3.9,2026-09-18,yes,yes,3,1,2026-09-24,,0,21,True,True,NYC,False
u_105149,Sacramento,2026-08-03 12:11:15,workforce_center,35-44,en,phone,not_started,0,,,,2026-08-05 16:34:01,2026-08-04 00:56:59,0,0,no,,,,,,,,yes,0,0,,,0,0,False,False,Sacramento,False
u_103056,NYC,2026-08-03 18:38:30,parole_probation_officer,35-44,en,phone,permit_scheduled,21,2026-08-07 21:53:00,2026-09-09 19:59:00,2026-09-09 19:59:00,2026-09-10 19:04:01,2026-09-07 04:57:40,29,0,yes,2026-08-03 18:51:30,7.0,Tue|Wed|Thu|Fri|Sat,evening,4.3,2026-09-19,yes,yes,2,2,2026-09-22,,0,21,True,True,NYC,False
u_101477,NYC,2026-08-03 20:35:50,parole_probation_officer,35-44,en,phone,in_progress,16,2026-08-06 17:41:00,2026-09-14 18:53:00,,2026-09-14 22:25:00,2026-08-24 13:55:14,71,29,yes,2026-08-03 20:56:50,5.0,Tue|Fri|Sat,evening,2.0,,yes,yes,4,1,,,0,16,True,False,NYC,False
u_104238,Sacramento,2026-08-03 22:02:20,reentry_org,25-34,en,phone,not_started,0,,,,2026-08-04 18:16:16,2026-08-04 17:31:08,0,0,yes,2026-08-03 22:56:20,5.0,Tue|Wed|Fri,evening,2.3,2026-09-08,no,yes,0,0,,,0,0,False,False,Sacramento,False
u_102887,NYC,2026-08-03 22:27:16,parole_probation_officer,25-34,en,phone,inactive,3,2026-08-07 11:22:00,2026-08-10 09:45:00,,2026-08-12 12:27:33,2026-08-07 13:45:39,0,0,yes,2026-08-03 23:51:16,3.0,Mon|Sun,morning,1.9,,unsure,no,0,0,,,0,3,True,False,NYC,False
u_103516,NYC,2026-08-04 02:10:55,friend_family,25-34,en,phone,inactive,3,2026-08-06 12:25:00,2026-08-07 16:20:00,,2026-08-08 07:22:23,2026-08-04 02:10:55,0,0,yes,2026-08-04 02:15:55,10.0,Mon|Tue|Wed|Thu|Fri|Sat|Sun,afternoon,5.6,,yes,yes,1,1,,,0,3,True,False,NYC,False
u_102532,NYC,2026-08-04 02:40:25,workforce_center,25-34,en,phone,not_started,0,,,,2026-08-05 02:11:08,2026-08-04 02:40:25,0,0,yes,2026-08-04 03:50:25,7.0,Mon|Tue|Thu|Sat|Sun,evening,4.2,2026-09-19,yes,no,0,0,,,0,0,False,False,NYC,False
u_105879,BOS,2026-08-04 04:07:23,reentry_org,35-44,en,laptop,inactive,1,2026-08-04 04:49:21,2026-08-04 04:49:21,,2026-08-04 16:34:24,2026-08-04 04:07:23,0,0,no,,,,,,,,yes,3,1,,,0,1,True,False,Boston,False
u_101168,NYC,2026-08-04 06:00:15,friend_family,18-24,en,phone,permit_passed,21,2026-08-04 06:06:18,2026-08-22 11:57:00,2026-08-22 11:57:00,2026-09-07 15:57:00,2026-08-20 22:36:22,0,0,yes,2026-08-04 07:28:15,10.0,Mon|Tue|Wed|Thu|Fri|Sat|Sun,morning,5.0,2026-08-26,unsure,no,0,1,2026-09-07,passed,1,21,True,True,NYC,False
u_103971,Sacramento,2026-08-04 06:15:21,paid_social,18-24,es,phone,not_started,0,,,,2026-08-05 00:16:28,2026-08-04 13:30:07,0,0,no,,,,,,,,no,0,0,,,0,0,False,False,Sacramento,False
u_102734,NYC,2026-08-04 06:44:43,paid_social,35-44,en,phone,not_started,0,,,,2026-08-07 07:24:24,2026-08-06 04:29:09,0,0,yes,2026-08-04 07:55:43,7.0,Mon|Wed|Thu|Sat|Sun,evening,4.2,2026-09-03,unsure,yes,0,0,,,0,0,False,False,NYC,False
u_100621,NYC,2026-08-04 07:50:45,parole_probation_officer,45-54,en,phone,not_started,0,,,,2026-08-04 07:52:17,2026-08-04 07:50:45,0,0,no,,,,,,,,no,0,0,,,0,0,False,False,NYC,False
u_104316,Sacramento,2026-08-04 10:25:47,parole_probation_officer,25-34,en,phone,inactive,4,2026-08-10 16:15:00,2026-08-18 13:07:00,,2026-08-20 03:17:21,2026-08-15 05:19:45,0,0,yes,2026-08-04 10:53:47,3.0,Thu|Sun,afternoon,2.2,,unsure,no,0,0,,,0,4,True,False,Sacramento,False
u_100136,NYC,2026-08-04 15:31:10,workforce_center,25-34,en,phone,not_started,0,,,,2026-08-05 19:27:51,2026-08-04 15:31:10,0,0,no,,,,,,,,no,0,0,,,0,0,False,False,NYC,False
u_101415,NYC,2026-08-04 23:14:06,paid_social,25-34,en,phone,not_started,0,,,,2026-08-10 12:16:56,2026-08-04 23:14:06,0,0,yes,2026-08-05 00:16:06,3.0,Wed|Thu,morning,1.8,,no,no,0,0,,,0,0,False,False,NYC,False
u_101736,NYC,2026-08-04 23:42:21,paid_social,25-34,en,phone,not_started,0,,,,2026-08-05 21:59:41,2026-08-04 23:42:21,0,0,yes,2026-08-05 00:11:21,10.0,Mon|Tue|Wed|Thu|Fri|Sat|Sun,afternoon,5.9,2026-08-26,no,yes,0,0,,,0,0,False,False,NYC,False
u_102939,NYC,2026-08-05 03:28:09,reentry_org,35-44,en,phone,inactive,1,2026-08-14 15:26:00,2026-08-14 15:26:00,,2026-08-22 10:03:17,2026-08-12 12:44:19,0,0,yes,2026-08-05 04:07:09,10.0,Mon|Tue|Wed|Thu|Fri|Sat|Sun,afternoon,5.6,2026-09-14,no,no,0,2,,,0,1,True,False,NYC,False
u_102474,NYC,2026-08-05 03:56:25,parole_probation_officer,55+,en,phone,inactive,12,2026-08-10 11:01:00,2026-08-31 08:05:00,,2026-08-31 09:50:23,2026-08-26 06:39:25,0,0,yes,2026-08-05 05:20:25,3.0,Tue|Thu,morning,2.1,2026-10-11,unsure,yes,1,3,,,0,12,True,False,NYC,False
u_100673,NYC,2026-08-05 04:54:13,parole_probation_officer,35-44,en,phone,not_started,0,,,,2026-08-06 10:27:33,2026-08-05 04:54:13,0,0,yes,2026-08-05 05:34:13,5.0,Mon|Wed|Sat,late_night,2.8,2026-09-23,yes,no,0,0,,,0,0,False,False,NYC,False
u_100569,NYC,2026-08-05 05:04:43,reentry_org,18-24,en,phone,inactive,1,2026-08-05 17:38:40,2026-08-05 17:38:40,,2026-08-11 04:15:03,2026-08-10 00:57:38,0,0,no,,,,,,,,no,0,1,,,0,1,True,False,NYC,False
u_100968,NYC,2026-08-05 05:30:18,reentry_org,35-44,en,phone,not_started,0,,,,2026-08-05 22:03:02,2026-08-05 05:30:18,0,0,no,,,,,,,,no,0,0,,,0,0,False,False,NYC,False
u_102973,NYC,2026-08-05 06:13:18,friend_family,35-44,en,phone,in_progress,20,2026-08-06 07:53:00,2026-09-13 06:00:00,,2026-09-13 23:48:13,2026-09-11 20:05:21,20,20,yes,2026-08-05 07:26:18,3.0,Mon|Tue,morning,1.2,2026-10-18,yes,no,0,1,,,0,20,True,False,NYC,False
u_104187,Sacramento,2026-08-05 06:32:37,parole_probation_officer,35-44,en,tablet,withdrawn,3,2026-08-05 07:09:08,2026-08-08 22:13:00,,2026-08-09 07:43:44,2026-08-05 06:32:37,0,0,no,,,,,,,,no,0,1,,,0,3,True,False,Sacramento,False
u_100073,NYC,2026-08-05 06:55:24,friend_family,18-24,en,laptop,in_progress,19,2026-08-09 08:08:00,2026-08-31 08:38:00,,2026-09-02 14:42:02,2026-08-28 11:09:08,0,0,yes,2026-08-05 07:01:24,7.0,Mon|Tue|Wed|Thu|Sun,morning,3.1,2026-09-15,no,yes,1,2,,,0,19,True,False,NYC,False
u_101912,NYC,2026-08-05 07:17:55,paid_social,18-24,en,phone,permit_scheduled,21,2026-08-06 22:19:00,2026-09-11 23:54:00,2026-09-11 23:54:00,2026-09-14 23:51:00,2026-09-11 10:59:30,56,11,no,,,,,,,,yes,0,1,2026-10-04,,0,21,True,True,NYC,False
u_101990,NYC,2026-08-05 08:08:13,reentry_org,45-54,en,tablet,inactive,3,2026-08-07 18:05:00,2026-08-13 19:52:00,,2026-08-24 11:43:40,2026-08-19 22:16:18,0,0,yes,2026-08-05 09:20:13,5.0,Wed|Thu|Sat,evening,3.3,2026-09-30,yes,no,0,0,,,0,3,True,False,NYC,False
u_101046,NYC,2026-08-05 08:27:48,parole_probation_officer,55+,en,phone,not_started,0,,,,2026-08-07 10:07:02,2026-08-06 20:47:32,0,0,yes,2026-08-05 09:31:48,7.0,Mon|Tue|Wed|Thu|Fri,evening,3.4,2026-09-23,yes,no,0,0,,,0,0,False,False,NYC,False
u_104652,Sacramento,2026-08-05 09:46:51,parole_probation_officer,35-44,en,tablet,in_progress,16,2026-08-06 17:40:00,2026-09-09 21:34:00,,2026-09-11 03:19:20,2026-09-10 12:22:29,26,0,yes,2026-08-05 10:16:51,3.0,Wed|Fri,evening,1.4,2026-10-03,yes,yes,4,2,,,0,16,True,False,Sacramento,False
u_105790,Boston,2026-08-05 09:51:07,parole_probation_officer,25-34,es,phone,not_started,0,,,,2026-08-07 05:23:45,2026-08-05 09:51:07,0,0,yes,2026-08-05 10:16:07,10.0,Mon|Tue|Wed|Thu|Fri|Sat|Sun,evening,4.4,,yes,yes,0,0,,,0,0,False,False,Boston,False
u_104093,Sacramento,2026-08-05 11:06:43,reentry_org,45-54,en,laptop,not_started,0,,,,2026-08-10 16:37:07,2026-08-05 11:06:43,0,0,yes,2026-08-05 11:24:43,3.0,Tue|Sat,morning,2.1,2026-10-19,yes,yes,0,0,,,0,0,False,False,Sacramento,False
u_101941,NYC,2026-08-05 12:21:45,parole_probation_officer,45-54,en,phone,inactive,3,2026-08-06 19:37:00,2026-08-08 20:57:00,,2026-08-11 12:25:15,2026-08-06 12:26:02,0,0,yes,2026-08-05 13:20:45,5.0,Tue|Wed|Sat,evening,2.1,,no,no,0,2,,,0,3,True,False,NYC,False
u_100735,NYC,2026-08-05 17:07:58,reentry_org,35-44,es,phone,not_started,0,,,,2026-08-07 14:34:46,2026-08-05 17:07:58,0,0,no,,,,,,,,no,0,0,,,0,0,False,False,NYC,False
u_102881,NYC,2026-08-05 18:06:43,friend_family,25-34,en,laptop,in_progress,14,2026-08-14 19:34:00,2026-09-14 21:59:00,,2026-09-15 04:35:00,2026-09-14 20:56:12,98,27,no,,,,,,,,yes,2,3,,,0,14,True,False,NYC,False
u_101491,NYC,2026-08-05 20:37:28,reentry_org,45-54,en,phone,permit_scheduled,21,2026-08-06 23:55:00,2026-09-09 23:08:00,2026-09-09 23:08:00,2026-09-13 04:02:52,2026-09-13 03:35:33,29,9,no,,,,,,,,yes,0,3,2026-10-04,,0,21,True,True,NYC,False
u_100717,NYC,2026-08-05 21:41:53,reentry_org,45-54,es,laptop,in_progress,11,2026-08-11 17:07:00,2026-09-12 19:35:00,,2026-09-13 11:36:52,2026-09-12 21:28:57,57,27,yes,2026-08-05 22:07:53,3.0,Wed|Sat,evening,1.9,2026-10-12,yes,no,0,1,,,0,11,True,False,NYC,False
u_100541,NYC,2026-08-06 01:14:32,workforce_center,35-44,es,phone,permit_scheduled,21,2026-08-06 22:35:42,2026-09-01 20:52:00,2026-09-01 20:52:00,2026-09-02 09:22:34,2026-08-27 14:31:12,0,0,no,,,,,,,,yes,1,2,2026-09-22,,0,21,True,True,NYC,False
u_101855,NYC,2026-08-06 01:25:55,reentry_org,25-34,en,phone,inactive,3,2026-08-09 11:37:00,2026-08-14 11:42:00,,2026-08-18 20:51:53,2026-08-16 16:19:18,0,0,no,,,,,,,,no,0,1,,,0,3,True,False,NYC,False
u_100234,NYC,2026-08-06 06:40:59,parole_probation_officer,35-44,en,shared_computer,course_complete,21,2026-08-06 06:47:00,2026-08-22 07:27:00,2026-08-22 07:27:00,2026-08-27 21:44:28,2026-08-27 21:15:06,0,0,no,,,,,,,,no,0,3,,,0,21,True,True,NYC,False
u_101590,NYC,2026-08-06 10:00:35,reentry_org,25-34,en,phone,inactive,4,2026-08-11 07:50:00,2026-08-20 12:17:00,,2026-08-21 19:29:13,2026-08-21 07:36:08,0,0,yes,2026-08-06 10:25:35,7.0,Mon|Tue|Wed|Thu|Sat,morning,3.3,2026-09-08,no,yes,4,1,,,0,4,True,False,NYC,False
u_105853,Boston,2026-08-06 10:52:32,paid_social,25-34,en,shared_computer,inactive,4,2026-08-08 15:52:00,2026-08-25 15:39:00,,2026-08-28 05:27:47,2026-08-24 22:37:27,0,0,yes,2026-08-06 10:58:32,3.0,Thu|Fri,afternoon,1.4,2026-10-03,unsure,yes,0,2,,,0,4,True,False,Boston,False
u_103244,NYC,2026-08-06 10:56:32,paid_social,55+,en,laptop,inactive,2,2026-08-11 21:44:00,2026-08-17 17:40:00,,2026-08-19 16:27:30,2026-08-06 10:56:32,0,0,yes,2026-08-06 11:59:32,5.0,Tue|Thu|Sat,evening,2.7,,yes,no,0,0,,,0,2,True,False,NYC,False
u_105687,Boston,2026-08-06 11:22:13,paid_social,35-44,en,phone,not_started,0,,,,2026-08-09 04:07:27,2026-08-08 12:50:31,0,0,yes,2026-08-06 11:44:13,3.0,Thu|Sat,evening,2.3,2026-10-11,unsure,yes,0,0,,,0,0,False,False,Boston,False
u_105223,Sacramento,2026-08-06 11:32:55,paid_social,25-34,es,laptop,not_started,0,,,,2026-08-06 16:44:44,2026-08-06 11:32:55,0,0,no,,,,,,,,no,0,0,,,0,0,False,False,Sacramento,False
u_105127,Sacramento,2026-08-06 11:50:33,parole_probation_officer,35-44,es,shared_computer,inactive,4,2026-08-06 13:46:43,2026-08-15 15:43:00,,2026-08-16 10:14:21,2026-08-14 20:37:10,0,0,no,,,,,,,,no,0,1,,,0,4,True,False,Sacramento,False
u_103940,NYC,2026-08-06 11:57:33,paid_social,18-24,en,phone,in_progress,14,2026-08-14 14:19:00,2026-09-14 13:48:00,,2026-09-15 02:55:00,2026-09-13 06:40:54,41,20,yes,2026-08-06 12:46:33,3.0,Mon|Sat,afternoon,2.4,2026-10-07,no,no,0,2,,,0,14,True,False,NYC,False
u_101653,NYC,2026-08-06 14:46:28,friend_family,25-34,en,phone,permit_scheduled,21,2026-08-16 12:37:00,2026-09-05 16:31:00,2026-09-05 16:31:00,2026-09-11 11:11:04,2026-09-07 10:21:52,6,0,yes,2026-08-06 15:12:28,10.0,Mon|Tue|Wed|Thu|Fri|Sat|Sun,afternoon,4.6,,yes,no,0,1,2026-09-16,,0,21,True,True,NYC,False
u_103800,NYC,2026-08-06 16:31:04,parole_probation_officer,25-34,en,phone,not_started,0,,,,2026-08-06 19:14:10,2026-08-06 16:31:04,0,0,yes,2026-08-06 17:11:04,3.0,Wed|Sat,late_night,2.5,,yes,no,0,0,,,0,0,False,False,NYC,False
u_105464,Boston,2026-08-06 16:51:56,paid_social,35-44,en,phone,in_progress,15,2026-08-06 17:14:02,2026-08-31 16:19:00,,2026-09-01 22:20:23,2026-08-29 22:23:11,0,0,yes,2026-08-06 17:44:56,5.0,Tue|Thu|Fri,afternoon,3.7,2026-09-26,yes,yes,1,3,,,0,15,True,False,Boston,False
u_103533,NYC,2026-08-06 18:08:16,paid_social,25-34,en,phone,not_started,0,,,,2026-08-07 01:57:43,2026-08-06 18:08:16,0,0,yes,2026-08-06 18:25:16,5.0,Tue|Fri|Sat,afternoon,2.2,2026-09-14,unsure,yes,0,0,,,0,0,False,False,NYC,False
u_101238,NYC,2026-08-06 18:18:16,friend_family,45-54,en,phone,permit_scheduled,21,2026-08-06 18:44:54,2026-09-03 20:00:00,2026-09-03 20:00:00,2026-09-04 02:36:49,2026-09-03 02:07:51,0,0,yes,2026-08-06 19:44:16,10.0,Mon|Tue|Wed|Thu|Fri|Sat|Sun,evening,5.2,2026-09-12,yes,yes,3,3,2026-10-02,,0,21,True,True,NYC,False
u_103119,NYC,2026-08-06 19:20:39,parole_probation_officer,35-44,en,phone,course_complete,21,2026-08-06 19:46:46,2026-09-03 22:39:00,2026-09-03 22:39:00,2026-09-04 18:59:26,2026-08-27 14:18:51,0,0,no,,,,,,,,yes,1,3,,,0,21,True,True,NYC,False
u_103501,NYC,2026-08-06 19:33:48,reentry_org,25-34,en,phone,in_progress,17,2026-08-10 20:06:00,2026-09-14 17:58:00,,2026-09-15 04:46:00,2026-09-13 20:26:33,18,18,yes,2026-08-06 20:18:48,5.0,Tue|Wed|Thu,evening,3.6,2026-09-26,no,yes,4,2,,,0,17,True,False,NYC,False
u_100486,NYC,2026-08-06 19:46:57,friend_family,35-44,en,shared_computer,in_progress,19,2026-08-08 19:32:00,2026-09-10 20:03:00,,2026-09-12 16:07:14,2026-09-10 11:24:57,50,7,yes,2026-08-06 20:17:57,3.0,Sat|Sun,evening,2.3,2026-10-09,no,yes,0,2,,,0,19,True,False,NYC,False
u_103794,NYC,2026-08-06 23:30:03,parole_probation_officer,35-44,en,phone,not_started,0,,,,2026-08-10 07:23:25,2026-08-06 23:30:03,0,0,no,,,,,,,,no,0,0,,,0,0,False,False,NYC,False
u_104331,Sacramento,2026-08-07 02:26:06,friend_family,25-34,es,phone,inactive,2,2026-08-07 19:07:22,2026-08-09 13:45:00,,2026-08-09 21:47:09,2026-08-08 07:46:57,0,0,no,,,,,,,,yes,6,1,,,0,2,True,False,Sacramento,False
u_103967,NYC,2026-08-07 02:46:48,reentry_org,35-44,en,phone,in_progress,7,2026-08-12 22:15:00,2026-09-01 22:32:00,,2026-09-02 09:27:06,2026-08-27 11:32:26,0,0,no,,,,,,,,no,0,1,,,0,7,True,False,NYC,False
u_102443,NYC,2026-08-07 04:18:37,reentry_org,25-34,en,shared_computer,inactive,2,2026-08-07 04:36:08,2026-08-08 14:25:00,,2026-08-20 16:39:14,2026-08-18 03:03:43,0,0,yes,2026-08-07 05:33:37,3.0,Wed|Fri,afternoon,1.8,,unsure,yes,1,2,,,0,2,True,False,NYC,False
u_105277,Sacramento,2026-08-07 04:22:54,workforce_center,55+,en,phone,not_started,0,,,,2026-08-07 20:19:11,2026-08-07 04:22:54,0,0,no,,,,,,,,no,0,0,,,0,0,False,False,Sacramento,False
u_100252,NYC,2026-08-07 06:26:14,reentry_org,25-34,en,phone,permit_scheduled,21,2026-08-07 06:34:40,2026-09-12 19:55:00,2026-09-12 19:55:00,2026-09-14 20:22:00,2026-09-14 19:27:20,29,11,no,,,,,,,,yes,6,1,2026-09-30,,0,21,True,True,NYC,False
u_100386,NYC,2026-08-07 09:17:49,parole_probation_officer,25-34,en,laptop,permit_scheduled,21,2026-08-07 09:38:41,2026-09-09 22:57:00,2026-09-09 22:57:00,2026-09-14 20:08:00,2026-09-10 17:54:30,43,6,yes,2026-08-07 09:45:49,7.0,Mon|Tue|Thu|Sat|Sun,late_night,3.6,2026-09-15,no,no,0,3,2026-09-28,,0,21,True,True,NYC,False
u_100260,NYC,2026-08-07 09:50:46,parole_probation_officer,25-34,en,phone,inactive,2,2026-08-07 10:07:37,2026-08-09 23:27:00,,2026-08-10 15:27:26,2026-08-10 11:31:48,0,0,no,,,,,,,,no,0,0,,,0,2,True,False,NYC,False
u_101730,NYC,2026-08-07 14:10:16,paid_social,25-34,en,phone,not_started,0,,,,2026-08-08 16:11:29,2026-08-07 14:10:16,0,0,yes,2026-08-07 15:36:16,7.0,Mon|Wed|Thu|Fri|Sun,evening,2.8,2026-09-11,unsure,no,0,0,,,0,0,False,False,NYC,False
u_101935,NYC,2026-08-07 16:47:57,parole_probation_officer,35-44,en,shared_computer,permit_scheduled,21,2026-08-08 11:11:00,2026-08-23 10:14:00,2026-08-23 10:14:00,2026-08-30 12:53:15,2026-08-29 00:51:41,0,0,yes,2026-08-07 17:05:57,7.0,Mon|Wed|Fri|Sat|Sun,morning,3.6,2026-09-25,yes,no,0,1,2026-09-18,,0,21,True,True,NYC,False
u_102926,NYC,2026-08-07 16:56:52,parole_probation_officer,25-34,en,phone,not_started,0,,,,2026-08-08 04:50:16,2026-08-07 16:56:52,0,0,yes,2026-08-07 17:06:52,5.0,Wed|Thu|Sun,morning,2.2,2026-10-02,yes,no,0,0,,,0,0,False,False,NYC,False
u_103118,NYC,2026-08-07 20:12:36,reentry_org,45-54,en,laptop,in_progress,20,2026-08-18 17:39:00,2026-09-14 17:36:00,,2026-09-14 21:31:00,2026-09-07 23:50:36,128,83,yes,2026-08-07 20:40:36,5.0,Mon|Thu|Fri,evening,3.3,2026-09-17,yes,no,0,2,,,0,20,True,False,NYC,False
u_100435,NYC,2026-08-07 21:04:13,friend_family,35-44,en,phone,inactive,3,2026-08-07 23:25:03,2026-08-15 15:09:00,,2026-08-16 22:20:05,2026-08-07 21:04:13,0,0,no,,,,,,,,yes,1,0,,,0,3,True,False,NYC,False
u_103235,NYC,2026-08-07 22:17:47,friend_family,35-44,es,laptop,in_progress,10,2026-08-07 23:35:04,2026-09-11 22:33:00,,2026-09-13 09:31:25,2026-09-12 04:09:34,15,11,yes,2026-08-07 22:25:47,3.0,Sat|Sun,late_night,2.5,,yes,yes,2,1,,,0,10,True,False,NYC,False
u_105409,Sacramento,2026-08-07 23:03:56,paid_social,25-34,en,phone,not_started,0,,,,2026-08-08 13:20:59,2026-08-07 23:03:56,0,0,yes,2026-08-07 23:59:56,5.0,Mon|Thu|Sun,evening,3.5,2026-09-18,unsure,yes,0,0,,,0,0,False,False,Sacramento,False
u_101339,NYC,2026-08-07 23:48:57,workforce_center,18-24,en,phone,inactive,1,2026-08-10 22:37:00,2026-08-10 22:37:00,,2026-08-11 02:55:51,2026-08-09 17:14:24,0,0,no,,,,,,,,no,0,0,,,0,1,True,False,NYC,False
u_102498,NYC,2026-08-07 23:51:31,parole_probation_officer,25-34,en,tablet,course_complete,21,2026-08-08 19:34:00,2026-09-10 21:08:00,2026-09-10 21:08:00,2026-09-13 11:23:28,2026-09-11 13:44:23,57,2,no,,,,,,,,yes,1,1,,,0,21,True,True,NYC,False
u_104712,Sacramento,2026-08-08 00:21:32,paid_social,25-34,en,phone,not_started,0,,,,2026-08-10 18:55:30,2026-08-09 07:33:33,0,0,yes,2026-08-08 00:49:32,5.0,Mon|Tue|Sun,late_night,1.8,2026-09-15,unsure,yes,0,0,,,0,0,False,False,Sacramento,False
u_104796,Sacramento,2026-08-08 03:31:11,parole_probation_officer,35-44,en,phone,inactive,6,2026-08-14 14:07:00,2026-08-22 16:43:00,,2026-08-25 02:49:35,2026-08-23 23:35:13,0,0,no,,,,,,,,no,0,1,,,0,6,True,False,Sacramento,False
u_104425,Sacramento,2026-08-08 04:46:15,reentry_org,25-34,en,laptop,in_progress,19,2026-08-09 18:46:00,2026-09-14 18:31:00,,2026-09-15 00:51:00,2026-09-10 05:50:28,139,81,yes,2026-08-08 05:43:15,7.0,Mon|Tue|Thu|Fri|Sat,evening,4.0,2026-09-24,unsure,yes,4,1,,,0,18,True,False,Sacramento,False
u_104982,Sacramento,2026-08-08 05:40:04,reentry_org,25-34,en,laptop,inactive,3,2026-08-09 17:23:00,2026-08-12 20:49:00,,2026-08-17 23:18:57,2026-08-15 06:31:44,0,0,no,,,,,,,,yes,1,1,,,0,3,True,False,Sacramento,False
u_105142,Sacramento,2026-08-08 07:03:43,friend_family,25-34,en,phone,not_started,0,,,,2026-08-09 18:26:13,2026-08-08 07:03:43,0,0,no,,,,,,,,no,0,0,,,0,0,False,False,Sacramento,False
u_103708,NYC,2026-08-08 08:37:37,parole_probation_officer,25-34,en,phone,permit_scheduled,21,2026-08-08 08:46:49,2026-08-31 14:11:00,2026-08-31 14:11:00,2026-09-03 18:36:48,2026-08-24 05:26:40,0,0,no,,,,,,,,yes,4,2,2026-09-30,,0,21,True,True,NYC,False
u_100209,NYC,2026-08-08 09:16:33,paid_social,35-44,en,phone,in_progress,12,2026-08-12 12:07:00,2026-09-14 15:26:00,,2026-09-14 19:05:55,2026-09-06 16:34:04,76,94,yes,2026-08-08 10:21:33,3.0,Wed|Sun,afternoon,2.4,,unsure,no,0,1,,,0,12,True,False,NYC,True
u_104488,Sacramento,2026-08-08 09:23:35,parole_probation_officer,35-44,en,laptop,inactive,2,2026-08-08 10:52:37,2026-08-09 22:50:00,,2026-08-13 10:08:29,2026-08-09 04:20:01,0,0,no,,,,,,,,no,0,0,,,0,2,True,False,Sacramento,False
u_102407,NYC,2026-08-08 10:22:45,paid_social,35-44,en,phone,inactive,5,2026-08-10 17:45:00,2026-08-22 19:46:00,,2026-08-24 21:30:04,2026-08-15 09:00:50,0,0,yes,2026-08-08 11:36:45,3.0,Wed|Sat,evening,1.2,2026-10-22,unsure,no,0,1,,,0,5,True,False,NYC,False
u_104246,Sacramento,2026-08-08 14:05:44,reentry_org,35-44,en,tablet,in_progress,14,2026-08-08 14:39:25,2026-09-13 10:59:00,,2026-09-14 01:25:42,2026-09-02 04:20:30,100,26,yes,2026-08-08 14:23:44,3.0,Thu|Sat,morning,2.1,2026-10-04,unsure,no,0,3,,,0,14,True,False,Sacramento,False
u_104136,Sacramento,2026-08-08 14:40:06,parole_probation_officer,25-34,es,phone,course_complete,21,2026-08-08 15:07:11,2026-09-05 10:35:00,2026-09-05 10:35:00,2026-09-14 17:02:02,2026-09-03 14:49:14,8,8,yes,2026-08-08 15:16:06,5.0,Mon|Thu|Sat,morning,3.7,2026-09-24,unsure,no,0,2,,,0,21,True,True,Sacramento,False
u_104978,Sacramento,2026-08-08 14:40:28,reentry_org,18-24,en,phone,in_progress,15,2026-08-08 17:36:44,2026-09-12 09:45:00,,2026-09-13 21:02:08,2026-09-12 00:19:06,60,23,yes,2026-08-08 15:15:28,3.0,Mon|Fri,morning,2.2,2026-10-23,unsure,no,0,2,,,0,15,True,False,Sacramento,False
u_103561,NYC,2026-08-08 16:19:57,friend_family,35-44,en,phone,not_started,0,,,,2026-08-10 05:14:14,2026-08-10 02:38:14,0,0,no,,,,,,,,no,0,0,,,0,0,False,False,NYC,False
u_103180,NYC,2026-08-08 19:30:54,reentry_org,18-24,en,phone,inactive,1,2026-08-08 19:43:12,2026-08-08 19:43:12,,2026-08-08 22:37:02,2026-08-08 19:30:54,0,0,no,,,,,,,,no,0,1,,,0,1,True,False,NYC,False
u_105678,Boston,2026-08-08 19:42:31,reentry_org,25-34,en,phone,permit_scheduled,21,2026-08-08 20:20:03,2026-09-06 10:40:00,2026-09-06 10:40:00,2026-09-09 18:04:25,2026-09-06 19:23:43,12,0,yes,2026-08-08 20:14:31,7.0,Tue|Wed|Thu|Fri|Sun,morning,3.4,2026-09-18,unsure,yes,0,1,2026-09-18,,0,21,True,True,Boston,False
u_105192,Sacramento,2026-08-08 23:56:09,paid_social,18-24,en,phone,not_started,0,,,,2026-08-10 05:46:14,2026-08-08 23:56:09,0,0,yes,2026-08-09 00:44:09,10.0,Mon|Tue|Wed|Thu|Fri|Sat|Sun,afternoon,5.6,2026-09-08,yes,no,0,0,,,0,0,False,False,Sacramento,False
u_100288,NYC,2026-08-09 03:23:28,parole_probation_officer,18-24,en,laptop,in_progress,4,2026-08-17 19:02:00,2026-09-09 21:53:00,,2026-09-14 04:41:10,2026-09-12 21:51:36,46,2,yes,2026-08-09 04:24:28,7.0,Mon|Thu|Fri|Sat|Sun,evening,2.9,2026-09-08,yes,no,0,0,,,0,4,True,False,NYC,False
u_102602,NYC,2026-08-09 09:24:28,friend_family,45-54,en,phone,in_progress,8,2026-08-09 11:34:37,2026-09-13 22:49:00,,2026-09-14 11:30:18,2026-09-13 07:47:16,63,23,no,,,,,,,,yes,6,2,,,0,8,True,False,NYC,False
u_104320,Sacramento,2026-08-09 09:38:07,paid_social,25-34,en,shared_computer,inactive,2,2026-08-10 22:56:00,2026-08-11 22:41:00,,2026-08-12 02:05:21,2026-08-11 19:49:25,0,0,no,,,,,,,,no,0,0,,,0,2,True,False,Sacramento,False
u_104525,Sacramento,2026-08-09 11:22:50,paid_social,35-44,en,laptop,not_started,0,,,,2026-08-13 10:08:10,2026-08-09 11:22:50,0,0,no,,,,,,,,no,0,0,,,0,0,False,False,Sacramento,False
u_105329,Sacramento,2026-08-09 11:23:03,friend_family,25-34,en,phone,withdrawn,0,,,,2026-08-11 17:42:58,2026-08-09 11:23:03,0,0,no,,,,,,,,no,0,0,,,0,0,False,False,Sacramento,False
u_101668,NYC,2026-08-09 11:25:25,workforce_center,25-34,en,shared_computer,not_started,0,,,,2026-08-14 12:39:15,2026-08-09 11:25:25,0,0,yes,2026-08-09 11:40:25,5.0,Wed|Fri|Sat,afternoon,2.4,2026-09-23,unsure,no,0,0,,,0,0,False,False,NYC,False
u_105056,Sacramento,2026-08-09 15:36:26,friend_family,18-24,en,tablet,inactive,4,2026-08-09 17:23:03,2026-08-24 17:28:00,,2026-08-26 23:05:43,2026-08-24 06:37:39,0,0,yes,2026-08-09 17:06:26,5.0,Wed|Thu|Fri,evening,3.3,,yes,no,0,1,,,0,4,True,False,Sacramento,False
u_102680,NYC,2026-08-09 16:39:13,parole_probation_officer,18-24,es,phone,permit_scheduled,21,2026-08-10 08:32:00,2026-09-04 10:18:00,2026-09-04 10:18:00,2026-09-09 21:52:18,2026-09-06 07:40:59,4,0,yes,2026-08-09 16:48:13,7.0,Wed|Thu|Fri|Sat|Sun,morning,4.4,2026-09-21,yes,no,0,2,2026-09-20,,0,21,True,True,NYC,False
u_100240,NYC,2026-08-09 19:50:49,parole_probation_officer,35-44,en,phone,permit_scheduled,21,2026-08-09 20:35:02,2026-09-09 23:15:00,2026-09-09 23:15:00,2026-09-14 23:24:00,2026-09-14 05:50:53,17,6,no,,,,,,,,yes,2,1,2026-10-08,,0,21,True,True,NYC,False
u_100206,NYC,2026-08-09 20:21:44,paid_social,25-34,en,phone,in_progress,15,2026-08-09 23:07:59,2026-09-09 23:18:00,,2026-09-10 22:42:42,2026-09-08 18:55:20,40,0,yes,2026-08-09 20:30:44,5.0,Mon|Thu|Sun,late_night,3.4,2026-09-28,yes,no,0,1,,,0,15,True,False,NYC,False
u_105502,Boston,2026-08-09 20:31:55,reentry_org,35-44,en,phone,in_progress,19,2026-08-15 18:41:00,2026-09-12 19:40:00,,2026-09-13 02:16:43,2026-09-03 17:43:31,100,34,yes,2026-08-09 21:13:55,5.0,Wed|Thu|Sat,evening,1.9,2026-09-27,no,no,0,3,,,0,18,True,False,Boston,False
u_100672,NYC,2026-08-09 22:52:07,reentry_org,25-34,en,phone,not_started,0,,,,2026-08-11 21:19:41,2026-08-10 09:00:22,0,0,yes,2026-08-09 23:41:07,7.0,Mon|Tue|Thu|Sat|Sun,morning,3.8,2026-09-20,yes,yes,0,0,,,0,0,False,False,NYC,False
u_105551,Boston,2026-08-09 23:13:24,workforce_center,18-24,en,laptop,inactive,1,2026-08-13 11:26:00,2026-08-13 11:26:00,,2026-08-14 11:24:45,2026-08-09 23:13:24,0,0,yes,2026-08-09 23:34:24,3.0,Wed|Thu,morning,2.0,,yes,yes,1,0,,,0,1,True,False,Boston,False
u_103510,NYC,2026-08-10 01:52:37,reentry_org,35-44,es,phone,not_started,0,,,,2026-08-10 13:03:09,2026-08-10 01:52:37,0,0,yes,2026-08-10 02:16:37,3.0,Mon|Tue,evening,1.7,,yes,no,0,0,,,0,0,False,False,NYC,False
u_103973,Sacramento,2026-08-10 04:09:10,paid_social,25-34,es,laptop,in_progress,13,2026-08-10 04:23:30,2026-09-08 12:50:00,,2026-09-11 00:03:07,2026-09-09 13:16:10,46,0,yes,2026-08-10 05:22:10,5.0,Wed|Thu|Fri,afternoon,3.1,2026-10-05,yes,yes,1,3,,,0,13,True,False,Sacramento,False
u_105193,Sacramento,2026-08-10 05:32:23,parole_probation_officer,25-34,en,phone,course_complete,21,2026-08-10 05:55:56,2026-09-12 20:20:00,2026-09-12 20:20:00,2026-09-15 01:24:00,2026-09-12 09:06:55,63,18,no,,,,,,,,yes,6,2,,,0,21,True,True,Sacramento,False
u_104933,Sacramento,2026-08-10 08:08:44,paid_social,25-34,en,phone,inactive,2,2026-08-10 08:52:14,2026-08-16 19:07:00,,2026-08-19 19:16:11,2026-08-19 16:48:27,0,0,no,,,,,,,,no,0,0,,,0,2,True,False,Sacramento,False
u_101588,NYC,2026-08-10 08:37:43,reentry_org,25-34,es,phone,inactive,1,2026-08-16 22:19:00,2026-08-16 22:19:00,,2026-08-23 03:57:32,2026-08-22 17:57:10,0,0,yes,2026-08-10 09:57:43,3.0,Mon|Thu,late_night,1.7,,yes,no,0,1,,,0,1,True,False,NYC,False
u_101500,NYC,2026-08-10 10:44:20,parole_probation_officer,35-44,en,shared_computer,not_started,0,,,,2026-08-10 18:33:34,2026-08-10 16:39:40,0,0,no,,,,,,,,no,0,0,,,0,0,False,False,NYC,False
u_100410,NYC,2026-08-10 11:08:20,workforce_center,35-44,en,laptop,not_started,0,,,,2026-08-10 23:30:47,2026-08-10 12:52:08,0,0,yes,2026-08-10 12:08:20,7.0,Mon|Tue|Thu|Fri|Sat,morning,3.9,2026-09-26,yes,yes,0,0,,,0,0,False,False,NYC,False
u_102117,NYC,2026-08-10 18:30:09,friend_family,25-34,en,laptop,permit_scheduled,21,2026-08-12 06:39:00,2026-09-04 11:50:00,2026-09-04 11:50:00,2026-09-05 22:48:26,2026-09-02 10:35:20,0,0,yes,2026-08-10 18:45:09,7.0,Tue|Wed|Thu|Fri|Sun,morning,4.1,,no,no,0,2,2026-10-02,,0,21,True,True,NYC,False
u_104902,Sacramento,2026-08-10 19:26:26,paid_social,18-24,en,phone,inactive,2,2026-08-10 20:56:48,2026-08-12 19:28:00,,2026-08-17 09:24:04,2026-08-17 03:54:02,0,0,no,,,,,,,,no,0,1,,,0,2,True,False,Sacramento,False
u_103386,NYC,2026-08-10 21:12:48,friend_family,18-24,es,laptop,inactive,1,2026-08-10 21:28:36,2026-08-10 21:28:36,,2026-08-10 21:42:04,2026-08-10 21:12:48,0,0,no,,,,,,,,no,0,2,,,0,1,True,False,NYC,False
u_104789,Sacramento,2026-08-10 23:52:50,friend_family,25-34,en,phone,not_started,0,,,,2026-08-11 11:48:13,2026-08-11 02:07:07,0,0,no,,,,,,,,yes,0,0,,,0,0,False,False,Sacramento,False
u_104420,Sacramento,2026-08-11 00:29:36,workforce_center,18-24,en,tablet,not_started,0,,,,2026-08-21 07:37:44,2026-08-14 11:45:27,0,0,no,,,,,,,,yes,0,0,,,0,0,False,False,Sacramento,False
u_100522,NYC,2026-08-11 02:19:01,parole_probation_officer,18-24,en,phone,inactive,1,2026-08-11 04:11:05,2026-08-11 04:11:05,,2026-08-11 09:25:45,2026-08-11 02:19:01,0,0,yes,2026-08-11 03:48:01,3.0,Thu|Fri,evening,1.0,2026-10-06,yes,yes,0,0,,,0,1,True,False,NYC,False
u_101721,NYC,2026-08-11 02:41:27,reentry_org,25-34,en,phone,in_progress,19,2026-08-11 02:59:02,2026-09-14 12:14:00,,2026-09-15 04:20:00,2026-09-13 11:13:41,121,46,yes,2026-08-11 02:51:27,5.0,Tue|Fri|Sat,afternoon,3.7,2026-09-28,no,no,0,2,,,0,19,True,False,NYC,False
u_104259,Sacramento,2026-08-11 09:23:33,parole_probation_officer,35-44,en,laptop,inactive,3,2026-08-15 12:50:00,2026-08-19 16:57:00,,2026-08-24 11:37:49,2026-08-23 00:17:47,0,0,no,,,,,,,,yes,2,0,,,0,3,True,False,Sacramento,False
u_105574,Boston,2026-08-11 15:50:37,reentry_org,25-34,ht,phone,inactive,4,2026-08-11 16:05:55,2026-08-22 20:21:00,,2026-08-24 09:32:06,2026-08-20 22:08:49,0,0,yes,2026-08-11 16:00:37,5.0,Mon|Fri|Sun,evening,1.8,,yes,no,0,1,,,0,4,True,False,Boston,False
u_103208,NYC,2026-08-11 16:53:45,paid_social,18-24,en,phone,inactive,1,2026-08-13 09:00:00,2026-08-13 09:00:00,,2026-08-13 23:19:19,2026-08-11 16:53:45,0,0,yes,2026-08-11 16:56:45,7.0,Mon|Thu|Fri|Sat|Sun,morning,4.1,2026-09-12,yes,no,0,0,,,0,1,True,False,NYC,False
u_101886,NYC,2026-08-11 16:57:51,paid_social,35-44,en,phone,withdrawn,3,2026-08-12 16:18:00,2026-08-21 16:13:00,,2026-08-22 08:25:04,2026-08-21 01:22:22,0,0,no,,,,,,,,no,0,2,,,0,3,True,False,NYC,False
u_100862,NYC,2026-08-11 17:53:06,paid_social,35-44,en,phone,not_started,0,,,,2026-08-14 05:13:37,2026-08-13 03:40:12,0,0,yes,2026-08-11 19:08:06,7.0,Mon|Tue|Thu|Fri|Sat,evening,4.3,2026-09-24,yes,no,0,0,,,0,0,False,False,NYC,False
u_100865,NYC,2026-08-11 18:47:42,reentry_org,35-44,en,phone,in_progress,12,2026-08-13 20:14:00,2026-09-09 19:39:00,,2026-09-11 11:41:50,2026-09-03 12:49:09,38,0,yes,2026-08-11 19:02:42,3.0,Wed|Sun,evening,2.0,,unsure,yes,1,2,,,0,12,True,False,NYC,False
u_101051,NYC,2026-08-11 19:37:00,reentry_org,35-44,en,phone,in_progress,9,2026-08-14 20:09:00,2026-09-08 21:11:00,,2026-09-11 16:14:12,2026-09-10 13:04:52,16,0,yes,2026-08-11 19:52:00,3.0,Wed|Fri,evening,1.6,,yes,yes,4,1,,,0,9,True,False,NYC,False
u_104466,Sacramento,2026-08-11 21:17:59,workforce_center,25-34,en,laptop,not_started,0,,,,2026-08-12 15:42:16,2026-08-11 21:17:59,0,0,no,,,,,,,,no,0,0,,,0,0,False,False,Sacramento,False
u_103823,NYC,2026-08-11 22:16:09,paid_social,18-24,es,phone,inactive,1,2026-08-11 22:25:04,2026-08-11 22:25:04,,2026-08-14 06:10:19,2026-08-13 05:59:15,0,0,no,,,,,,,,no,0,0,,,0,1,True,False,NYC,False
u_104921,Sacramento,2026-08-11 22:39:09,paid_social,18-24,en,phone,inactive,2,2026-08-12 23:01:00,2026-08-13 23:56:00,,2026-08-14 17:45:33,2026-08-11 22:39:09,0,0,no,,,,,,,,no,0,0,,,0,2,True,False,Sacramento,False
u_105340,Sacramento,2026-08-11 23:17:00,workforce_center,35-44,en,laptop,inactive,1,2026-08-12 21:18:00,2026-08-12 21:18:00,,2026-08-17 18:28:53,2026-08-11 23:17:00,0,0,yes,2026-08-11 23:44:00,10.0,Mon|Tue|Wed|Thu|Fri|Sat|Sun,evening,5.8,,yes,yes,0,2,,,0,1,True,False,Sacramento,False
u_105557,Boston,2026-08-11 23:26:14,parole_probation_officer,45-54,en,laptop,not_started,0,,,,2026-08-12 04:23:39,2026-08-11 23:26:14,0,0,no,,,,,,,,no,0,0,,,0,0,False,False,Boston,False
u_104286,Sacramento,2026-08-12 01:39:06,workforce_center,25-34,en,phone,inactive,4,2026-08-14 09:28:00,2026-08-24 07:04:00,,2026-08-28 12:52:56,2026-08-24 18:19:02,0,0,yes,2026-08-12 02:18:06,7.0,Mon|Tue|Fri|Sat|Sun,morning,3.0,2026-09-16,unsure,yes,0,0,,,0,4,True,False,Sacramento,False
u_105416,Sacramento,2026-08-12 02:23:21,parole_probation_officer,18-24,en,phone,in_progress,13,2026-08-20 23:59:00,2026-09-12 22:15:00,,2026-09-13 11:01:24,2026-09-06 17:23:12,68,27,no,,,,,,,,yes,4,1,,,0,13,True,False,Sacramento,False
u_102223,NYC,2026-08-12 04:11:29,reentry_org,45-54,en,phone,in_progress,18,2026-08-12 05:47:20,2026-09-14 23:33:00,,2026-09-14 23:33:00,2026-09-12 02:33:30,83,59,no,,,,,,,,no,0,1,,,0,18,True,False,NYC,False
u_104660,Sacramento,2026-08-12 05:56:49,parole_probation_officer,35-44,en,phone,not_started,0,,,,2026-08-13 02:00:56,2026-08-12 05:56:49,0,0,no,,,,,,,,yes,0,0,,,0,0,False,False,Sacramento,False
u_104129,Sacramento,2026-08-12 13:47:31,reentry_org,55+,en,laptop,inactive,4,2026-08-17 18:31:00,2026-08-31 20:17:00,,2026-08-31 20:35:05,2026-08-26 16:47:18,0,0,no,,,,,,,,no,0,1,,,0,4,True,False,Sacramento,False
u_100220,NYC,2026-08-12 13:57:21,paid_social,18-24,en,phone,not_started,0,,,,2026-08-13 09:51:28,2026-08-12 13:57:21,0,0,yes,2026-08-12 15:18:21,5.0,Mon|Wed|Sat,afternoon,2.3,2026-09-29,unsure,yes,0,0,,,0,0,False,False,NYC,False
u_105288,Sacramento,2026-08-12 15:46:47,parole_probation_officer,35-44,en,laptop,not_started,0,,,,2026-08-13 17:07:15,2026-08-13 15:06:12,0,0,yes,2026-08-12 16:28:47,3.0,Mon|Wed,evening,2.2,,no,yes,0,0,,,0,0,False,False,Sacramento,False
u_105169,Sacramento,2026-08-12 17:01:29,friend_family,25-34,en,shared_computer,inactive,3,2026-08-13 18:08:00,2026-08-18 19:58:00,,2026-08-24 15:07:16,2026-08-22 12:34:10,0,0,yes,2026-08-12 17:57:29,10.0,Mon|Tue|Wed|Thu|Fri|Sat|Sun,evening,5.1,,no,no,0,1,,,0,3,True,False,Sacramento,False
u_104839,Sacramento,2026-08-12 17:02:42,paid_social,35-44,es,laptop,inactive,3,2026-08-13 11:27:00,2026-08-17 11:36:00,,2026-08-20 04:18:18,2026-08-12 17:02:42,0,0,yes,2026-08-12 18:20:42,5.0,Wed|Sat|Sun,morning,2.1,2026-10-04,yes,no,0,1,,,0,3,True,False,Sacramento,False
u_100133,NYC,2026-08-12 17:13:24,paid_social,35-44,en,laptop,in_progress,11,2026-08-16 23:32:00,2026-09-13 23:42:00,,2026-09-14 23:20:00,2026-09-13 13:05:56,71,42,yes,2026-08-12 17:51:24,10.0,Mon|Tue|Wed|Thu|Fri|Sat|Sun,late_night,5.8,2026-09-07,yes,no,0,2,,,0,11,True,False,NYC,False
u_104972,Sacramento,2026-08-12 17:28:32,workforce_center,25-34,en,phone,not_started,0,,,,2026-08-15 00:02:06,2026-08-14 22:34:40,0,0,yes,2026-08-12 17:31:32,7.0,Tue|Wed|Thu|Sat|Sun,late_night,3.3,,yes,no,0,0,,,0,0,False,False,Sacramento,False
u_105782,Boston,2026-08-12 19:04:52,reentry_org,35-44,en,shared_computer,inactive,2,2026-08-22 19:06:00,2026-08-28 18:50:00,,2026-08-29 08:55:28,2026-08-28 15:08:29,0,0,no,,,,,,,,no,0,1,,,0,2,True,False,Boston,False
u_101258,NYC,2026-08-12 20:04:15,workforce_center,25-34,en,phone,inactive,1,2026-08-12 20:45:53,2026-08-12 20:45:53,,2026-08-14 04:30:42,2026-08-12 20:04:15,0,0,no,,,,,,,,yes,1,0,,,0,1,True,False,NYC,False
u_101972,NYC,2026-08-12 20:23:31,parole_probation_officer,25-34,es,phone,in_progress,12,2026-08-18 23:27:00,2026-09-14 23:23:00,,2026-09-14 23:23:00,2026-09-10 14:53:05,48,48,yes,2026-08-12 21:17:31,3.0,Thu|Sun,late_night,1.9,2026-10-27,yes,no,0,1,,,0,12,True,False,NYC,False
u_100395,NYC,2026-08-12 20:26:13,workforce_center,18-24,en,laptop,in_progress,12,2026-08-12 21:04:02,2026-09-07 21:51:00,,2026-09-10 09:40:08,2026-09-09 17:27:11,2,0,no,,,,,,,,no,0,2,,,0,12,True,False,NYC,False
u_105814,Boston,2026-08-12 21:33:22,reentry_org,25-34,en,tablet,not_started,0,,,,2026-08-12 22:35:41,2026-08-12 21:33:22,0,0,yes,2026-08-12 21:50:22,5.0,Tue|Thu|Fri,morning,3.2,2026-09-19,yes,no,0,0,,,0,0,False,False,Boston,False
u_102111,NYC,2026-08-12 23:36:22,parole_probation_officer,35-44,en,phone,not_started,0,,,,2026-08-13 01:27:11,2026-08-12 23:36:22,0,0,yes,2026-08-12 23:47:22,5.0,Mon|Tue|Sun,late_night,2.9,2026-10-05,yes,no,0,0,,,0,0,False,False,NYC,False
u_102261,NYC,2026-08-13 03:16:32,reentry_org,25-34,en,laptop,not_started,0,,,,2026-08-13 11:58:28,2026-08-13 03:16:32,0,0,no,,,,,,,,yes,0,0,,,0,0,False,False,NYC,False
u_103444,NYC,2026-08-13 07:25:10,paid_social,35-44,en,phone,inactive,3,2026-08-13 07:32:50,2026-08-27 10:19:00,,2026-08-30 01:44:28,2026-08-29 06:59:50,0,0,yes,2026-08-13 07:30:10,3.0,Thu|Fri,morning,1.3,2026-10-22,yes,no,0,2,,,0,3,True,False,NYC,False
u_104511,Sacramento,2026-08-13 07:38:52,workforce_center,25-34,en,phone,not_started,0,,,,2026-08-13 16:50:27,2026-08-13 07:38:52,0,0,yes,2026-08-13 09:05:52,7.0,Mon|Wed|Thu|Sat|Sun,morning,2.9,,no,yes,0,0,,,0,0,False,False,Sacramento,False
u_101511,NYC,2026-08-13 08:29:07,reentry_org,35-44,en,phone,in_progress,20,2026-08-14 22:12:00,2026-09-14 22:50:00,,2026-09-14 23:57:00,2026-09-10 23:18:45,144,63,yes,2026-08-13 08:35:07,7.0,Tue|Wed|Thu|Fri|Sun,late_night,4.3,2026-09-30,unsure,no,0,3,,,0,20,True,False,NYC,False
u_104014,Sacramento,2026-08-13 08:44:16,workforce_center,55+,en,phone,inactive,3,2026-08-16 19:12:00,2026-08-19 17:46:00,,2026-08-20 04:28:24,2026-08-15 00:15:02,0,0,yes,2026-08-13 09:38:16,3.0,Tue|Thu,evening,1.9,,yes,no,0,0,,,0,3,True,False,Sacramento,False
u_104706,Sacramento,2026-08-13 08:49:27,reentry_org,18-24,en,phone,in_progress,7,2026-08-17 23:24:00,2026-09-13 23:58:00,,2026-09-14 09:37:59,2026-08-29 03:57:58,85,63,yes,2026-08-13 10:06:27,3.0,Mon|Fri,late_night,1.7,2026-10-24,yes,no,0,1,,,0,7,True,False,Sacramento,False
u_100352,NYC,2026-08-13 10:40:43,parole_probation_officer,45-54,en,phone,inactive,1,2026-08-22 12:41:00,2026-08-22 12:41:00,,2026-08-23 10:17:21,2026-08-20 20:34:33,0,0,no,,,,,,,,no,0,2,,,0,1,True,False,NYC,False
u_105433,Sacramento,2026-08-13 13:56:58,paid_social,18-24,en,phone,not_started,0,,,,2026-08-23 01:36:25,2026-08-20 13:30:15,0,0,yes,2026-08-13 14:00:58,5.0,Mon|Thu|Sun,late_night,2.3,2026-10-07,yes,no,0,0,,,0,0,False,False,Sacramento,False
u_104950,Sacramento,2026-08-13 17:02:32,paid_social,35-44,es,laptop,withdrawn,1,2026-08-15 22:58:00,2026-08-15 22:58:00,,2026-08-19 03:56:05,2026-08-17 17:13:27,0,0,no,,,,,,,,no,0,0,,,0,1,True,False,Sacramento,False
u_103664,NYC,2026-08-13 18:16:56,paid_social,35-44,en,phone,withdrawn,0,,,,2026-08-14 05:43:45,2026-08-13 18:16:56,0,0,yes,2026-08-13 19:17:56,7.0,Mon|Tue|Wed|Thu|Sat,evening,3.3,,yes,no,0,0,,,0,0,False,False,NYC,False
u_102501,NYC,2026-08-13 18:30:48,workforce_center,45-54,en,shared_computer,inactive,4,2026-08-14 17:17:00,2026-08-20 18:42:00,,2026-08-21 05:32:17,2026-08-20 14:12:46,0,0,no,,,,,,,,no,0,1,,,0,4,True,False,NYC,False
u_105527,Boston,2026-08-13 19:31:17,parole_probation_officer,35-44,es,phone,in_progress,12,2026-08-22 15:22:00,2026-09-14 12:18:00,,2026-09-15 03:33:00,2026-09-15 02:57:39,55,29,yes,2026-08-13 19:45:17,7.0,Wed|Thu|Fri|Sat|Sun,afternoon,4.2,2026-09-26,yes,no,0,2,,,0,12,True,False,Boston,False
u_102986,NYC,2026-08-13 20:34:55,reentry_org,25-34,en,laptop,in_progress,13,2026-08-13 22:11:00,2026-09-02 21:55:00,,2026-09-03 00:11:21,2026-08-31 15:10:55,0,0,yes,2026-08-13 20:50:55,5.0,Tue|Wed|Thu,evening,3.5,,yes,no,0,1,,,0,13,True,False,NYC,False
u_102727,NYC,2026-08-13 21:04:20,paid_social,25-34,es,phone,not_started,0,,,,2026-08-14 08:37:43,2026-08-13 21:04:20,0,0,yes,2026-08-13 22:09:20,10.0,Mon|Tue|Wed|Thu|Fri|Sat|Sun,morning,6.0,2026-09-20,yes,no,0,0,,,0,0,False,False,NYC,False
u_101099,NYC,2026-08-14 02:11:08,reentry_org,35-44,en,phone,in_progress,8,2026-08-14 03:58:04,2026-09-13 21:24:00,,2026-09-14 09:27:01,2026-09-13 00:31:20,20,20,yes,2026-08-14 02:22:08,3.0,Wed|Sun,evening,1.5,2026-10-11,unsure,yes,3,2,,,0,7,True,False,NYC,False
u_102390,NYC,2026-08-14 02:35:30,parole_probation_officer,35-44,en,phone,inactive,2,2026-08-14 05:10:48,2026-08-16 20:54:00,,2026-08-17 12:54:55,2026-08-14 23:51:14,0,0,yes,2026-08-14 03:06:30,10.0,Mon|Tue|Wed|Thu|Fri|Sat|Sun,evening,5.2,2026-09-16,unsure,no,0,1,,,0,2,True,False,NYC,False
u_101817,NYC,2026-08-14 04:25:50,paid_social,18-24,en,phone,inactive,1,2026-08-14 05:30:40,2026-08-14 05:30:40,,2026-08-17 10:15:37,2026-08-16 10:42:36,0,0,no,,,,,,,,no,0,1,,,0,1,True,False,NYC,False
u_105882,Boston,2026-08-14 05:46:20,paid_social,35-44,en,phone,withdrawn,0,,,,2026-08-14 15:29:33,2026-08-14 05:46:20,0,0,yes,2026-08-14 06:37:20,7.0,Mon|Wed|Thu|Fri|Sun,evening,3.9,,yes,no,0,0,,,0,0,False,False,Boston,False
u_104266,Sacramento,2026-08-14 06:54:43,parole_probation_officer,25-34,en,shared_computer,in_progress,16,2026-08-15 19:09:00,2026-09-14 21:17:00,,2026-09-14 23:08:00,2026-09-10 23:08:32,108,46,yes,2026-08-14 07:30:43,5.0,Mon|Sat|Sun,evening,2.6,2026-09-22,yes,yes,0,3,,,0,16,True,False,Sacramento,False
u_104494,Sacramento,2026-08-14 17:30:42,friend_family,35-44,en,phone,not_started,0,,,,2026-08-18 06:44:37,2026-08-14 17:30:42,0,0,yes,2026-08-14 18:39:42,3.0,Wed|Thu,evening,1.4,2026-10-16,no,yes,0,0,,,0,0,False,False,Sacramento,False
u_100120,NYC,2026-08-14 18:02:35,paid_social,25-34,en,phone,in_progress,15,2026-08-14 18:41:10,2026-09-14 21:20:00,,2026-09-15 02:19:00,2026-09-09 05:26:31,87,50,yes,2026-08-14 18:57:35,7.0,Mon|Tue|Wed|Fri|Sat,evening,3.1,,unsure,no,0,1,,,0,15,True,False,NYC,False
u_102774,NYC,2026-08-14 19:23:33,paid_social,25-34,en,laptop,inactive,1,2026-08-14 19:41:08,2026-08-14 19:41:08,,2026-08-15 12:19:35,2026-08-14 19:23:33,0,0,no,,,,,,,,no,0,0,,,0,1,True,False,NYC,False
u_102954,NYC,2026-08-15 00:48:53,reentry_org,18-24,en,phone,in_progress,9,2026-08-15 02:18:24,2026-09-13 09:43:00,,2026-09-15 02:06:00,2026-09-11 20:23:12,44,24,yes,2026-08-15 01:44:53,3.0,Fri|Sat,morning,1.2,2026-10-20,unsure,yes,1,2,,,0,9,True,False,NYC,False
u_104947,Sacramento,2026-08-15 02:53:21,friend_family,45-54,en,laptop,not_started,0,,,,2026-08-16 09:45:36,2026-08-15 03:14:09,0,0,yes,2026-08-15 04:09:21,10.0,Mon|Tue|Wed|Thu|Fri|Sat|Sun,afternoon,5.0,2026-09-08,yes,no,0,0,,,0,0,False,False,Sacramento,False
u_100390,NYC,2026-08-15 06:13:07,reentry_org,55+,en,laptop,not_started,0,,,,2026-08-17 07:57:39,2026-08-16 14:12:44,0,0,no,,,,,,,,no,0,0,,,0,0,False,False,NYC,False
u_105924,Boston,2026-08-15 09:57:46,paid_social,25-34,en,laptop,not_started,0,,,,2026-08-15 16:09:55,2026-08-15 09:57:46,0,0,no,,,,,,,,no,0,0,,,0,0,False,False,Boston,False
u_100772,NYC,2026-08-15 13:28:18,reentry_org,35-44,en,phone,in_progress,14,2026-08-15 13:46:35,2026-09-11 23:06:00,,2026-09-15 01:22:00,2026-09-12 18:30:42,86,4,yes,2026-08-15 14:44:18,5.0,Tue|Thu|Sun,late_night,3.4,2026-10-07,yes,no,0,1,,,0,14,True,False,NYC,False
u_104514,Sacramento,2026-08-15 14:29:05,workforce_center,35-44,en,shared_computer,inactive,3,2026-08-16 19:43:00,2026-08-27 17:27:00,,2026-08-28 08:15:39,2026-08-27 16:54:50,0,0,yes,2026-08-15 15:41:05,7.0,Tue|Wed|Thu|Fri|Sat,evening,4.1,,yes,no,0,1,,,0,3,True,False,Sacramento,False
u_100324,NYC,2026-08-15 15:01:59,paid_social,35-44,es,laptop,withdrawn,0,,,,2026-08-16 07:11:03,2026-08-15 15:01:59,0,0,no,,,,,,,,no,0,0,,,0,0,False,False,NYC,False
u_104791,Sacramento,2026-08-15 15:11:19,parole_probation_officer,35-44,en,phone,inactive,2,2026-08-15 17:16:00,2026-08-20 22:27:00,,2026-08-21 06:59:23,2026-08-18 06:26:53,0,0,no,,,,,,,,no,0,0,,,0,2,True,False,Sacramento,False
u_101942,NYC,2026-08-15 17:22:14,friend_family,25-34,en,phone,not_started,0,,,,2026-08-16 16:53:29,2026-08-15 17:22:14,0,0,yes,2026-08-15 18:32:14,5.0,Fri|Sat|Sun,late_night,2.9,2026-09-22,unsure,no,0,0,,,0,0,False,False,NYC,False
u_104296,Sacramento,2026-08-15 17:49:34,parole_probation_officer,45-54,en,phone,not_started,0,,,,2026-08-16 14:18:52,2026-08-15 17:49:34,0,0,yes,2026-08-15 18:34:34,5.0,Wed|Thu|Sun,afternoon,3.0,2026-09-20,yes,no,0,0,,,0,0,False,False,Sacramento,False
u_100345,NYC,2026-08-15 21:35:46,paid_social,35-44,en,shared_computer,course_complete,21,2026-08-16 14:47:00,2026-09-11 18:17:00,2026-09-11 18:17:00,2026-09-14 23:36:00,2026-09-13 23:26:31,210,5,yes,2026-08-15 22:51:46,10.0,Mon|Tue|Wed|Thu|Fri|Sat|Sun,afternoon,5.2,2026-09-05,no,no,0,2,,,0,21,True,True,NYC,False
u_102311,NYC,2026-08-15 22:19:19,paid_social,18-24,en,phone,in_progress,7,2026-08-15 22:47:27,2026-09-11 20:35:00,,2026-09-15 01:10:00,2026-09-11 00:42:31,27,1,yes,2026-08-15 23:00:19,3.0,Tue|Fri,evening,1.7,2026-10-22,yes,no,0,2,,,0,7,True,False,NYC,False
u_103164,NYC,2026-08-15 23:49:20,paid_social,25-34,en,phone,withdrawn,0,,,,2026-08-21 23:31:25,2026-08-18 01:16:05,0,0,yes,2026-08-16 00:14:20,5.0,Wed|Thu|Sun,evening,2.1,,yes,yes,0,0,,,0,0,False,False,NYC,False
u_100706,NYC,2026-08-16 00:20:51,parole_probation_officer,25-34,en,phone,in_progress,4,2026-08-16 00:59:38,2026-09-08 23:17:00,,2026-09-10 14:15:06,2026-09-10 04:50:49,50,0,yes,2026-08-16 01:15:51,3.0,Tue|Thu,late_night,2.3,2026-10-16,yes,yes,0,1,,,0,4,True,False,NYC,False
u_100549,NYC,2026-08-16 04:38:00,paid_social,25-34,en,laptop,in_progress,16,2026-08-17 12:07:00,2026-09-11 12:15:00,,2026-09-11 13:41:06,2026-09-03 07:23:45,46,0,yes,2026-08-16 05:07:00,5.0,Tue|Fri|Sat,afternoon,3.4,2026-09-28,yes,no,0,1,,,0,16,True,False,NYC,False
u_102244,NYC,2026-08-16 05:54:33,parole_probation_officer,45-54,es,phone,not_started,0,,,,2026-08-17 16:25:38,2026-08-16 18:02:19,0,0,yes,2026-08-16 06:06:33,3.0,Mon|Tue,afternoon,0.9,,yes,no,0,0,,,0,0,False,False,NYC,False
u_102677,NYC,2026-08-16 09:44:10,workforce_center,35-44,en,phone,not_started,0,,,,2026-08-19 00:33:15,2026-08-16 11:42:19,0,0,no,,,,,,,,no,0,0,,,0,0,False,False,NYC,False
u_104850,Sacramento,2026-08-16 09:54:30,friend_family,18-24,en,phone,not_started,0,,,,2026-08-16 15:03:01,2026-08-16 09:54:30,0,0,no,,,,,,,,no,0,0,,,0,0,False,False,Sacramento,False
u_103441,NYC,2026-08-16 10:01:26,workforce_center,25-34,en,phone,inactive,1,2026-08-18 13:14:00,2026-08-18 13:14:00,,2026-08-18 18:10:50,2026-08-16 10:01:26,0,0,yes,2026-08-16 11:18:26,5.0,Mon|Wed|Thu,afternoon,1.8,2026-10-11,yes,yes,2,1,,,0,1,True,False,NYC,False
u_105932,Boston,2026-08-16 10:54:51,friend_family,25-34,en,laptop,in_progress,16,2026-08-16 13:32:04,2026-09-13 18:18:00,,2026-09-14 22:06:00,2026-09-14 08:23:43,137,63,no,,,,,,,,yes,4,1,,,0,16,True,False,Boston,False
u_105841,Boston,2026-08-16 12:27:59,friend_family,25-34,es,phone,inactive,4,2026-08-16 13:46:00,2026-08-21 12:52:00,,2026-08-26 13:43:44,2026-08-16 12:27:59,0,0,no,,,,,,,,yes,0,1,,,0,4,True,False,Boston,False
u_100086,NYC,2026-08-16 15:07:16,reentry_org,18-24,en,phone,inactive,4,2026-08-18 17:17:00,2026-08-29 21:59:00,,2026-08-31 18:13:18,2026-08-19 18:50:32,0,0,yes,2026-08-16 15:48:16,3.0,Thu|Sun,evening,1.2,2026-10-14,unsure,yes,1,2,,,0,4,True,False,NYC,False
u_104559,Sacramento,2026-08-16 15:47:31,workforce_center,25-34,en,phone,not_started,0,,,,2026-08-16 21:28:30,2026-08-16 15:47:31,0,0,yes,2026-08-16 16:00:31,5.0,Mon|Fri|Sun,afternoon,3.6,2026-10-09,unsure,no,0,0,,,0,0,False,False,Sacramento,False
u_104787,Sacramento,2026-08-16 17:50:50,reentry_org,35-44,en,phone,in_progress,6,2026-08-19 12:29:00,2026-08-31 16:30:00,,2026-09-01 06:44:29,2026-08-27 19:29:30,0,0,yes,2026-08-16 18:17:50,3.0,Wed|Sun,afternoon,2.7,2026-10-17,yes,no,0,1,,,0,6,True,False,Sacramento,False
u_104482,Sacramento,2026-08-16 19:06:13,reentry_org,35-44,en,phone,in_progress,2,2026-08-25 09:38:00,2026-08-29 10:23:00,,2026-09-03 05:59:04,2026-09-03 01:32:53,0,0,no,,,,,,,,no,0,1,,,0,2,True,False,Sacramento,False
u_103880,NYC,2026-08-16 19:14:25,reentry_org,25-34,es,phone,course_complete,21,2026-08-16 19:21:15,2026-09-08 20:05:00,2026-09-08 20:05:00,2026-09-09 10:28:34,2026-09-09 05:07:53,17,0,yes,2026-08-16 20:44:25,7.0,Wed|Thu|Fri|Sat|Sun,evening,3.7,2026-09-28,unsure,yes,2,1,,,0,21,True,True,NYC,False
u_104505,Sacramento,2026-08-16 21:41:49,reentry_org,25-34,en,shared_computer,permit_scheduled,21,2026-08-17 17:34:00,2026-09-10 20:44:00,2026-09-10 20:44:00,2026-09-13 23:16:36,2026-09-13 19:14:20,87,2,yes,2026-08-16 21:59:49,10.0,Mon|Tue|Wed|Thu|Fri|Sat|Sun,evening,4.1,2026-09-26,yes,yes,1,1,2026-09-23,,0,21,True,True,Sacramento,False
u_105733,Boston,2026-08-16 22:49:19,friend_family,35-44,en,laptop,in_progress,11,2026-08-16 23:21:57,2026-09-08 17:13:00,,2026-09-08 19:32:48,2026-09-06 10:58:10,27,35,no,,,,,,,,yes,1,2,,,0,11,True,False,Boston,True
u_103049,NYC,2026-08-17 02:49:36,parole_probation_officer,25-34,en,laptop,in_progress,10,2026-08-18 17:40:00,2026-09-11 20:30:00,,2026-09-14 22:00:00,2026-09-14 06:47:21,37,4,yes,2026-08-17 04:02:36,3.0,Wed|Fri,evening,1.4,2026-11-01,yes,yes,0,1,,,0,10,True,False,NYC,False
u_104549,Sacramento,2026-08-17 05:54:40,friend_family,25-34,en,shared_computer,inactive,3,2026-08-17 06:22:46,2026-08-21 22:42:00,,2026-08-22 16:15:38,2026-08-17 05:54:40,0,0,yes,2026-08-17 06:16:40,5.0,Mon|Tue|Thu,late_night,3.0,,yes,no,0,1,,,0,3,True,False,Sacramento,False
u_104913,Sacramento,2026-08-17 07:30:28,paid_social,18-24,en,phone,not_started,0,,,,2026-08-20 00:48:34,2026-08-17 07:30:28,0,0,yes,2026-08-17 07:44:28,5.0,Tue|Fri|Sun,morning,2.1,2026-09-27,yes,yes,0,0,,,0,0,False,False,Sacramento,False
u_100596,NYC,2026-08-17 08:00:16,friend_family,25-34,es,phone,inactive,3,2026-08-22 06:55:00,2026-08-27 06:40:00,,2026-08-29 21:55:33,2026-08-27 18:02:26,0,0,yes,2026-08-17 09:05:16,3.0,Tue|Wed,morning,1.4,,unsure,no,0,1,,,0,3,True,False,NYC,False
u_100065,NYC,2026-08-17 08:44:09,workforce_center,18-24,en,phone,in_progress,12,2026-08-17 09:13:00,2026-09-09 18:14:00,,2026-09-10 08:53:20,2026-09-05 12:51:02,43,0,no,,,,,,,,yes,2,2,,,0,12,True,False,NYC,False
u_101147,NYC,2026-08-17 10:06:58,paid_social,35-44,en,phone,withdrawn,0,,,,2026-08-18 15:06:07,2026-08-17 10:06:58,0,0,no,,,,,,,,no,0,0,,,0,0,False,False,NYC,False
u_105777,Boston,2026-08-17 13:34:29,reentry_org,35-44,en,laptop,in_progress,12,2026-08-17 14:56:09,2026-09-07 16:48:00,,2026-09-08 23:09:28,2026-09-07 09:30:07,3,0,yes,2026-08-17 14:45:29,3.0,Tue|Sun,afternoon,1.8,,yes,yes,1,1,,,0,12,True,False,Boston,False
u_100698,NYC,2026-08-17 14:05:29,parole_probation_officer,35-44,en,phone,inactive,3,2026-08-17 16:44:52,2026-08-19 15:07:00,,2026-08-22 09:55:20,2026-08-20 11:14:30,0,0,no,,,,,,,,no,0,1,,,0,3,True,False,NYC,False
u_100919,NYC,2026-08-17 16:13:21,paid_social,25-34,en,laptop,inactive,3,2026-08-21 19:28:00,2026-08-23 17:16:00,,2026-08-24 05:04:17,2026-08-23 19:28:39,0,0,no,,,,,,,,yes,6,1,,,0,3,True,False,NYC,False
u_102965,NYC,2026-08-17 18:44:58,paid_social,55+,es,phone,in_progress,10,2026-08-23 20:59:00,2026-09-13 19:56:00,,2026-09-15 05:00:00,2026-09-14 09:02:00,48,22,yes,2026-08-17 19:17:58,3.0,Tue|Wed,evening,2.7,2026-10-14,yes,yes,1,2,,,0,10,True,False,NYC,False
u_104035,Sacramento,2026-08-17 19:23:05,friend_family,18-24,en,phone,permit_scheduled,21,2026-08-17 19:41:14,2026-09-12 14:45:00,2026-09-12 14:45:00,2026-09-15 02:37:00,2026-08-29 05:14:07,101,19,no,,,,,,,,no,0,1,2026-09-22,,0,21,True,True,Sacramento,False
u_100824,NYC,2026-08-17 19:28:22,paid_social,35-44,en,tablet,permit_scheduled,21,2026-08-17 19:55:16,2026-09-06 15:26:00,2026-09-06 15:26:00,2026-09-10 01:47:12,2026-09-05 02:04:01,11,0,yes,2026-08-17 19:50:22,7.0,Mon|Tue|Thu|Fri|Sun,afternoon,3.5,2026-10-03,yes,no,0,1,2026-09-23,,0,21,True,True,NYC,False
u_100758,NYC,2026-08-18 02:15:01,workforce_center,55+,en,laptop,in_progress,2,2026-08-30 07:36:00,2026-08-31 07:52:00,,2026-09-05 22:34:50,2026-09-04 02:30:12,0,0,yes,2026-08-18 02:31:01,7.0,Mon|Tue|Thu|Sat|Sun,morning,2.8,,no,no,0,1,,,0,2,True,False,NYC,False
u_103174,NYC,2026-08-18 02:34:48,paid_social,25-34,en,phone,inactive,3,2026-08-19 10:41:00,2026-08-23 08:19:00,,2026-08-23 23:30:55,2026-08-21 15:59:12,0,0,no,,,,,,,,no,0,1,,,0,3,True,False,NYC,False
u_100607,NYC,2026-08-18 07:46:01,paid_social,55+,en,phone,not_started,0,,,,2026-08-21 02:07:46,2026-08-20 19:37:18,0,0,no,,,,,,,,no,0,0,,,0,0,False,False,NYC,False
u_105304,Sacramento,2026-08-18 08:32:35,friend_family,35-44,en,tablet,not_started,0,,,,2026-08-19 20:11:41,2026-08-18 08:32:35,0,0,no,,,,,,,,no,0,0,,,0,0,False,False,Sacramento,False
u_105311,Sacramento,2026-08-18 08:49:14,reentry_org,18-24,en,laptop,not_started,0,,,,2026-08-20 08:06:01,2026-08-18 08:49:14,0,0,yes,2026-08-18 09:47:14,5.0,Mon|Tue|Wed,evening,2.5,2026-09-24,unsure,no,0,0,,,0,0,False,False,Sacramento,False
u_103536,NYC,2026-08-18 09:31:33,reentry_org,25-34,en,phone,not_started,0,,,,2026-08-19 04:52:40,2026-08-18 09:31:33,0,0,yes,2026-08-18 09:55:33,5.0,Tue|Fri|Sun,evening,2.9,2026-10-04,yes,no,0,0,,,0,0,False,False,NYC,False
u_103252,NYC,2026-08-18 10:14:20,workforce_center,35-44,es,laptop,permit_scheduled,21,2026-08-18 10:50:27,2026-09-12 10:09:00,2026-09-12 10:09:00,2026-09-15 02:02:00,2026-09-08 08:24:43,172,76,yes,2026-08-18 10:53:20,5.0,Fri|Sat|Sun,morning,2.1,,yes,yes,2,1,2026-10-07,,0,21,True,True,NYC,False
u_102691,NYC,2026-08-18 11:00:21,paid_social,25-34,en,shared_computer,inactive,3,2026-08-18 11:34:35,2026-08-20 09:25:00,,2026-08-22 03:49:52,2026-08-18 11:00:21,0,0,no,,,,,,,,no,0,0,,,0,3,True,False,NYC,False
u_103633,NYC,2026-08-18 11:43:28,paid_social,35-44,en,laptop,not_started,0,,,,2026-08-20 00:09:52,2026-08-19 14:18:41,0,0,yes,2026-08-18 11:56:28,5.0,Tue|Fri|Sun,evening,2.7,2026-10-10,yes,no,0,0,,,0,0,False,False,NYC,False
u_102067,NYC,2026-08-18 15:21:26,reentry_org,35-44,en,laptop,course_complete,21,2026-08-19 08:59:00,2026-09-10 11:24:00,2026-09-10 11:24:00,2026-09-14 09:54:57,2026-09-08 01:32:20,40,2,no,,,,,,,,yes,4,1,,,0,21,True,True,NYC,False
u_101633,NYC,2026-08-18 18:05:04,paid_social,25-34,en,phone,in_progress,2,2026-08-18 19:20:27,2026-08-31 14:30:00,,2026-09-01 20:07:52,2026-08-31 23:49:57,0,0,no,,,,,,,,yes,1,0,,,0,2,True,False,NYC,False
u_103845,NYC,2026-08-18 20:42:49,paid_social,45-54,en,phone,not_started,0,,,,2026-08-20 09:03:20,2026-08-18 20:42:49,0,0,no,,,,,,,,no,0,0,,,0,0,False,False,NYC,False
u_105925,Boston,2026-08-18 20:48:15,friend_family,25-34,en,phone,in_progress,1,2026-08-19 17:30:00,2026-08-19 17:30:00,,2026-09-01 11:52:32,2026-08-29 15:22:46,0,0,yes,2026-08-18 21:44:15,5.0,Mon|Wed|Sun,evening,2.8,,yes,no,0,2,,,0,1,True,False,Boston,False
u_105665,Boston,2026-08-18 21:50:21,parole_probation_officer,25-34,ht,phone,not_started,0,,,,2026-08-20 23:29:36,2026-08-18 21:50:21,0,0,yes,2026-08-18 22:35:21,3.0,Tue|Fri,afternoon,1.6,2026-11-02,unsure,no,0,0,,,0,0,False,False,Boston,False
u_105844,Boston,2026-08-18 21:56:05,paid_social,35-44,en,phone,inactive,2,2026-08-19 07:58:00,2026-08-20 11:47:00,,2026-08-21 14:09:17,2026-08-21 07:13:34,0,0,no,,,,,,,,no,0,1,,,0,2,True,False,Boston,False
u_102457,NYC,2026-08-18 22:52:38,paid_social,35-44,en,laptop,in_progress,12,2026-08-18 23:29:17,2026-09-14 17:31:00,,2026-09-15 01:02:00,2026-09-14 10:50:12,56,18,yes,2026-08-18 22:59:38,5.0,Mon|Thu|Sun,evening,2.0,2026-09-29,unsure,no,0,1,,,0,12,True,False,NYC,False
u_101641,NYC,2026-08-19 01:14:08,reentry_org,25-34,es,laptop,in_progress,8,2026-08-19 01:26:36,2026-09-08 19:39:00,,2026-09-11 02:27:01,2026-09-08 14:28:03,22,0,yes,2026-08-19 02:00:08,3.0,Tue|Wed,evening,2.4,,unsure,yes,3,2,,,0,8,True,False,NYC,False
u_104687,Sacramento,2026-08-19 01:28:28,parole_probation_officer,18-24,en,phone,inactive,1,2026-08-19 15:05:38,2026-08-19 15:05:38,,2026-08-22 08:00:33,2026-08-19 01:28:28,0,0,no,,,,,,,,no,0,1,,,0,1,True,False,Sacramento,False
u_105657,Boston,2026-08-19 02:14:03,paid_social,25-34,ht,phone,not_started,0,,,,2026-08-19 10:46:47,2026-08-19 02:14:03,0,0,yes,2026-08-19 02:20:03,5.0,Mon|Wed|Sat,evening,3.5,,no,no,0,0,,,0,0,False,False,Boston,False
u_105613,Boston,2026-08-19 04:42:48,reentry_org,55+,ht,phone,inactive,2,2026-08-22 09:00:00,2026-08-27 09:06:00,,2026-08-28 16:54:42,2026-08-26 00:08:38,0,0,yes,2026-08-19 05:01:48,5.0,Mon|Thu|Fri,morning,2.8,2026-10-12,yes,yes,1,0,,,0,2,True,False,Boston,False
u_100831,NYC,2026-08-19 07:34:02,friend_family,25-34,en,phone,in_progress,3,2026-08-19 10:24:30,2026-09-10 17:31:00,,2026-09-14 21:32:00,2026-09-11 10:09:50,99,3,yes,2026-08-19 07:54:02,10.0,Mon|Tue|Wed|Thu|Fri|Sat|Sun,evening,4.5,2026-09-19,yes,no,0,2,,,0,3,True,False,NYC,False
u_103485,NYC,2026-08-19 07:51:03,parole_probation_officer,35-44,en,phone,not_started,0,,,,2026-08-19 10:31:49,2026-08-19 07:51:03,0,0,yes,2026-08-19 08:06:03,5.0,Mon|Sat|Sun,late_night,3.3,2026-10-08,no,yes,0,0,,,0,0,False,False,NYC,False
u_101092,NYC,2026-08-19 15:33:32,reentry_org,35-44,es,laptop,in_progress,8,2026-08-20 18:10:00,2026-09-14 21:51:00,,2026-09-14 21:51:00,2026-09-08 05:55:39,74,38,yes,2026-08-19 16:37:32,3.0,Thu|Sun,evening,1.0,2026-10-22,unsure,no,0,3,,,0,8,True,False,NYC,False
u_104402,Sacramento,2026-08-19 16:17:50,paid_social,25-34,en,phone,inactive,1,2026-08-19 17:20:15,2026-08-19 17:20:15,,2026-08-20 09:55:27,2026-08-20 00:37:09,0,0,no,,,,,,,,yes,0,0,,,0,1,True,False,Sacramento,False
u_100417,NYC,2026-08-19 17:17:27,parole_probation_officer,35-44,en,laptop,in_progress,13,2026-08-19 17:34:19,2026-09-13 20:39:00,,2026-09-14 21:26:00,2026-09-14 02:39:35,101,32,yes,2026-08-19 17:53:27,5.0,Tue|Wed|Thu,evening,3.5,2026-10-14,yes,yes,0,3,,,0,13,True,False,NYC,False
u_103067,NYC,2026-08-19 17:52:36,parole_probation_officer,55+,en,laptop,not_started,0,,,,2026-08-20 21:20:45,2026-08-20 17:02:20,0,0,yes,2026-08-19 18:35:36,5.0,Tue|Thu|Sun,morning,3.1,2026-10-13,yes,yes,0,0,,,0,0,False,False,NYC,False
u_102544,NYC,2026-08-19 21:40:42,parole_probation_officer,18-24,en,phone,in_progress,12,2026-08-24 21:40:00,2026-09-14 17:18:00,,2026-09-15 00:02:00,2026-09-13 17:29:19,89,65,yes,2026-08-19 21:44:42,5.0,Fri|Sat|Sun,evening,3.7,,unsure,no,0,1,,,0,12,True,False,NYC,False
u_104590,Sacramento,2026-08-20 00:14:51,reentry_org,45-54,en,laptop,in_progress,14,2026-08-21 16:56:00,2026-09-14 15:31:00,,2026-09-14 20:23:00,2026-09-12 04:13:10,63,48,yes,2026-08-20 00:28:51,3.0,Mon|Wed,afternoon,1.6,2026-11-02,yes,no,0,1,,,0,14,True,False,Sacramento,False
u_102556,NYC,2026-08-20 06:40:17,workforce_center,25-34,en,phone,in_progress,14,2026-08-26 09:16:00,2026-09-13 11:42:00,,2026-09-14 20:50:00,2026-09-10 12:25:02,127,47,yes,2026-08-20 06:47:17,5.0,Wed|Thu|Fri,morning,3.6,,yes,yes,0,2,,,0,14,True,False,NYC,False
u_104007,Sacramento,2026-08-20 10:21:04,paid_social,25-34,en,phone,in_progress,9,2026-08-20 12:51:51,2026-09-10 17:58:00,,2026-09-11 15:33:19,2026-09-11 12:03:36,31,0,yes,2026-08-20 10:55:04,5.0,Mon|Fri|Sun,evening,2.7,2026-10-06,yes,no,0,2,,,0,9,True,False,Sacramento,False
u_104123,Sacramento,2026-08-20 14:11:22,paid_social,35-44,es,phone,not_started,0,,,,2026-08-21 18:32:11,2026-08-20 14:11:22,0,0,no,,,,,,,,no,0,0,,,0,0,False,False,Sacramento,False
u_105140,Sacramento,2026-08-20 16:00:31,friend_family,25-34,es,phone,not_started,0,,,,2026-08-20 23:05:43,2026-08-20 16:00:31,0,0,yes,2026-08-20 17:17:31,5.0,Wed|Thu|Sat,evening,1.8,2026-10-10,unsure,yes,0,0,,,0,0,False,False,Sacramento,False
u_101435,NYC,2026-08-20 16:28:06,paid_social,25-34,en,phone,not_started,0,,,,2026-08-28 23:04:29,2026-08-20 16:28:06,0,0,no,,,,,,,,yes,0,0,,,0,0,False,False,NYC,False
u_104874,Sacramento,2026-08-20 16:29:29,reentry_org,25-34,es,phone,in_progress,14,2026-08-21 09:10:00,2026-09-14 07:00:00,,2026-09-14 21:37:00,2026-09-09 13:38:02,55,47,yes,2026-08-20 17:12:29,5.0,Tue|Thu|Fri,morning,3.2,,no,no,0,2,,,0,14,True,False,Sacramento,False
u_102547,NYC,2026-08-20 17:48:04,workforce_center,35-44,en,phone,in_progress,12,2026-08-20 18:25:06,2026-09-14 23:00:00,,2026-09-15 00:28:00,2026-09-13 04:40:03,65,49,yes,2026-08-20 18:01:04,5.0,Tue|Thu|Sun,late_night,2.2,2026-10-16,yes,no,0,2,,,0,12,True,False,NYC,False
u_102761,NYC,2026-08-20 18:31:24,parole_probation_officer,35-44,en,phone,inactive,3,2026-08-20 18:44:00,2026-08-25 15:30:00,,2026-08-31 12:12:42,2026-08-31 03:26:09,0,0,yes,2026-08-20 19:02:24,3.0,Mon|Fri,afternoon,2.8,2026-10-22,yes,yes,6,1,,,0,3,True,False,NYC,False
u_103812,NYC,2026-08-20 19:02:17,friend_family,25-34,en,phone,not_started,0,,,,2026-08-21 07:39:50,2026-08-20 19:02:17,0,0,no,,,,,,,,yes,0,0,,,0,0,False,False,NYC,False
u_101791,NYC,2026-08-20 20:20:25,reentry_org,45-54,en,phone,not_started,0,,,,2026-08-21 09:17:50,2026-08-20 20:20:25,0,0,no,,,,,,,,yes,0,0,,,0,0,False,False,NYC,False
u_103232,NYC,2026-08-20 23:17:09,paid_social,25-34,en,phone,in_progress,3,2026-08-29 19:02:00,2026-09-03 18:56:00,,2026-09-06 02:18:07,2026-08-31 09:07:52,0,0,no,,,,,,,,no,0,0,,,0,3,True,False,NYC,False
u_103239,NYC,2026-08-21 02:19:02,paid_social,45-54,en,shared_computer,not_started,0,,,,2026-08-21 03:22:28,2026-08-21 02:19:02,0,0,yes,2026-08-21 02:23:02,7.0,Mon|Thu|Fri|Sat|Sun,evening,2.8,2026-09-25,yes,yes,0,0,,,0,0,False,False,NYC,False
u_101331,NYC,2026-08-21 05:31:31,parole_probation_officer,25-34,en,phone,in_progress,15,2026-08-22 21:02:00,2026-09-14 18:38:00,,2026-09-14 20:00:00,2026-09-07 20:52:42,113,50,no,,,,,,,,yes,6,1,,,0,15,True,False,NYC,False
u_101025,NYC,2026-08-21 05:44:18,workforce_center,25-34,en,phone,in_progress,10,2026-09-01 23:52:00,2026-09-14 22:55:00,,2026-09-14 23:11:00,2026-09-14 17:16:04,74,43,yes,2026-08-21 07:02:18,5.0,Tue|Wed|Fri,late_night,3.7,2026-09-29,yes,no,0,1,,,0,10,True,False,NYC,False
u_103002,NYC,2026-08-21 10:59:52,friend_family,35-44,en,phone,not_started,0,,,,2026-08-25 10:46:53,2026-08-21 10:59:52,0,0,no,,,,,,,,yes,0,0,,,0,0,False,False,NYC,False
u_104847,Sacramento,2026-08-21 13:19:15,paid_social,18-24,en,tablet,in_progress,3,2026-08-27 19:47:00,2026-08-31 18:35:00,,2026-09-02 00:41:57,2026-09-02 00:38:17,0,0,yes,2026-08-21 14:07:15,3.0,Mon|Sun,evening,1.1,2026-10-26,unsure,no,0,2,,,0,3,True,False,Sacramento,False
u_103104,NYC,2026-08-21 14:06:55,paid_social,18-24,en,laptop,not_started,0,,,,2026-08-22 15:01:35,2026-08-21 14:06:55,0,0,yes,2026-08-21 14:36:55,5.0,Thu|Fri|Sat,late_night,1.8,2026-10-04,unsure,no,0,0,,,0,0,False,False,NYC,False
u_100012,NYC,2026-08-21 15:18:46,parole_probation_officer,35-44,en,laptop,not_started,0,,,,2026-08-22 06:54:43,2026-08-21 15:18:46,0,0,yes,2026-08-21 16:47:46,5.0,Mon|Wed|Fri,afternoon,3.3,2026-10-07,no,yes,0,0,,,0,0,False,False,NYC,False
u_102136,NYC,2026-08-21 16:44:36,friend_family,25-34,en,phone,in_progress,18,2026-08-22 09:02:00,2026-09-12 12:00:00,,2026-09-15 02:15:00,2026-09-13 11:21:36,128,62,no,,,,,,,,no,0,1,,,0,17,True,False,NYC,False
u_105438,Sacramento,2026-08-21 19:19:01,paid_social,25-34,es,tablet,not_started,0,,,,2026-08-23 00:37:56,2026-08-21 19:19:01,0,0,yes,2026-08-21 19:48:01,5.0,Mon|Wed|Fri,late_night,3.1,,yes,no,0,0,,,0,0,False,False,Sacramento,False
u_100212,NYC,2026-08-21 21:29:20,friend_family,35-44,en,laptop,in_progress,3,2026-08-21 21:42:31,2026-08-28 20:28:00,,2026-09-01 12:24:32,2026-08-30 17:37:11,0,0,yes,2026-08-21 22:47:20,5.0,Tue|Fri|Sun,evening,1.8,2026-09-29,yes,no,0,2,,,0,3,True,False,NYC,False
u_101014,NYC,2026-08-21 23:30:25,paid_social,25-34,en,tablet,inactive,2,2026-08-24 17:27:00,2026-08-26 18:41:00,,2026-08-27 01:41:39,2026-08-21 23:30:25,0,0,yes,2026-08-21 23:34:25,7.0,Mon|Tue|Wed|Sat|Sun,evening,3.4,2026-09-22,yes,no,0,1,,,0,2,True,False,NYC,False
u_104160,Sacramento,2026-08-21 23:33:52,workforce_center,45-54,es,shared_computer,not_started,0,,,,2026-08-22 01:23:51,2026-08-21 23:33:52,0,0,yes,2026-08-22 00:30:52,3.0,Mon|Tue,evening,1.8,2026-10-22,yes,no,0,0,,,0,0,False,False,Sacramento,False
u_105636,Boston,2026-08-22 05:28:33,reentry_org,18-24,en,phone,not_started,0,,,,2026-08-24 05:52:29,2026-08-23 10:07:45,0,0,yes,2026-08-22 06:06:33,3.0,Tue|Fri,afternoon,1.1,2026-10-25,unsure,no,0,0,,,0,0,False,False,Boston,False
u_104522,Sacramento,2026-08-22 06:41:18,reentry_org,35-44,en,tablet,in_progress,3,2026-08-24 23:40:00,2026-08-31 22:28:00,,2026-09-02 11:36:01,2026-09-02 07:57:38,0,0,no,,,,,,,,no,0,0,,,0,3,True,False,Sacramento,False
u_101698,NYC,2026-08-22 11:55:27,friend_family,25-34,en,laptop,course_complete,21,2026-08-22 12:10:38,2026-09-12 15:59:00,2026-09-12 15:59:00,2026-09-15 03:57:00,2026-09-12 07:40:28,119,15,yes,2026-08-22 13:05:27,5.0,Mon|Tue|Sun,afternoon,3.1,2026-10-03,yes,no,0,3,,,0,21,True,True,NYC,False
u_103401,NYC,2026-08-22 13:36:54,paid_social,45-54,en,phone,in_progress,8,2026-08-25 19:38:00,2026-09-10 17:09:00,,2026-09-11 16:51:58,2026-09-11 11:14:38,48,0,yes,2026-08-22 15:05:54,3.0,Mon|Tue,evening,1.7,2026-11-07,unsure,yes,4,2,,,0,8,True,False,NYC,False
u_103803,NYC,2026-08-22 14:20:37,reentry_org,45-54,en,phone,in_progress,14,2026-08-22 15:48:39,2026-09-14 12:49:00,,2026-09-15 02:15:00,2026-09-14 00:33:43,116,61,yes,2026-08-22 15:13:37,5.0,Wed|Thu|Sat,morning,3.7,2026-09-30,yes,no,0,2,,,0,14,True,False,NYC,False
u_105541,Boston,2026-08-22 14:31:18,paid_social,35-44,en,tablet,not_started,0,,,,2026-08-23 09:13:05,2026-08-22 19:00:53,0,0,no,,,,,,,,no,0,0,,,0,0,False,False,Boston,False
u_105749,Boston,2026-08-22 15:40:47,reentry_org,35-44,ht,laptop,not_started,0,,,,2026-08-22 19:13:02,2026-08-22 15:40:47,0,0,yes,2026-08-22 16:05:47,5.0,Wed|Fri|Sun,afternoon,3.0,2026-10-17,yes,no,0,0,,,0,0,False,False,Boston,False
u_103553,NYC,2026-08-22 15:44:33,workforce_center,25-34,en,phone,in_progress,7,2026-09-03 16:13:00,2026-09-14 17:16:00,,2026-09-15 04:38:00,2026-09-07 20:06:27,162,162,yes,2026-08-22 16:18:33,3.0,Wed|Thu,afternoon,1.2,,yes,yes,2,1,,,0,7,True,False,NYC,False
u_101490,NYC,2026-08-22 20:36:58,parole_probation_officer,18-24,en,laptop,inactive,4,2026-08-22 21:49:52,2026-08-27 07:59:00,,2026-08-30 12:14:07,2026-08-28 17:52:42,0,0,yes,2026-08-22 21:49:58,3.0,Tue|Sun,morning,1.7,,yes,no,0,2,,,0,4,True,False,NYC,False
u_102490,NYC,2026-08-22 21:09:53,reentry_org,25-34,en,laptop,not_started,0,,,,2026-08-23 17:49:45,2026-08-22 21:09:53,0,0,no,,,,,,,,yes,0,0,,,0,0,False,False,NYC,False
u_100087,NYC,2026-08-22 21:31:21,parole_probation_officer,25-34,en,phone,not_started,0,,,,2026-08-23 03:30:42,2026-08-22 21:31:21,0,0,yes,2026-08-22 22:32:21,7.0,Tue|Wed|Thu|Fri|Sun,afternoon,3.4,,no,no,0,0,,,0,0,False,False,NYC,False
u_100431,NYC,2026-08-22 22:29:56,paid_social,35-44,en,phone,inactive,4,2026-08-24 07:31:00,2026-08-30 06:16:00,,2026-08-30 12:55:46,2026-08-30 02:58:45,0,0,yes,2026-08-22 23:46:56,5.0,Mon|Wed|Thu,morning,1.9,2026-10-18,yes,no,0,2,,,0,4,True,False,NYC,False
u_100414,NYC,2026-08-22 23:16:36,parole_probation_officer,25-34,en,phone,not_started,0,,,,2026-08-24 10:12:55,2026-08-22 23:16:36,0,0,no,,,,,,,,yes,0,0,,,0,0,False,False,NYC,False
u_101620,NYC,2026-08-23 01:48:57,reentry_org,35-44,en,shared_computer,in_progress,12,2026-08-24 22:21:00,2026-09-14 23:50:00,,2026-09-14 23:50:00,2026-09-12 18:02:39,120,62,yes,2026-08-23 02:35:57,10.0,Mon|Tue|Wed|Thu|Fri|Sat|Sun,late_night,5.7,2026-10-03,yes,no,0,3,,,0,12,True,False,NYC,False
u_102646,NYC,2026-08-23 04:16:23,friend_family,25-34,es,phone,in_progress,8,2026-08-23 04:59:33,2026-09-13 15:04:00,,2026-09-15 03:22:00,2026-09-14 10:44:06,17,17,yes,2026-08-23 05:23:23,3.0,Tue|Fri,afternoon,2.3,2026-10-31,unsure,yes,1,2,,,0,8,True,False,NYC,False
u_102764,NYC,2026-08-23 04:27:39,parole_probation_officer,35-44,en,shared_computer,in_progress,12,2026-08-23 20:35:34,2026-09-14 22:43:00,,2026-09-14 22:45:00,2026-08-25 13:33:26,114,62,no,,,,,,,,yes,6,1,,,0,12,True,False,NYC,False
u_102967,NYC,2026-08-23 06:15:44,reentry_org,25-34,en,shared_computer,inactive,1,2026-08-26 12:01:00,2026-08-26 12:01:00,,2026-08-27 01:16:37,2026-08-23 12:48:01,0,0,yes,2026-08-23 06:21:44,10.0,Mon|Tue|Wed|Thu|Fri|Sat|Sun,afternoon,4.7,2026-10-03,yes,no,0,1,,,0,1,True,False,NYC,False
u_104312,Sacramento,2026-08-23 09:28:18,reentry_org,35-44,en,shared_computer,in_progress,3,2026-08-25 20:03:00,2026-09-02 21:19:00,,2026-09-05 00:25:38,2026-09-03 15:19:02,0,0,yes,2026-08-23 10:58:18,5.0,Mon|Wed|Fri,evening,1.8,,yes,no,0,0,,,0,3,True,False,Sacramento,False
u_102587,NYC,2026-08-23 09:28:53,workforce_center,25-34,en,phone,withdrawn,0,,,,2026-08-23 16:12:58,2026-08-23 09:28:53,0,0,yes,2026-08-23 10:39:53,5.0,Wed|Thu|Fri,afternoon,3.5,2026-09-29,yes,no,0,0,,,0,0,False,False,NYC,False
u_105666,Boston,2026-08-23 11:42:24,paid_social,45-54,en,phone,not_started,0,,,,2026-08-25 02:16:41,2026-08-23 11:42:24,0,0,no,,,,,,,,no,0,0,,,0,0,False,False,Boston,False
u_103318,NYC,2026-08-23 12:04:25,paid_social,35-44,en,phone,inactive,2,2026-08-25 21:31:00,2026-08-26 18:42:00,,2026-08-27 15:19:49,2026-08-26 22:23:09,0,0,yes,2026-08-23 12:07:25,5.0,Tue|Wed|Fri,evening,1.8,2026-09-30,yes,no,0,0,,,0,2,True,False,NYC,False
u_104382,Sacramento,2026-08-23 12:33:09,workforce_center,35-44,en,phone,in_progress,10,2026-08-23 14:51:37,2026-09-14 20:14:00,,2026-09-15 00:23:00,2026-09-09 20:54:51,46,44,yes,2026-08-23 13:41:09,5.0,Mon|Wed|Sat,evening,3.0,2026-10-01,yes,no,0,2,,,0,10,True,False,Sacramento,False
u_104803,Sacramento,2026-08-23 13:58:28,reentry_org,35-44,en,phone,not_started,0,,,,2026-08-24 12:13:17,2026-08-23 13:58:28,0,0,yes,2026-08-23 15:07:28,7.0,Mon|Tue|Thu|Fri|Sun,morning,3.2,,yes,no,0,0,,,0,0,False,False,Sacramento,False
u_105106,Sacramento,2026-08-23 14:13:32,paid_social,18-24,en,phone,withdrawn,10,2026-08-29 07:53:00,2026-09-14 06:42:00,,2026-09-14 23:30:00,2026-09-12 11:04:03,49,36,yes,2026-08-23 15:21:32,3.0,Thu|Sat,morning,2.5,2026-10-29,no,no,0,1,,,0,10,True,False,Sacramento,False
u_105602,Boston,2026-08-23 14:30:17,paid_social,25-34,en,phone,inactive,2,2026-08-24 08:41:00,2026-08-25 09:37:00,,2026-08-27 23:14:40,2026-08-23 14:30:17,0,0,no,,,,,,,,yes,0,0,,,0,2,True,False,Boston,False
u_103416,NYC,2026-08-23 14:59:51,parole_probation_officer,18-24,en,tablet,in_progress,12,2026-08-23 15:16:27,2026-09-09 13:30:00,,2026-09-10 10:27:27,2026-09-09 01:26:55,42,0,yes,2026-08-23 15:42:51,3.0,Mon|Sun,afternoon,1.4,2026-11-01,no,yes,0,2,,,0,12,True,False,NYC,False
u_101658,NYC,2026-08-23 17:32:32,paid_social,25-34,en,tablet,inactive,2,2026-08-25 15:59:00,2026-08-25 15:44:00,,2026-08-27 12:53:00,2026-08-26 07:26:54,0,0,no,,,,,,,,no,0,1,,,0,2,True,False,NYC,False
u_102989,NYC,2026-08-23 20:05:34,paid_social,25-34,en,shared_computer,inactive,1,2026-08-23 22:04:26,2026-08-23 22:04:26,,2026-08-25 16:13:37,2026-08-23 20:05:34,0,0,no,,,,,,,,no,0,0,,,0,1,True,False,NYC,False
u_105671,Boston,2026-08-23 21:53:38,parole_probation_officer,35-44,en,laptop,inactive,1,2026-08-23 22:07:51,2026-08-23 22:07:51,,2026-08-24 11:02:11,2026-08-23 21:53:38,0,0,yes,2026-08-23 23:10:38,3.0,Thu|Fri,evening,1.8,2026-10-22,unsure,no,0,2,,,0,1,True,False,Boston,False
u_100563,NYC,2026-08-23 22:42:22,reentry_org,35-44,es,phone,in_progress,2,2026-09-01 16:44:00,2026-09-03 14:17:00,,2026-09-05 05:28:37,2026-08-26 19:43:19,0,0,yes,2026-08-23 23:22:22,7.0,Mon|Tue|Wed|Fri|Sun,afternoon,4.3,2026-09-28,yes,no,0,0,,,0,2,True,False,NYC,False
u_100964,NYC,2026-08-23 23:56:49,reentry_org,18-24,es,tablet,not_started,0,,,,2026-08-24 22:20:03,2026-08-23 23:56:49,0,0,yes,2026-08-24 00:50:49,3.0,Tue|Fri,evening,2.6,2026-11-08,yes,no,0,0,,,0,0,False,False,NYC,False
u_102226,NYC,2026-08-24 01:13:36,paid_social,45-54,en,phone,in_progress,7,2026-08-24 01:34:39,2026-09-12 17:54:00,,2026-09-12 18:45:21,2026-09-11 17:12:00,17,17,yes,2026-08-24 02:42:36,3.0,Thu|Sat,evening,0.9,2026-10-28,unsure,yes,2,1,,,0,7,True,False,NYC,False
u_104976,Sacramento,2026-08-24 01:19:02,reentry_org,35-44,en,phone,not_started,0,,,,2026-08-25 04:02:24,2026-08-24 01:19:02,0,0,yes,2026-08-24 01:44:02,10.0,Mon|Tue|Wed|Thu|Fri|Sat|Sun,late_night,5.8,2026-09-30,yes,no,0,0,,,0,0,False,False,Sacramento,False
u_104172,Sacramento,2026-08-24 03:24:15,paid_social,25-34,en,phone,not_started,0,,,,2026-08-25 13:43:34,2026-08-24 12:33:28,0,0,yes,2026-08-24 03:49:15,3.0,Tue|Sat,evening,1.2,2026-10-19,yes,no,0,0,,,0,0,False,False,Sacramento,False
u_104667,Sacramento,2026-08-24 05:41:17,parole_probation_officer,35-44,en,phone,in_progress,13,2026-08-27 11:32:00,2026-09-13 07:15:00,,2026-09-14 20:02:13,2026-09-13 05:48:48,69,25,yes,2026-08-24 06:41:17,3.0,Mon|Thu,morning,2.2,2026-11-06,yes,no,0,2,,,0,12,True,False,Sacramento,False
u_100055,NYC,2026-08-24 08:24:16,reentry_org,35-44,en,phone,not_started,0,,,,2026-08-25 07:05:16,2026-08-24 08:24:16,0,0,yes,2026-08-24 09:35:16,7.0,Mon|Tue|Wed|Sat|Sun,evening,4.4,,no,yes,0,0,,,0,0,False,False,NYC,False
u_103729,NYC,2026-08-24 08:39:01,parole_probation_officer,25-34,es,laptop,in_progress,14,2026-08-24 09:02:36,2026-09-13 12:36:00,,2026-09-14 11:49:26,2026-09-12 21:12:44,119,158,no,,,,,,,,yes,4,1,,,0,14,True,False,NYC,True
u_102436,NYC,2026-08-24 10:07:03,friend_family,45-54,en,phone,not_started,0,,,,2026-08-25 14:17:06,2026-08-24 10:07:03,0,0,yes,2026-08-24 10:47:03,7.0,Mon|Tue|Thu|Fri|Sun,late_night,4.3,,yes,no,0,0,,,0,0,False,False,NYC,False
u_101447,NYC,2026-08-24 10:39:53,reentry_org,25-34,en,phone,in_progress,10,2026-09-01 19:55:00,2026-09-14 19:59:00,,2026-09-14 21:52:00,2026-09-14 02:18:15,69,23,no,,,,,,,,no,0,1,,,0,10,True,False,NYC,False
u_102936,NYC,2026-08-24 14:10:39,reentry_org,25-34,es,phone,in_progress,1,2026-08-29 17:59:00,2026-08-29 17:59:00,,2026-09-10 04:57:16,2026-09-02 14:30:08,9,0,no,,,,,,,,no,0,1,,,0,1,True,False,NYC,False
u_104131,Sacramento,2026-08-24 17:24:05,friend_family,25-34,en,phone,in_progress,2,2026-08-29 10:30:00,2026-08-31 09:25:00,,2026-09-02 04:51:07,2026-08-24 17:24:05,0,0,no,,,,,,,,no,0,1,,,0,2,True,False,Sacramento,False
u_105431,Sacramento,2026-08-24 17:33:51,paid_social,25-34,en,phone,not_started,0,,,,2026-08-25 14:55:05,2026-08-25 06:28:15,0,0,yes,2026-08-24 18:50:51,3.0,Wed|Thu,afternoon,2.8,2026-11-02,yes,no,0,0,,,0,0,False,False,Sacramento,False
u_100546,NYC,2026-08-24 17:44:21,paid_social,25-34,en,laptop,not_started,0,,,,2026-08-27 12:40:17,2026-08-27 07:39:31,0,0,no,,,,,,,,yes,0,0,,,0,0,False,False,NYC,False
u_105376,Sacramento,2026-08-24 20:29:05,friend_family,35-44,en,phone,inactive,3,2026-08-24 20:38:34,2026-08-28 13:18:00,,2026-08-28 22:36:07,2026-08-26 21:59:40,0,0,yes,2026-08-24 20:55:05,10.0,Mon|Tue|Wed|Thu|Fri|Sat|Sun,afternoon,4.3,,yes,no,0,0,,,0,3,True,False,Sacramento,False
u_102305,NYC,2026-08-24 21:16:58,parole_probation_officer,25-34,en,phone,not_started,0,,,,2026-08-27 20:38:27,2026-08-27 13:57:14,0,0,yes,2026-08-24 22:17:58,10.0,Mon|Tue|Wed|Thu|Fri|Sat|Sun,evening,5.4,2026-09-20,yes,no,0,0,,,0,0,False,False,NYC,False
u_100975,NYC,2026-08-24 22:51:57,parole_probation_officer,18-24,es,shared_computer,inactive,1,2026-08-24 23:02:05,2026-08-24 23:02:05,,2026-08-25 10:54:11,2026-08-24 22:51:57,0,0,yes,2026-08-25 00:18:57,7.0,Mon|Wed|Thu|Sat|Sun,evening,3.7,2026-09-29,unsure,no,0,1,,,0,1,True,False,NYC,False
u_104594,Sacramento,2026-08-25 02:09:40,paid_social,25-34,en,phone,not_started,0,,,,2026-08-26 09:59:36,2026-08-25 02:09:40,0,0,yes,2026-08-25 02:18:40,10.0,Mon|Tue|Wed|Thu|Fri|Sat|Sun,evening,4.2,2026-10-04,yes,no,0,0,,,0,0,False,False,Sacramento,False
u_105121,Sacramento,2026-08-25 02:32:48,workforce_center,18-24,en,phone,not_started,0,,,,2026-08-25 09:35:47,2026-08-25 02:32:48,0,0,no,,,,,,,,no,0,0,,,0,0,False,False,Sacramento,False
u_100537,NYC,2026-08-25 02:50:42,friend_family,25-34,en,tablet,in_progress,14,2026-08-25 03:30:31,2026-09-13 19:21:00,,2026-09-14 21:44:00,2026-09-14 09:27:52,115,48,no,,,,,,,,no,0,2,,,0,14,True,False,NYC,False
u_101643,nyc,2026-08-25 05:28:58,reentry_org,55+,en,laptop,not_started,0,,,,2026-08-26 08:31:48,2026-08-25 05:28:58,0,0,no,,,,,,,,no,0,0,,,0,0,False,False,NYC,False
u_100928,NYC,2026-08-25 07:30:15,reentry_org,18-24,en,laptop,inactive,1,2026-08-25 08:51:19,2026-08-25 08:51:19,,2026-08-30 06:56:02,2026-08-30 00:27:39,0,0,no,,,,,,,,no,0,0,,,0,1,True,False,NYC,False
u_100452,NYC,2026-08-25 08:32:54,parole_probation_officer,45-54,en,phone,inactive,1,2026-08-25 09:01:57,2026-08-25 09:01:57,,2026-08-25 23:44:17,2026-08-25 08:32:54,0,0,yes,2026-08-25 09:17:54,10.0,Mon|Tue|Wed|Thu|Fri|Sat|Sun,late_night,5.4,2026-09-19,yes,no,0,1,,,0,1,True,False,NYC,False
u_101019,NYC,2026-08-25 09:27:42,friend_family,25-34,en,shared_computer,in_progress,13,2026-08-25 09:44:03,2026-09-14 17:29:00,,2026-09-14 22:26:00,2026-09-10 12:39:31,116,43,yes,2026-08-25 09:33:42,5.0,Tue|Wed|Sat,evening,3.1,2026-10-05,yes,yes,1,3,,,0,13,True,False,NYC,False
u_102149,New York,2026-08-25 15:24:03,paid_social,18-24,en,phone,in_progress,2,2026-09-05 22:21:00,2026-09-13 22:10:00,,2026-09-15 00:32:00,2026-08-25 15:24:03,41,29,no,,,,,,,,no,0,1,,,0,2,True,False,NYC,False
u_101130,NYC,2026-08-25 20:26:59,reentry_org,18-24,en,phone,in_progress,2,2026-08-29 12:44:00,2026-08-30 14:24:00,,2026-09-02 18:44:48,2026-09-02 15:15:07,0,0,no,,,,,,,,yes,2,1,,,0,2,True,False,NYC,False
u_103557,NYC,2026-08-25 21:07:28,parole_probation_officer,25-34,en,laptop,inactive,1,2026-08-25 21:24:51,2026-08-25 21:24:51,,2026-08-27 23:53:10,2026-08-25 21:07:28,0,0,no,,,,,,,,no,0,1,,,0,1,True,False,NYC,False
u_102222,NYC,2026-08-26 02:24:11,workforce_center,18-24,en,phone,inactive,3,2026-08-26 03:06:00,2026-08-27 13:54:00,,2026-08-27 16:20:38,2026-08-26 20:50:46,0,0,yes,2026-08-26 02:51:11,3.0,Mon|Tue,afternoon,2.7,,unsure,yes,1,2,,,0,3,True,False,NYC,False
u_102200,NYC,2026-08-26 03:20:55,parole_probation_officer,25-34,en,shared_computer,in_progress,11,2026-08-26 03:53:32,2026-09-12 22:21:00,,2026-09-13 16:07:22,2026-09-13 04:39:05,50,22,yes,2026-08-26 04:35:55,3.0,Mon|Sat,late_night,1.3,2026-11-04,no,no,0,2,,,0,11,True,False,NYC,False
u_102347,NYC,2026-08-26 03:36:49,paid_social,55+,en,phone,not_started,0,,,,2026-08-27 04:20:40,2026-08-26 03:36:49,0,0,no,,,,,,,,no,0,0,,,0,0,False,False,NYC,False
u_100420,NYC,2026-08-26 03:46:37,friend_family,18-24,en,phone,withdrawn,4,2026-08-26 04:28:02,2026-09-14 09:58:00,,2026-09-14 23:43:00,2026-09-06 16:25:17,47,47,yes,2026-08-26 05:02:37,7.0,Mon|Tue|Wed|Thu|Fri,morning,4.3,2026-10-06,unsure,no,0,0,,,0,4,True,False,NYC,False
u_101660,NYC,2026-08-26 05:04:25,reentry_org,18-24,en,phone,not_started,0,,,,2026-08-27 10:09:42,2026-08-26 12:52:23,0,0,no,,,,,,,,no,0,0,,,0,0,False,False,NYC,False
u_104354,Sacramento,2026-08-26 05:34:10,friend_family,25-34,en,phone,not_started,0,,,,2026-08-28 02:02:55,2026-08-27 08:53:22,0,0,yes,2026-08-26 06:05:10,3.0,Sat|Sun,evening,2.4,2026-11-05,yes,no,0,0,,,0,0,False,False,Sacramento,False
u_100732,NYC,2026-08-26 06:13:11,paid_social,45-54,en,shared_computer,withdrawn,0,,,,2026-08-26 07:49:08,2026-08-26 06:13:11,0,0,no,,,,,,,,no,0,0,,,0,0,False,False,NYC,False
u_103864,NYC,2026-08-26 10:44:32,parole_probation_officer,45-54,en,phone,not_started,0,,,,2026-08-27 12:56:42,2026-08-26 10:44:32,0,0,yes,2026-08-26 11:11:32,5.0,Tue|Thu|Sun,evening,2.3,2026-10-20,yes,yes,0,0,,,0,0,False,False,NYC,False
u_100077,NYC,2026-08-26 13:19:35,paid_social,35-44,en,tablet,not_started,0,,,,2026-08-28 17:02:27,2026-08-26 18:35:23,0,0,no,,,,,,,,no,0,0,,,0,0,False,False,NYC,False
u_101215,NYC,2026-08-26 16:53:23,paid_social,35-44,es,laptop,not_started,0,,,,2026-08-27 19:34:04,2026-08-27 12:04:50,0,0,no,,,,,,,,no,0,0,,,0,0,False,False,NYC,False
u_104309,Sacramento,2026-08-26 17:00:47,paid_social,35-44,en,phone,not_started,0,,,,2026-08-28 09:48:16,2026-08-26 17:00:47,0,0,no,,,,,,,,no,0,0,,,0,0,False,False,Sacramento,False
u_105386,Sacramento,2026-08-26 18:11:23,workforce_center,18-24,en,laptop,in_progress,3,2026-08-26 20:07:07,2026-08-31 07:19:00,,2026-09-03 00:07:20,2026-08-26 18:11:23,0,0,no,,,,,,,,yes,0,1,,,0,3,True,False,Sacramento,False
u_103467,NYC,2026-08-26 22:01:20,workforce_center,18-24,en,phone,not_started,0,,,,2026-08-27 18:13:09,2026-08-26 22:01:20,0,0,no,,,,,,,,yes,0,0,,,0,0,False,False,NYC,False
u_101166,NYC,2026-08-27 02:14:18,parole_probation_officer,18-24,en,phone,not_started,0,,,,2026-08-31 10:12:39,2026-08-27 02:14:18,0,0,no,,,,,,,,no,0,0,,,0,0,False,False,NYC,False
u_103625,NYC,2026-08-27 03:00:34,parole_probation_officer,25-34,en,phone,not_started,0,,,,2026-08-29 18:15:45,2026-08-27 03:00:34,0,0,no,,,,,,,,no,0,0,,,0,0,False,False,NYC,False
u_103148,NYC,2026-08-27 03:48:00,reentry_org,25-34,en,phone,in_progress,18,2026-08-27 06:39:21,2026-09-14 13:07:00,,2026-09-14 20:51:00,2026-09-09 06:25:58,158,76,yes,2026-08-27 04:23:00,7.0,Mon|Tue|Wed|Fri|Sun,afternoon,2.9,2026-09-25,yes,yes,0,1,,,0,18,True,False,NYC,False
u_102696,NYC,2026-08-27 04:14:30,paid_social,18-24,en,phone,in_progress,6,2026-08-27 06:13:45,2026-09-14 22:17:00,,2026-09-15 02:20:00,2026-09-13 12:42:54,62,101,yes,2026-08-27 05:32:30,3.0,Tue|Sun,late_night,1.8,2026-10-27,yes,no,0,3,,,0,6,True,False,NYC,True
u_104722,Sacramento,2026-08-27 07:17:07,paid_social,35-44,en,phone,not_started,0,,,,2026-08-29 23:32:30,2026-08-29 17:10:19,0,0,no,,,,,,,,yes,0,0,,,0,0,False,False,Sacramento,False
u_105029,Sacramento,2026-08-27 09:16:12,reentry_org,25-34,en,shared_computer,in_progress,3,2026-08-28 21:00:00,2026-08-31 21:00:00,,2026-09-03 11:41:00,2026-08-27 09:16:12,0,0,yes,2026-08-27 09:59:12,7.0,Tue|Thu|Fri|Sat|Sun,evening,4.4,2026-10-08,no,yes,1,0,,,0,3,True,False,Sacramento,False
u_100468,NYC,2026-08-27 09:39:08,workforce_center,18-24,es,phone,in_progress,4,2026-08-27 09:54:04,2026-09-08 14:04:00,,2026-09-10 05:28:38,2026-09-04 04:22:14,48,0,yes,2026-08-27 09:48:08,5.0,Tue|Thu|Sat,afternoon,3.7,,yes,yes,0,2,,,0,4,True,False,NYC,False
u_101561,NYC,2026-08-27 12:04:15,parole_probation_officer,25-34,en,laptop,in_progress,6,2026-09-01 23:24:00,2026-09-14 22:23:00,,2026-09-14 22:23:00,2026-09-12 16:06:05,58,36,yes,2026-08-27 13:13:15,3.0,Tue|Fri,late_night,2.3,,no,yes,1,2,,,0,6,True,False,NYC,False
u_102699,NYC,2026-08-27 13:18:59,workforce_center,25-34,en,phone,not_started,0,,,,2026-08-28 22:52:20,2026-08-27 13:18:59,0,0,no,,,,,,,,yes,0,0,,,0,0,False,False,NYC,False
u_102629,NYC,2026-08-27 14:26:46,parole_probation_officer,35-44,en,laptop,in_progress,9,2026-08-27 16:31:46,2026-09-12 21:10:00,,2026-09-13 09:39:07,2026-09-11 22:11:17,67,26,yes,2026-08-27 14:33:46,3.0,Wed|Sun,evening,1.6,,yes,no,0,2,,,0,9,True,False,NYC,False
u_102902,NYC,2026-08-27 15:04:01,parole_probation_officer,35-44,en,phone,not_started,0,,,,2026-08-28 14:41:29,2026-08-27 15:04:01,0,0,yes,2026-08-27 15:32:01,3.0,Sat|Sun,late_night,1.3,2026-10-28,yes,no,0,0,,,0,0,False,False,NYC,False
u_102374,NYC,2026-08-27 15:29:12,reentry_org,55+,en,phone,in_progress,1,2026-08-28 09:45:00,2026-08-28 09:45:00,,2026-09-03 14:07:34,2026-08-31 02:24:40,0,0,yes,2026-08-27 16:04:12,7.0,Mon|Tue|Thu|Sat|Sun,morning,3.5,2026-10-15,no,no,0,2,,,0,1,True,False,NYC,False
u_100575,NYC,2026-08-27 15:31:09,workforce_center,25-34,en,phone,withdrawn,0,,,,2026-08-28 06:12:09,2026-08-27 15:31:09,0,0,yes,2026-08-27 16:03:09,10.0,Mon|Tue|Wed|Thu|Fri|Sat|Sun,afternoon,5.1,2026-09-29,yes,no,0,0,,,0,0,False,False,NYC,False
u_101744,NYC,2026-08-27 17:31:14,reentry_org,35-44,en,laptop,in_progress,3,2026-09-02 08:54:00,2026-09-04 09:11:00,,2026-09-04 16:51:07,2026-09-02 08:53:34,0,0,yes,2026-08-27 17:48:14,3.0,Thu|Sun,morning,2.1,2026-10-28,unsure,no,0,0,,,0,3,True,False,NYC,False
u_103946,NYC,2026-08-27 17:50:05,reentry_org,35-44,en,phone,in_progress,9,2026-08-30 23:15:00,2026-09-14 22:16:00,,2026-09-15 00:51:00,2026-09-11 15:22:30,55,25,yes,2026-08-27 18:37:05,5.0,Wed|Fri|Sun,late_night,3.6,,no,no,0,3,,,0,9,True,False,NYC,False
u_101043,NYC,2026-08-27 18:57:38,reentry_org,45-54,en,phone,in_progress,4,2026-08-27 19:03:43,2026-09-02 20:32:00,,2026-09-02 22:40:19,2026-09-02 12:12:40,0,0,yes,2026-08-27 20:05:38,5.0,Tue|Fri|Sun,evening,3.6,,yes,no,0,0,,,0,4,True,False,NYC,False
u_105847,Boston,2026-08-27 19:41:59,paid_social,25-34,en,phone,not_started,0,,,,2026-08-29 13:08:04,2026-08-27 19:41:59,0,0,yes,2026-08-27 20:50:59,7.0,Mon|Thu|Fri|Sat|Sun,late_night,3.5,,no,no,0,0,,,0,0,False,False,Boston,False
u_102195,NYC,2026-08-27 19:49:29,paid_social,25-34,en,phone,not_started,0,,,,2026-08-28 07:05:09,2026-08-27 19:49:29,0,0,yes,2026-08-27 20:20:29,5.0,Mon|Wed|Thu,late_night,2.3,2026-10-04,yes,yes,0,0,,,0,0,False,False,NYC,False
u_104761,Sacramento,2026-08-27 19:51:24,paid_social,45-54,en,laptop,not_started,0,,,,2026-08-28 06:30:47,2026-08-27 19:51:24,0,0,no,,,,,,,,yes,0,0,,,0,0,False,False,Sacramento,False
u_102190,NYC,2026-08-27 22:01:49,workforce_center,18-24,en,phone,in_progress,2,2026-08-29 11:48:00,2026-08-30 08:04:00,,2026-09-04 03:24:42,2026-09-03 22:52:22,0,0,yes,2026-08-27 22:15:49,5.0,Mon|Thu|Fri,morning,2.2,2026-10-12,yes,yes,1,0,,,0,2,True,False,NYC,False
u_103375,NYC,2026-08-28 00:55:03,paid_social,45-54,es,phone,not_started,0,,,,2026-08-29 03:24:19,2026-08-28 21:04:13,0,0,no,,,,,,,,yes,0,0,,,0,0,False,False,NYC,False
u_105225,Sacramento,2026-08-28 02:12:29,paid_social,25-34,en,phone,in_progress,12,2026-08-29 16:27:00,2026-09-14 15:50:00,,2026-09-14 22:19:00,2026-09-10 19:00:15,137,88,no,,,,,,,,no,0,1,,,0,11,True,False,Sacramento,False
u_100343,NYC,2026-08-28 05:36:46,workforce_center,35-44,en,phone,inactive,1,2026-08-28 06:03:44,2026-08-28 06:03:44,,2026-08-31 05:34:19,2026-08-29 14:34:54,0,0,no,,,,,,,,no,0,2,,,0,1,True,False,NYC,False
u_100379,NYC,2026-08-28 05:39:11,paid_social,35-44,en,phone,not_started,0,,,,2026-09-01 17:29:18,2026-08-31 03:34:19,0,0,yes,2026-08-28 05:55:11,3.0,Tue|Sun,evening,1.8,2026-11-11,unsure,no,0,0,,,0,0,False,False,NYC,False
u_102401,NYC,2026-08-28 05:59:41,friend_family,35-44,en,phone,inactive,1,2026-08-30 07:22:00,2026-08-30 07:22:00,,2026-08-31 19:57:15,2026-08-30 17:23:12,0,0,no,,,,,,,,no,0,1,,,0,1,True,False,NYC,False
u_100957,NYC,2026-08-28 06:48:10,friend_family,25-34,en,phone,not_started,0,,,,2026-08-29 23:51:36,2026-08-28 06:48:10,0,0,yes,2026-08-28 07:38:10,5.0,Wed|Sat|Sun,afternoon,3.7,2026-10-12,yes,no,0,0,,,0,0,False,False,NYC,False
u_101371,NYC,2026-08-28 09:08:28,paid_social,18-24,es,phone,in_progress,7,2026-08-29 19:33:00,2026-09-06 20:39:00,,2026-09-07 21:46:21,2026-09-07 12:50:39,0,0,yes,2026-08-28 09:41:28,5.0,Mon|Wed|Thu,evening,1.8,2026-10-24,unsure,no,0,3,,,0,7,True,False,NYC,False
u_102898,NYC,2026-08-28 10:12:46,reentry_org,35-44,en,shared_computer,in_progress,1,2026-09-09 17:58:00,2026-09-09 17:58:00,,2026-09-14 21:31:00,2026-09-14 01:42:39,10,5,no,,,,,,,,no,0,1,,,0,1,True,False,NYC,False
u_104232,Sacramento,2026-08-28 11:23:12,friend_family,25-34,en,tablet,not_started,0,,,,2026-08-29 00:46:28,2026-08-28 11:23:12,0,0,no,,,,,,,,no,0,0,,,0,0,False,False,Sacramento,False
u_100128,NYC,2026-08-28 11:40:35,parole_probation_officer,25-34,en,phone,inactive,1,2026-08-28 11:57:08,2026-08-28 11:57:08,,2026-08-30 02:44:22,2026-08-28 11:40:35,0,0,yes,2026-08-28 12:20:35,3.0,Mon|Thu,morning,2.8,,unsure,no,0,1,,,0,1,True,False,NYC,False
u_102207,NYC,2026-08-28 11:43:23,friend_family,25-34,en,phone,in_progress,3,2026-09-04 23:55:00,2026-09-09 22:11:00,,2026-09-13 03:29:57,2026-09-04 14:47:26,89,6,no,,,,,,,,yes,0,1,,,0,3,True,False,NYC,False
u_100629,NYC,2026-08-28 14:09:38,workforce_center,25-34,en,phone,in_progress,4,2026-08-28 14:18:56,2026-09-01 12:54:00,,2026-09-04 21:12:57,2026-08-31 08:39:32,0,0,no,,,,,,,,no,0,1,,,0,4,True,False,NYC,False
u_105267,Sacramento,2026-08-28 21:20:15,reentry_org,35-44,en,laptop,in_progress,3,2026-09-02 19:55:00,2026-09-14 19:37:00,,2026-09-15 01:29:00,2026-09-11 02:45:10,88,42,no,,,,,,,,yes,1,1,,,0,3,True,False,Sacramento,False
u_105471,Boston,2026-08-28 23:05:02,parole_probation_officer,25-34,en,phone,withdrawn,0,,,,2026-08-29 11:20:07,2026-08-28 23:36:47,0,0,no,,,,,,,,no,0,0,,,0,0,False,False,Boston,False
u_103568,NYC,2026-08-29 00:13:44,parole_probation_officer,25-34,es,laptop,in_progress,7,2026-09-04 07:36:00,2026-09-14 07:29:00,,2026-09-14 23:39:00,2026-09-09 07:59:40,152,42,no,,,,,,,,yes,6,2,,,0,7,True,False,NYC,False
u_100079,NYC,2026-08-29 03:44:27,reentry_org,18-24,en,phone,in_progress,3,2026-08-30 07:04:00,2026-09-03 10:10:00,,2026-09-04 10:55:02,2026-09-04 04:26:28,0,0,no,,,,,,,,no,0,0,,,0,3,True,False,NYC,False
u_101110,NYC,2026-08-29 07:29:14,friend_family,18-24,en,phone,in_progress,9,2026-08-29 08:13:32,2026-09-14 17:10:00,,2026-09-15 04:02:00,2026-09-08 06:08:48,116,45,yes,2026-08-29 07:43:14,5.0,Mon|Tue|Fri,evening,3.0,,unsure,yes,3,3,,,0,9,True,False,NYC,False
u_102826,NYC,2026-08-29 08:22:39,reentry_org,35-44,en,phone,in_progress,1,2026-09-03 18:42:00,2026-09-03 18:42:00,,2026-09-04 04:53:08,2026-09-02 15:43:53,0,0,yes,2026-08-29 09:17:39,7.0,Mon|Wed|Thu|Fri|Sat,evening,3.3,2026-10-09,no,no,0,0,,,0,1,True,False,NYC,False
u_105537,Boston,2026-08-29 10:17:16,friend_family,25-34,en,laptop,in_progress,2,2026-08-29 10:27:33,2026-09-02 17:35:00,,2026-09-09 00:17:41,2026-09-08 06:00:32,5,0,no,,,,,,,,no,0,1,,,0,2,True,False,Boston,False
u_103071,NYC,2026-08-29 11:17:50,workforce_center,18-24,en,phone,not_started,0,,,,2026-08-30 23:31:30,2026-08-29 11:17:50,0,0,no,,,,,,,,no,0,0,,,0,0,False,False,NYC,False
u_100392,NYC,2026-08-29 12:28:32,parole_probation_officer,25-34,en,laptop,in_progress,11,2026-08-30 23:58:00,2026-09-14 23:43:00,,2026-09-15 01:41:00,2026-08-29 12:28:32,97,31,no,,,,,,,,no,0,1,,,0,10,True,False,NYC,False
u_101090,NYC,2026-08-29 12:54:20,reentry_org,35-44,en,phone,in_progress,8,2026-08-30 23:53:00,2026-09-14 23:34:00,,2026-09-15 03:11:00,2026-09-14 22:13:08,109,18,no,,,,,,,,no,0,2,,,0,8,True,False,NYC,False
u_102552,NYC,2026-08-29 15:03:28,reentry_org,25-34,en,tablet,in_progress,7,2026-08-30 07:49:00,2026-09-12 10:05:00,,2026-09-15 02:58:00,2026-09-12 17:05:21,24,24,yes,2026-08-29 16:26:28,3.0,Tue|Wed,morning,1.7,2026-10-26,unsure,no,0,2,,,0,6,True,False,NYC,False
u_102241,NYC,2026-08-29 15:04:48,reentry_org,25-34,en,laptop,in_progress,8,2026-09-02 23:28:00,2026-09-14 22:33:00,,2026-09-15 01:45:00,2026-09-13 13:54:59,137,67,yes,2026-08-29 16:15:48,10.0,Mon|Tue|Wed|Thu|Fri|Sat|Sun,late_night,5.4,2026-09-29,unsure,no,0,2,,,0,8,True,False,NYC,False
u_103129,NYC,2026-08-29 21:22:47,friend_family,18-24,es,phone,in_progress,1,2026-09-01 18:56:00,2026-09-01 18:56:00,,2026-09-03 01:03:10,2026-08-29 21:22:47,0,0,yes,2026-08-29 22:27:47,10.0,Mon|Tue|Wed|Thu|Fri|Sat|Sun,evening,5.9,,no,no,0,0,,,0,1,True,False,NYC,False
u_105928,Boston,2026-08-29 22:00:17,parole_probation_officer,25-34,en,phone,in_progress,2,2026-09-01 10:24:00,2026-09-14 07:26:00,,2026-09-14 22:25:00,2026-09-07 13:13:14,32,32,no,,,,,,,,no,0,1,,,0,2,True,False,Boston,False
u_102320,NYC,2026-08-29 23:46:14,reentry_org,35-44,en,phone,in_progress,3,2026-08-30 13:26:00,2026-09-06 15:23:00,,2026-09-08 01:14:55,2026-09-05 23:07:48,0,0,yes,2026-08-30 00:11:14,5.0,Mon|Wed|Sun,afternoon,2.0,,yes,no,0,1,,,0,3,True,False,NYC,False
u_100859,NYC,2026-08-30 00:50:06,parole_probation_officer,35-44,en,phone,in_progress,4,2026-08-30 03:48:37,2026-09-14 20:23:00,,2026-09-15 01:35:15,2026-09-13 01:11:40,41,38,no,,,,,,,,no,0,0,,,0,4,True,False,NYC,False
u_102238,NYC,2026-08-30 03:25:08,parole_probation_officer,35-44,en,phone,in_progress,3,2026-08-30 03:35:33,2026-09-06 14:29:00,,2026-09-10 17:33:54,2026-09-10 07:33:25,5,0,yes,2026-08-30 04:27:08,5.0,Tue|Thu|Sat,afternoon,2.3,,yes,no,0,0,,,0,3,True,False,NYC,False
u_104153,Sacramento,2026-08-30 04:55:44,reentry_org,35-44,en,phone,in_progress,3,2026-08-31 15:59:00,2026-09-12 12:19:00,,2026-09-13 05:43:49,2026-09-11 08:12:22,54,54,no,,,,,,,,no,0,1,,,0,3,True,False,Sacramento,False
u_104430,Sacramento,2026-08-30 05:21:25,friend_family,35-44,en,laptop,not_started,0,,,,2026-08-30 11:54:04,2026-08-30 09:35:53,0,0,yes,2026-08-30 06:22:25,5.0,Tue|Fri|Sun,morning,3.7,2026-10-08,yes,no,0,0,,,0,0,False,False,Sacramento,False
u_104738,Sacramento,2026-08-30 06:36:00,paid_social,55+,en,shared_computer,in_progress,3,2026-09-04 10:16:00,2026-09-05 09:18:00,,2026-09-06 14:04:28,2026-08-30 06:36:00,0,0,yes,2026-08-30 07:25:00,5.0,Thu|Fri|Sat,morning,3.0,2026-10-08,yes,yes,0,0,,,0,3,True,False,Sacramento,False
u_104600,Sacramento,2026-08-30 06:45:23,paid_social,35-44,en,shared_computer,in_progress,6,2026-09-01 18:55:00,2026-09-12 17:21:00,,2026-09-15 02:25:00,2026-09-11 06:03:35,70,31,no,,,,,,,,no,0,2,,,0,6,True,False,Sacramento,False
u_103079,NYC,2026-08-30 07:39:32,paid_social,35-44,en,phone,not_started,0,,,,2026-08-31 02:20:34,2026-08-30 07:39:32,0,0,no,,,,,,,,no,0,0,,,0,0,False,False,NYC,False
u_102131,NYC ,2026-08-30 12:33:19,reentry_org,35-44,en,shared_computer,in_progress,9,2026-08-30 12:39:54,2026-09-14 21:01:00,,2026-09-14 23:24:00,2026-09-13 13:32:57,119,33,yes,2026-08-30 13:37:19,5.0,Wed|Thu|Fri,evening,3.1,2026-10-07,yes,yes,1,3,,,0,9,True,False,NYC,False
u_100977,NYC,2026-08-30 12:55:50,parole_probation_officer,35-44,en,phone,in_progress,4,2026-09-04 18:02:00,2026-09-14 20:17:00,,2026-09-14 21:19:00,2026-09-09 20:04:06,99,99,yes,2026-08-30 13:23:50,3.0,Mon|Tue,evening,1.6,2026-10-31,no,no,0,2,,,0,4,True,False,NYC,False
u_102485,NYC,2026-08-30 13:15:13,paid_social,45-54,es,phone,in_progress,3,2026-09-01 23:38:00,2026-09-06 22:04:00,,2026-09-09 08:01:40,2026-09-08 04:59:57,10,0,yes,2026-08-30 14:39:13,5.0,Mon|Sat|Sun,late_night,2.1,2026-10-18,unsure,no,0,0,,,0,3,True,False,NYC,False
u_101082,NYC,2026-08-30 13:33:58,paid_social,45-54,en,phone,withdrawn,3,2026-08-30 13:41:35,2026-09-03 19:10:00,,2026-09-04 19:08:59,2026-08-30 13:33:58,0,0,yes,2026-08-30 14:19:58,7.0,Mon|Wed|Thu|Fri|Sun,evening,3.6,2026-10-05,yes,no,0,2,,,0,3,True,False,NYC,False
u_105460,Boston,2026-08-30 13:56:04,reentry_org,35-44,es,phone,not_started,0,,,,2026-08-31 01:07:59,2026-08-30 13:56:04,0,0,yes,2026-08-30 15:05:04,5.0,Mon|Tue|Thu,morning,2.5,2026-10-12,yes,yes,0,0,,,0,0,False,False,Boston,False
u_103578,NYC,2026-08-30 13:59:17,reentry_org,18-24,en,phone,in_progress,2,2026-08-30 14:12:15,2026-08-31 12:03:00,,2026-09-01 19:18:06,2026-08-30 13:59:17,0,0,no,,,,,,,,no,0,0,,,0,2,True,False,NYC,False
u_102055,NYC,2026-08-30 18:06:31,reentry_org,25-34,en,tablet,in_progress,12,2026-08-31 12:21:00,2026-09-14 14:45:00,,2026-09-15 00:30:00,2026-09-07 05:57:18,116,40,yes,2026-08-30 18:52:31,7.0,Mon|Tue|Thu|Fri|Sat,afternoon,4.3,2026-10-16,yes,no,0,2,,,0,12,True,False,NYC,False
u_102706,NYC,2026-08-30 19:26:58,reentry_org,35-44,en,phone,in_progress,2,2026-09-05 16:34:00,2026-09-07 12:20:00,,2026-09-08 17:15:46,2026-09-06 21:09:13,6,0,yes,2026-08-30 20:33:58,5.0,Wed|Thu|Sun,afternoon,3.4,2026-10-22,yes,yes,0,0,,,0,2,True,False,NYC,False
u_102722,NYC,2026-08-30 19:34:11,friend_family,18-24,en,tablet,in_progress,10,2026-09-05 11:33:00,2026-09-14 08:48:00,,2026-09-15 01:35:00,2026-09-10 23:44:39,181,140,yes,2026-08-30 19:38:11,3.0,Wed|Sun,morning,1.4,,yes,yes,6,1,,,0,10,True,False,NYC,False
u_101067,NYC,2026-08-30 19:46:07,paid_social,35-44,es,laptop,not_started,0,,,,2026-08-31 16:59:42,2026-08-30 19:46:07,0,0,no,,,,,,,,yes,0,0,,,0,0,False,False,NYC,False
u_103440,NYC,2026-08-30 19:59:44,friend_family,25-34,en,laptop,not_started,0,,,,2026-08-31 23:03:21,2026-08-30 19:59:44,0,0,yes,2026-08-30 20:02:44,3.0,Mon|Sun,late_night,2.1,,yes,no,0,0,,,0,0,False,False,NYC,False
u_105161,Sacramento,2026-08-30 22:27:22,workforce_center,45-54,en,laptop,not_started,0,,,,2026-09-01 10:40:44,2026-08-30 22:27:22,0,0,yes,2026-08-30 23:57:22,10.0,Mon|Tue|Wed|Thu|Fri|Sat|Sun,evening,5.0,2026-10-06,yes,yes,0,0,,,0,0,False,False,Sacramento,False
u_105505,Boston,2026-08-30 23:19:11,workforce_center,25-34,en,tablet,in_progress,1,2026-09-10 21:53:00,2026-09-10 21:53:00,,2026-09-13 21:08:01,2026-09-12 13:47:16,11,6,no,,,,,,,,no,0,0,,,0,1,True,False,Boston,False
u_100887,NYC,2026-08-31 00:35:49,reentry_org,25-34,en,phone,in_progress,1,2026-09-02 13:00:00,2026-09-02 13:00:00,,2026-09-04 02:47:30,2026-09-03 11:41:50,0,0,yes,2026-08-31 01:13:49,5.0,Wed|Thu|Sat,afternoon,3.0,2026-10-21,yes,no,0,0,,,0,1,True,False,NYC,False
u_104928,Sacramento,2026-08-31 01:04:18,paid_social,18-24,en,laptop,not_started,0,,,,2026-09-01 07:20:17,2026-08-31 01:04:18,0,0,yes,2026-08-31 01:58:18,5.0,Tue|Wed|Sat,evening,3.2,,yes,no,0,0,,,0,0,False,False,Sacramento,False
u_102345,NYC,2026-08-31 03:36:06,workforce_center,35-44,en,shared_computer,in_progress,1,2026-09-11 12:48:00,2026-09-11 12:48:00,,2026-09-12 20:44:50,2026-09-05 19:54:38,17,10,yes,2026-08-31 03:57:06,10.0,Mon|Tue|Wed|Thu|Fri|Sat|Sun,afternoon,5.0,2026-09-28,yes,no,0,2,,,0,1,True,False,NYC,False
u_105571,Boston,2026-08-31 03:56:28,workforce_center,55+,en,laptop,not_started,0,,,,2026-09-04 03:59:19,2026-09-03 14:14:20,0,0,yes,2026-08-31 04:56:28,5.0,Wed|Fri|Sat,late_night,3.6,2026-10-10,yes,yes,0,0,,,0,0,False,False,Boston,False
u_103417,NYC,2026-08-31 04:09:09,paid_social,35-44,en,phone,in_progress,1,2026-09-11 22:47:00,2026-09-11 22:47:00,,2026-09-14 20:02:00,2026-09-14 17:26:50,10,5,yes,2026-08-31 05:06:09,7.0,Mon|Wed|Thu|Fri|Sat,late_night,2.8,,yes,no,0,2,,,0,1,True,False,NYC,False
u_102907,NYC,2026-08-31 04:37:33,paid_social,25-34,en,phone,not_started,0,,,,2026-08-31 07:58:19,2026-08-31 04:37:33,0,0,yes,2026-08-31 05:35:33,7.0,Mon|Wed|Thu|Fri|Sun,afternoon,3.4,2026-10-08,no,yes,0,0,,,0,0,False,False,NYC,False
u_100852,NYC,2026-08-31 05:08:55,friend_family,35-44,en,laptop,in_progress,4,2026-09-11 23:14:00,2026-09-13 22:46:00,,2026-09-14 03:13:19,2026-09-08 01:55:09,133,92,no,,,,,,,,no,0,0,,,0,4,True,False,NYC,False
u_101961,NYC,2026-08-31 11:16:10,friend_family,45-54,en,phone,not_started,0,,,,2026-09-01 04:23:28,2026-08-31 11:16:10,0,0,no,,,,,,,,yes,0,0,,,0,0,False,False,NYC,False
u_103713,NYC,2026-08-31 11:44:23,friend_family,45-54,en,tablet,in_progress,20,2026-08-31 12:05:35,2026-09-14 09:03:00,,2026-09-14 17:50:28,2026-09-13 19:49:15,211,114,yes,2026-08-31 12:39:23,7.0,Mon|Tue|Thu|Fri|Sat,morning,4.5,2026-10-10,yes,yes,1,1,,,0,20,True,False,NYC,False
u_104362,Sacramento,2026-08-31 11:49:54,reentry_org,45-54,en,phone,not_started,0,,,,2026-09-01 01:46:20,2026-08-31 11:49:54,0,0,no,,,,,,,,no,0,0,,,0,0,False,False,Sacramento,False
u_102182,NYC,2026-08-31 12:32:38,paid_social,45-54,en,phone,in_progress,3,2026-09-02 16:24:00,2026-09-09 16:11:00,,2026-09-10 10:36:43,2026-09-08 13:13:03,91,0,no,,,,,,,,yes,0,0,,,0,3,True,False,NYC,False
u_101254,NYC,2026-08-31 13:43:35,parole_probation_officer,25-34,en,phone,in_progress,3,2026-08-31 13:59:35,2026-09-06 18:02:00,,2026-09-09 22:20:17,2026-09-06 10:08:56,3,0,yes,2026-08-31 14:48:35,7.0,Tue|Wed|Thu|Fri|Sat,evening,2.9,2026-09-28,unsure,no,0,0,,,0,3,True,False,NYC,False
u_104924,Sacramento,2026-08-31 15:07:13,parole_probation_officer,18-24,en,shared_computer,in_progress,3,2026-08-31 17:27:32,2026-09-05 17:09:00,,2026-09-09 16:03:33,2026-09-09 09:13:46,6,0,no,,,,,,,,no,0,0,,,0,3,True,False,Sacramento,False
u_102711,NYC,2026-08-31 15:13:17,reentry_org,55+,en,phone,not_started,0,,,,2026-09-01 19:51:09,2026-08-31 15:13:17,0,0,yes,2026-08-31 15:38:17,3.0,Wed|Fri,evening,1.3,,yes,yes,0,0,,,0,0,False,False,NYC,False
u_105899,Boston,2026-08-31 17:21:24,workforce_center,25-34,en,phone,not_started,0,,,,2026-09-03 23:24:25,2026-09-01 03:26:28,0,0,no,,,,,,,,yes,0,0,,,0,0,False,False,Boston,False
u_103931,NYC,2026-08-31 20:03:06,reentry_org,25-34,en,phone,in_progress,8,2026-09-06 10:41:00,2026-09-11 11:47:00,,2026-09-13 10:24:52,2026-09-11 02:39:24,188,6,no,,,,,,,,no,0,2,,,0,8,True,False,NYC,False
u_103969,Sacramento,2026-08-31 20:08:23,reentry_org,18-24,en,tablet,in_progress,6,2026-09-02 12:23:00,2026-09-12 16:50:00,,2026-09-12 17:29:35,2026-09-10 20:03:19,99,27,yes,2026-08-31 20:36:23,3.0,Wed|Thu,afternoon,2.7,,yes,no,0,2,,,0,6,True,False,Sacramento,False
u_102912,NYC,2026-08-31 20:14:03,paid_social,35-44,es,phone,not_started,0,,,,2026-09-05 09:28:59,2026-09-04 10:06:24,0,0,no,,,,,,,,yes,0,0,,,0,0,False,False,NYC,False
u_100790,NYC,2026-08-31 20:34:04,reentry_org,45-54,en,phone,not_started,0,,,,2026-09-02 00:04:55,2026-08-31 20:34:04,0,0,yes,2026-08-31 20:51:04,3.0,Thu|Sun,morning,2.4,2026-11-16,no,no,0,0,,,0,0,False,False,NYC,False
u_101789,NYC,2026-09-01 02:23:49,parole_probation_officer,18-24,en,laptop,in_progress,4,2026-09-01 02:46:55,2026-09-13 13:35:00,,2026-09-15 00:55:00,2026-09-08 14:06:34,56,56,yes,2026-09-01 02:46:49,3.0,Mon|Sun,afternoon,2.1,2026-11-13,no,no,0,1,,,0,4,True,False,NYC,False
u_100111,NYC,2026-09-01 03:29:18,workforce_center,35-44,en,phone,not_started,0,,,,2026-09-01 16:00:19,2026-09-01 03:29:18,0,0,no,,,,,,,,no,0,0,,,0,0,False,False,NYC,False
u_104537,Sacramento,2026-09-01 04:03:30,workforce_center,35-44,en,phone,in_progress,3,2026-09-05 21:48:00,2026-09-09 21:46:00,,2026-09-11 01:26:58,2026-09-08 15:58:34,47,0,yes,2026-09-01 04:58:30,5.0,Tue|Wed|Fri,evening,2.6,,unsure,yes,0,1,,,0,3,True,False,Sacramento,False
u_104676,Sacramento,2026-09-01 05:11:10,paid_social,25-34,en,phone,in_progress,2,2026-09-01 06:26:16,2026-09-08 08:18:00,,2026-09-09 00:05:52,2026-09-08 22:53:35,48,0,yes,2026-09-01 06:39:10,10.0,Mon|Tue|Wed|Thu|Fri|Sat|Sun,morning,4.9,,no,no,0,0,,,0,2,True,False,Sacramento,False
u_101255,NYC,2026-09-01 06:59:54,friend_family,45-54,en,phone,in_progress,1,2026-09-01 07:13:05,2026-09-01 07:13:05,,2026-09-04 12:46:25,2026-09-03 20:36:08,0,0,no,,,,,,,,no,0,1,,,0,1,True,False,NYC,False
u_103726,NYC,2026-09-01 11:22:48,reentry_org,25-34,en,laptop,not_started,0,,,,2026-09-01 11:33:15,2026-09-01 11:22:48,0,0,no,,,,,,,,yes,0,0,,,0,0,False,False,NYC,False
u_100461,NYC,2026-09-01 12:03:02,paid_social,18-24,en,laptop,not_started,0,,,,2026-09-06 22:05:47,2026-09-05 07:51:18,0,0,yes,2026-09-01 13:03:02,3.0,Wed|Sun,morning,2.7,2026-11-04,yes,no,0,0,,,0,0,False,False,NYC,False
u_101998,NYC,2026-09-01 13:53:04,friend_family,45-54,es,phone,in_progress,3,2026-09-01 13:59:39,2026-09-12 23:23:00,,2026-09-13 05:25:17,2026-09-12 17:20:45,50,50,yes,2026-09-01 14:28:04,3.0,Mon|Sat,late_night,1.6,2026-11-04,unsure,no,0,0,,,0,3,True,False,NYC,False
u_104593,Sacramento,2026-09-01 15:20:03,paid_social,25-34,es,phone,not_started,0,,,,2026-09-02 23:01:31,2026-09-01 15:20:03,0,0,yes,2026-09-01 15:43:03,3.0,Sat|Sun,afternoon,1.3,2026-11-09,no,no,0,0,,,0,0,False,False,Sacramento,False
u_101623,NYC,2026-09-01 15:23:52,friend_family,25-34,en,laptop,in_progress,3,2026-09-06 23:19:00,2026-09-11 23:10:00,,2026-09-13 20:22:34,2026-09-01 15:23:52,105,7,yes,2026-09-01 16:18:52,5.0,Tue|Sat|Sun,late_night,2.0,2026-10-25,yes,yes,2,1,,,0,3,True,False,NYC,False
u_105334,Sacramento,2026-09-01 15:28:07,paid_social,18-24,es,phone,not_started,0,,,,2026-09-02 18:59:02,2026-09-01 15:28:07,0,0,yes,2026-09-01 15:51:07,5.0,Mon|Sat|Sun,evening,3.4,2026-10-28,no,no,0,0,,,0,0,False,False,Sacramento,False
u_105461,Boston,2026-09-01 18:43:15,reentry_org,25-34,en,phone,withdrawn,3,2026-09-02 22:09:00,2026-09-04 22:50:00,,2026-09-05 07:46:19,2026-09-01 18:43:15,0,0,yes,2026-09-01 19:59:15,5.0,Thu|Sat|Sun,late_night,3.3,,no,no,0,0,,,0,3,True,False,Boston,False
u_102127,NYC,2026-09-01 21:17:42,workforce_center,35-44,en,phone,not_started,0,,,,2026-09-04 05:11:18,2026-09-01 21:17:42,0,0,no,,,,,,,,no,0,0,,,0,0,False,False,NYC,False
u_100235,NYC,2026-09-01 21:46:24,paid_social,25-34,es,phone,not_started,0,,,,2026-09-03 03:07:31,2026-09-01 21:46:24,0,0,yes,2026-09-01 21:53:24,7.0,Tue|Wed|Thu|Fri|Sun,late_night,3.6,2026-10-03,yes,no,0,0,,,0,0,False,False,NYC,False
u_100308,NYC,2026-09-01 22:32:31,parole_probation_officer,25-34,en,phone,in_progress,1,2026-09-01 22:52:36,2026-09-01 22:52:36,,2026-09-06 20:02:13,2026-09-04 10:06:30,0,0,no,,,,,,,,no,0,0,,,0,1,True,False,NYC,False
u_104089,Sacramento,2026-09-01 23:08:29,paid_social,18-24,en,phone,not_started,0,,,,2026-09-02 12:02:52,2026-09-01 23:08:29,0,0,yes,2026-09-01 23:20:29,3.0,Sat|Sun,afternoon,1.9,2026-11-04,yes,no,0,0,,,0,0,False,False,Sacramento,False
u_101513,NYC,2026-09-01 23:30:24,parole_probation_officer,18-24,en,phone,in_progress,2,2026-09-04 09:05:00,2026-09-08 07:44:00,,2026-09-15 02:39:00,2026-09-11 12:45:27,43,10,no,,,,,,,,yes,3,0,,,0,2,True,False,NYC,False
u_101139,NYC,2026-09-01 23:31:50,reentry_org,25-34,en,phone,not_started,0,,,,2026-09-05 19:11:00,2026-09-01 23:31:50,0,0,yes,2026-09-02 00:17:50,7.0,Tue|Wed|Thu|Fri|Sun,morning,4.3,2026-10-09,yes,no,0,0,,,0,0,False,False,NYC,False
u_102428,NYC,2026-09-02 00:39:40,paid_social,18-24,es,phone,in_progress,1,2026-09-02 02:00:59,2026-09-02 02:00:59,,2026-09-03 05:50:58,2026-09-02 00:39:40,0,0,yes,2026-09-02 01:52:40,7.0,Tue|Wed|Fri|Sat|Sun,evening,4.1,,yes,no,0,0,,,0,1,True,False,NYC,False
u_104515,Sacramento,2026-09-02 00:54:01,friend_family,25-34,en,phone,not_started,0,,,,2026-09-04 08:48:07,2026-09-03 08:43:25,0,0,yes,2026-09-02 01:48:01,3.0,Fri|Sun,afternoon,2.2,2026-11-08,no,no,0,0,,,0,0,False,False,Sacramento,False
u_105695,Boston,2026-09-02 01:27:09,parole_probation_officer,55+,en,phone,not_started,0,,,,2026-09-03 11:56:07,2026-09-02 01:27:09,0,0,yes,2026-09-02 02:13:09,10.0,Mon|Tue|Wed|Thu|Fri|Sat|Sun,evening,5.3,,unsure,yes,0,0,,,0,0,False,False,Boston,False
u_103097,NYC,2026-09-02 04:49:54,paid_social,18-24,es,phone,not_started,0,,,,2026-09-03 21:11:27,2026-09-02 04:49:54,0,0,no,,,,,,,,no,0,0,,,0,0,False,False,NYC,False
u_105758,Boston,2026-09-02 08:08:58,friend_family,18-24,es,phone,in_progress,15,2026-09-02 08:34:57,2026-09-14 08:18:00,,2026-09-15 05:25:00,2026-09-06 22:42:53,165,85,no,,,,,,,,yes,0,1,,,0,15,True,False,Boston,False
u_101896,NYC,2026-09-02 11:05:47,workforce_center,45-54,en,phone,not_started,0,,,,2026-09-04 09:13:10,2026-09-02 11:05:47,0,0,yes,2026-09-02 12:20:47,3.0,Fri|Sat,evening,2.8,2026-10-31,yes,no,0,0,,,0,0,False,False,NYC,False
u_102742,NYC,2026-09-02 11:13:14,reentry_org,25-34,en,laptop,not_started,0,,,,2026-09-11 05:40:17,2026-09-05 12:29:26,8,0,yes,2026-09-02 12:32:14,3.0,Tue|Sun,evening,2.2,2026-10-29,yes,yes,0,0,,,0,0,False,False,NYC,False
u_103559,NYC,2026-09-02 11:33:55,workforce_center,18-24,en,phone,in_progress,2,2026-09-03 20:19:00,2026-09-13 21:25:00,,2026-09-14 22:51:00,2026-09-14 04:22:28,30,30,no,,,,,,,,no,0,0,,,0,2,True,False,NYC,False
u_104804,Sacramento,2026-09-02 12:53:27,parole_probation_officer,25-34,en,phone,in_progress,5,2026-09-02 15:43:46,2026-09-14 22:01:00,,2026-09-15 02:11:00,2026-09-12 20:14:59,65,37,yes,2026-09-02 14:21:27,7.0,Mon|Tue|Thu|Fri|Sat,late_night,4.4,,yes,yes,1,1,,,0,5,True,False,Sacramento,False
u_104336,Sacramento,2026-09-02 13:47:57,paid_social,18-24,en,phone,in_progress,1,2026-09-02 14:02:35,2026-09-02 14:02:35,,2026-09-03 03:55:05,2026-09-02 13:47:57,0,0,no,,,,,,,,yes,6,1,,,0,1,True,False,Sacramento,False
u_104098,Sacramento,2026-09-02 16:31:38,workforce_center,25-34,en,shared_computer,in_progress,1,2026-09-08 18:37:00,2026-09-08 18:37:00,,2026-09-12 18:51:34,2026-09-06 05:44:55,17,7,yes,2026-09-02 16:44:38,7.0,Mon|Tue|Thu|Sat|Sun,evening,4.3,,no,yes,6,1,,,0,1,True,False,Sacramento,False
u_100329,NYC,2026-09-02 16:41:56,workforce_center,18-24,es,phone,in_progress,3,2026-09-05 23:29:00,2026-09-08 22:40:00,,2026-09-11 03:09:40,2026-09-07 19:11:19,55,68,yes,2026-09-02 17:19:56,5.0,Thu|Fri|Sun,late_night,2.5,,yes,yes,2,0,,,0,3,True,False,NYC,True
u_105261,Sacramento,2026-09-02 16:54:28,paid_social,35-44,en,phone,not_started,0,,,,2026-09-04 15:47:39,2026-09-04 02:20:39,0,0,yes,2026-09-02 18:09:28,3.0,Mon|Fri,morning,1.5,2026-11-15,yes,yes,0,0,,,0,0,False,False,Sacramento,False
u_102293,NYC,2026-09-02 18:12:45,workforce_center,25-34,en,laptop,withdrawn,0,,,,2026-09-02 23:59:40,2026-09-02 18:12:45,0,0,yes,2026-09-02 19:37:45,5.0,Tue|Wed|Thu,afternoon,2.0,2026-10-21,yes,no,0,0,,,0,0,False,False,NYC,False
u_105344,Sacramento,2026-09-02 18:48:00,friend_family,35-44,en,laptop,not_started,0,,,,2026-09-07 06:47:24,2026-09-04 08:24:08,0,0,no,,,,,,,,no,0,0,,,0,0,False,False,Sacramento,False
u_102992,NYC,2026-09-02 19:16:34,paid_social,35-44,en,laptop,in_progress,2,2026-09-02 19:31:42,2026-09-03 18:27:00,,2026-09-05 13:45:13,2026-09-02 19:16:34,0,0,yes,2026-09-02 20:40:34,5.0,Mon|Tue|Sat,evening,2.1,2026-10-15,yes,no,0,0,,,0,2,True,False,NYC,False
u_103241,NYC,2026-09-02 19:50:24,paid_social,35-44,en,shared_computer,in_progress,4,2026-09-02 22:07:55,2026-09-09 20:46:00,,2026-09-13 16:11:51,2026-09-09 08:36:03,127,10,yes,2026-09-02 20:00:24,10.0,Mon|Tue|Wed|Thu|Fri|Sat|Sun,evening,5.5,2026-09-23,yes,no,0,1,,,0,4,True,False,NYC,False
u_103984,Sacramento,2026-09-02 21:04:11,parole_probation_officer,35-44,en,phone,in_progress,1,2026-09-05 17:42:00,2026-09-05 17:42:00,,2026-09-08 07:48:26,2026-09-06 03:56:27,7,0,yes,2026-09-02 21:39:11,7.0,Mon|Wed|Thu|Fri|Sat,evening,3.3,2026-10-14,yes,yes,4,2,,,0,1,True,False,Sacramento,False
u_102968,NYC,2026-09-02 21:57:07,friend_family,45-54,en,phone,in_progress,2,2026-09-05 23:52:00,2026-09-11 23:19:00,,2026-09-14 10:20:32,2026-09-13 03:29:01,44,8,yes,2026-09-02 23:04:07,3.0,Thu|Sat,late_night,2.8,2026-11-06,no,no,0,1,,,0,2,True,False,NYC,False
u_102539,NYC,2026-09-03 00:26:00,workforce_center,35-44,en,shared_computer,not_started,0,,,,2026-09-04 08:53:49,2026-09-03 00:26:00,0,0,no,,,,,,,,yes,0,0,,,0,0,False,False,NYC,False
u_104200,Sacramento,2026-09-03 04:04:16,paid_social,35-44,en,shared_computer,not_started,0,,,,2026-09-03 19:45:55,2026-09-03 04:04:16,0,0,yes,2026-09-03 04:17:16,3.0,Wed|Thu,late_night,2.2,2026-11-06,yes,no,0,0,,,0,0,False,False,Sacramento,False
u_100284,NYC,2026-09-03 05:41:41,workforce_center,35-44,en,phone,not_started,0,,,,2026-09-03 19:29:23,2026-09-03 05:41:41,0,0,no,,,,,,,,no,0,0,,,0,0,False,False,NYC,False
u_100761,NYC,2026-09-03 09:12:50,reentry_org,18-24,en,phone,in_progress,3,2026-09-03 10:14:11,2026-09-05 21:23:00,,2026-09-08 12:59:56,2026-09-07 12:55:13,4,0,yes,2026-09-03 10:19:50,3.0,Tue|Thu,evening,2.7,2026-11-01,yes,yes,0,0,,,0,3,True,False,NYC,False
u_102146,NYC,2026-09-03 09:39:11,reentry_org,35-44,es,shared_computer,in_progress,3,2026-09-03 10:13:16,2026-09-14 20:43:00,,2026-09-14 23:59:00,2026-09-11 05:27:51,54,54,no,,,,,,,,yes,0,0,,,0,3,True,False,NYC,False
u_101967,NYC,2026-09-03 10:51:02,reentry_org,45-54,en,phone,in_progress,6,2026-09-03 11:02:43,2026-09-13 15:37:00,,2026-09-14 21:08:46,2026-09-12 08:31:03,64,47,yes,2026-09-03 11:59:02,3.0,Tue|Fri,afternoon,1.6,2026-11-15,unsure,yes,0,3,,,0,6,True,False,NYC,False
u_101022,NYC,2026-09-03 11:44:51,parole_probation_officer,35-44,en,phone,not_started,0,,,,2026-09-04 00:32:37,2026-09-03 11:44:51,0,0,no,,,,,,,,no,0,0,,,0,0,False,False,NYC,False
u_104624,Sacramento,2026-09-03 11:57:15,reentry_org,25-34,en,laptop,in_progress,3,2026-09-03 12:41:49,2026-09-10 15:56:00,,2026-09-13 06:01:06,2026-09-08 15:55:33,91,106,yes,2026-09-03 13:00:15,10.0,Mon|Tue|Wed|Thu|Fri|Sat|Sun,afternoon,5.2,2026-10-11,yes,no,0,1,,,0,3,True,False,Sacramento,True
u_102130,NYC,2026-09-03 13:12:11,friend_family,35-44,en,laptop,in_progress,6,2026-09-03 15:53:12,2026-09-14 16:18:00,,2026-09-14 20:22:00,2026-09-08 23:28:59,107,132,yes,2026-09-03 13:26:11,10.0,Mon|Tue|Wed|Thu|Fri|Sat|Sun,afternoon,4.9,,yes,no,0,1,,,0,6,True,False,NYC,True
u_101305,NYC,2026-09-03 14:51:18,paid_social,35-44,en,phone,not_started,0,,,,2026-09-04 02:37:18,2026-09-03 14:51:18,0,0,yes,2026-09-03 15:50:18,3.0,Sat|Sun,evening,1.5,2026-11-15,unsure,no,0,0,,,0,0,False,False,NYC,False
u_100519,NYC,2026-09-03 17:15:56,friend_family,55+,en,phone,in_progress,1,2026-09-07 13:35:00,2026-09-07 13:35:00,,2026-09-11 15:53:55,2026-09-11 11:48:16,11,0,yes,2026-09-03 17:26:56,5.0,Tue|Wed|Thu,afternoon,3.6,,no,no,0,1,,,0,1,True,False,NYC,False
u_102068,NYC,2026-09-03 18:05:11,friend_family,18-24,en,laptop,in_progress,4,2026-09-03 18:26:57,2026-09-13 08:27:00,,2026-09-13 15:26:19,2026-09-12 18:14:08,88,47,yes,2026-09-03 18:20:11,3.0,Tue|Sun,morning,2.6,2026-11-14,yes,yes,1,2,,,0,4,True,False,NYC,False
u_100154,NYC,2026-09-04 01:21:41,workforce_center,25-34,en,phone,in_progress,4,2026-09-04 19:14:02,2026-09-11 18:40:00,,2026-09-15 01:47:00,2026-09-12 13:07:23,106,9,yes,2026-09-04 01:39:41,7.0,Mon|Wed|Fri|Sat|Sun,evening,3.3,2026-10-11,yes,no,0,1,,,0,4,True,False,NYC,False
u_104967,Sacramento,2026-09-04 01:29:11,reentry_org,25-34,en,phone,not_started,0,,,,2026-09-05 09:27:37,2026-09-04 01:29:11,0,0,no,,,,,,,,yes,0,0,,,0,0,False,False,Sacramento,False
u_100796,NYC,2026-09-04 02:39:39,workforce_center,18-24,en,tablet,not_started,0,,,,2026-09-04 08:40:01,2026-09-04 02:39:39,0,0,no,,,,,,,,no,0,0,,,0,0,False,False,NYC,False
u_101244,NYC,2026-09-04 03:59:35,paid_social,55+,en,phone,not_started,0,,,,2026-09-05 06:12:04,2026-09-04 03:59:35,0,0,yes,2026-09-04 04:16:35,3.0,Wed|Fri,afternoon,2.4,2026-11-15,yes,yes,0,0,,,0,0,False,False,NYC,False
u_100609,NYC,2026-09-04 04:52:33,workforce_center,18-24,en,laptop,in_progress,5,2026-09-04 05:01:11,2026-09-14 17:25:00,,2026-09-15 02:39:00,2026-09-06 06:55:07,111,30,yes,2026-09-04 05:10:33,5.0,Mon|Tue|Fri,evening,3.6,2026-10-11,yes,no,0,3,,,0,5,True,False,NYC,False
u_105022,Sacramento,2026-09-04 12:14:24,paid_social,25-34,en,phone,in_progress,4,2026-09-06 12:22:00,2026-09-14 15:05:00,,2026-09-15 02:50:00,2026-09-08 18:56:51,143,44,yes,2026-09-04 13:05:24,10.0,Mon|Tue|Wed|Thu|Fri|Sat|Sun,afternoon,5.8,2026-10-12,no,no,0,1,,,0,4,True,False,Sacramento,False
u_103677,NYC,2026-09-04 13:21:02,paid_social,35-44,en,phone,not_started,0,,,,2026-09-05 08:59:58,2026-09-04 13:21:02,0,0,yes,2026-09-04 14:51:02,3.0,Wed|Sun,morning,1.2,2026-10-30,yes,no,0,0,,,0,0,False,False,NYC,False
u_103191,NYC,2026-09-04 13:51:14,parole_probation_officer,45-54,en,shared_computer,in_progress,2,2026-09-04 13:57:36,2026-09-11 22:03:00,,2026-09-11 23:59:41,2026-09-09 17:00:42,35,62,no,,,,,,,,yes,1,1,,,0,2,True,False,NYC,True
u_103963,NYC,2026-09-04 14:42:54,reentry_org,35-44,es,phone,not_started,0,,,,2026-09-04 15:37:11,2026-09-04 14:42:54,0,0,yes,2026-09-04 15:49:54,3.0,Mon|Wed,evening,2.1,,yes,no,0,0,,,0,0,False,False,NYC,False
u_103332,NYC,2026-09-04 16:34:54,paid_social,55+,en,laptop,in_progress,3,2026-09-05 15:03:00,2026-09-10 12:23:00,,2026-09-10 12:43:00,2026-09-08 17:18:05,86,0,yes,2026-09-04 17:50:54,5.0,Mon|Wed|Fri,afternoon,3.1,2026-10-11,unsure,no,0,0,,,0,3,True,False,NYC,False
u_101826,NYC,2026-09-04 18:41:06,reentry_org,25-34,en,shared_computer,not_started,0,,,,2026-09-06 12:57:36,2026-09-05 08:20:27,0,0,no,,,,,,,,no,0,0,,,0,0,False,False,NYC,False
u_102221,NYC,2026-09-05 01:24:44,paid_social,25-34,en,phone,not_started,0,,,,2026-09-05 12:57:43,2026-09-05 01:24:44,0,0,yes,2026-09-05 02:00:44,5.0,Mon|Tue|Sun,afternoon,2.0,2026-10-23,yes,yes,0,0,,,0,0,False,False,NYC,False
u_102642,NYC,2026-09-05 02:13:48,reentry_org,45-54,en,laptop,not_started,0,,,,2026-09-07 01:42:55,2026-09-05 02:13:48,0,0,yes,2026-09-05 02:41:48,3.0,Tue|Sat,morning,0.9,2026-11-18,unsure,yes,0,0,,,0,0,False,False,NYC,False
u_102097,NYC,2026-09-05 04:59:25,paid_social,45-54,en,phone,not_started,0,,,,2026-09-06 02:57:50,2026-09-05 04:59:25,0,0,yes,2026-09-05 05:33:25,3.0,Sat|Sun,morning,1.1,,unsure,no,0,0,,,0,0,False,False,NYC,False
u_101285,NYC,2026-09-05 07:11:57,reentry_org,25-34,en,phone,in_progress,3,2026-09-06 17:16:00,2026-09-13 18:24:00,,2026-09-14 01:41:58,2026-09-08 12:28:28,63,60,yes,2026-09-05 08:07:57,3.0,Mon|Sat,evening,1.2,2026-11-11,yes,no,0,1,,,0,3,True,False,NYC,False
u_105629,Boston,2026-09-05 07:41:44,workforce_center,45-54,en,phone,not_started,0,,,,2026-09-05 17:39:41,2026-09-05 07:41:44,0,0,yes,2026-09-05 08:54:44,10.0,Mon|Tue|Wed|Thu|Fri|Sat|Sun,morning,4.4,2026-09-26,no,no,0,0,,,0,0,False,False,Boston,False
u_101129,NYC,2026-09-05 09:12:16,friend_family,25-34,en,laptop,in_progress,3,2026-09-05 09:19:53,2026-09-14 16:20:00,,2026-09-14 22:36:00,2026-09-11 21:21:34,90,49,yes,2026-09-05 09:57:16,5.0,Mon|Tue|Fri,afternoon,3.4,2026-10-20,yes,no,0,1,,,0,3,True,False,NYC,False
u_104225,Sacramento,2026-09-05 11:56:07,reentry_org,55+,es,phone,in_progress,10,2026-09-05 12:07:13,2026-09-14 08:13:00,,2026-09-15 02:58:00,2026-09-05 11:56:07,216,128,no,,,,,,,,no,0,2,,,0,10,True,False,Sacramento,False
u_100029,NYC,2026-09-05 12:42:06,reentry_org,25-34,es,phone,not_started,0,,,,2026-09-06 08:25:34,2026-09-05 12:42:06,0,0,yes,2026-09-05 13:30:06,5.0,Wed|Fri|Sun,morning,1.8,2026-10-29,yes,yes,0,0,,,0,0,False,False,NYC,False
u_101557,NYC,2026-09-05 13:05:14,reentry_org,35-44,en,phone,in_progress,9,2026-09-05 13:13:27,2026-09-14 19:58:00,,2026-09-15 05:20:00,2026-09-13 05:48:07,201,68,yes,2026-09-05 13:59:14,7.0,Mon|Tue|Wed|Thu|Fri,evening,3.1,2026-10-13,yes,yes,6,1,,,0,9,True,False,NYC,False
u_103576,NYC,2026-09-05 14:26:24,workforce_center,25-34,en,shared_computer,in_progress,3,2026-09-06 10:28:00,2026-09-10 11:57:00,,2026-09-12 19:43:49,2026-09-05 14:26:24,97,11,yes,2026-09-05 14:59:24,3.0,Tue|Fri,morning,2.5,2026-11-13,no,no,0,1,,,0,3,True,False,NYC,False
u_100046,NYC,2026-09-05 18:49:12,friend_family,25-34,en,phone,in_progress,1,2026-09-11 17:41:00,2026-09-11 17:41:00,,2026-09-12 03:40:51,2026-09-11 05:57:18,21,0,no,,,,,,,,no,0,0,,,0,1,True,False,NYC,False
u_104917,Sacramento,2026-09-06 02:03:16,paid_social,25-34,en,phone,in_progress,3,2026-09-06 02:12:08,2026-09-09 11:47:00,,2026-09-11 05:20:07,2026-09-06 02:03:16,107,0,yes,2026-09-06 02:10:16,3.0,Tue|Wed,morning,1.1,2026-11-22,yes,no,0,0,,,0,3,True,False,Sacramento,False
u_105356,Sacramento,2026-09-06 03:04:58,parole_probation_officer,45-54,es,phone,not_started,0,,,,2026-09-06 08:02:52,2026-09-06 03:04:58,0,0,yes,2026-09-06 04:33:58,5.0,Mon|Tue|Sun,afternoon,2.8,2026-10-31,unsure,no,0,0,,,0,0,False,False,Sacramento,False
u_100739,NYC,2026-09-06 04:08:26,paid_social,25-34,en,phone,not_started,0,,,,2026-09-09 02:14:09,2026-09-06 04:08:26,6,0,no,,,,,,,,no,0,0,,,0,0,False,False,NYC,False
u_104894,Sacramento,2026-09-06 04:56:42,reentry_org,35-44,en,phone,not_started,0,,,,2026-09-07 03:20:54,2026-09-06 04:56:42,0,0,yes,2026-09-06 06:20:42,5.0,Mon|Wed|Sun,afternoon,3.3,,yes,no,0,0,,,0,0,False,False,Sacramento,False
u_100258,NYC,2026-09-06 05:32:37,reentry_org,35-44,en,laptop,in_progress,1,2026-09-06 05:43:56,2026-09-06 05:43:56,,2026-09-08 11:20:03,2026-09-06 05:32:37,9,0,no,,,,,,,,no,0,2,,,0,1,True,False,NYC,False
u_104193,Sacramento,2026-09-06 06:10:30,parole_probation_officer,18-24,en,phone,in_progress,3,2026-09-06 06:26:36,2026-09-12 21:00:00,,2026-09-15 00:40:00,2026-09-12 21:23:35,76,59,yes,2026-09-06 06:49:30,3.0,Mon|Fri,evening,1.1,2026-11-01,yes,no,0,1,,,0,3,True,False,Sacramento,False
u_103423,NYC,2026-09-06 06:26:26,friend_family,45-54,en,phone,in_progress,3,2026-09-06 08:16:10,2026-09-11 18:29:00,,2026-09-14 03:45:54,2026-09-06 06:26:26,71,3,no,,,,,,,,yes,0,1,,,0,3,True,False,NYC,False
u_103646,New York,2026-09-06 09:43:10,parole_probation_officer,45-54,en,phone,not_started,0,,,,2026-09-07 04:36:59,2026-09-06 09:43:10,0,0,yes,2026-09-06 10:20:10,5.0,Wed|Fri|Sun,afternoon,2.8,,no,yes,0,0,,,0,0,False,False,NYC,False
u_104373,Sacramento,2026-09-06 11:19:26,reentry_org,25-34,en,phone,not_started,0,,,,2026-09-06 19:42:05,2026-09-06 11:35:44,0,0,yes,2026-09-06 12:45:26,5.0,Wed|Thu|Sat,evening,3.4,2026-10-13,yes,yes,0,0,,,0,0,False,False,Sacramento,False
u_102591,NYC,2026-09-06 16:28:38,paid_social,55+,en,phone,in_progress,2,2026-09-06 19:26:43,2026-09-09 20:16:00,,2026-09-10 10:33:04,2026-09-06 16:28:38,43,0,yes,2026-09-06 16:43:38,5.0,Tue|Wed|Fri,evening,3.7,2026-10-31,yes,no,0,2,,,0,2,True,False,NYC,False
u_102698,NYC,2026-09-06 16:38:42,reentry_org,18-24,en,phone,in_progress,2,2026-09-10 11:13:00,2026-09-10 16:28:40,,2026-09-12 23:52:33,2026-09-10 01:44:40,54,4,no,,,,,,,,yes,0,0,,,0,2,True,False,NYC,False
u_102901,NYC,2026-09-06 16:52:52,reentry_org,35-44,en,phone,not_started,0,,,,2026-09-06 23:33:37,2026-09-06 16:52:52,0,0,yes,2026-09-06 17:45:52,7.0,Mon|Tue|Wed|Fri|Sun,afternoon,4.1,2026-10-17,yes,no,0,0,,,0,0,False,False,NYC,False
u_104101,Sacramento,2026-09-06 17:04:44,workforce_center,25-34,en,tablet,in_progress,1,2026-09-06 18:53:04,2026-09-06 18:53:04,,2026-09-10 08:31:53,2026-09-07 17:08:06,1,0,no,,,,,,,,no,0,2,,,0,1,True,False,Sacramento,False
u_103459,NYC,2026-09-06 20:57:51,friend_family,25-34,en,laptop,in_progress,2,2026-09-06 23:36:15,2026-09-09 21:59:00,,2026-09-10 16:17:58,2026-09-09 05:11:44,41,0,no,,,,,,,,no,0,1,,,0,2,True,False,NYC,False
u_104757,Sacramento,2026-09-06 21:02:37,reentry_org,45-54,en,phone,in_progress,2,2026-09-06 21:22:02,2026-09-14 10:00:00,,2026-09-15 00:48:00,2026-09-06 21:02:37,41,35,yes,2026-09-06 21:52:37,7.0,Mon|Tue|Thu|Sat|Sun,morning,3.0,2026-10-13,yes,no,0,0,,,0,2,True,False,Sacramento,False
u_102892,NYC,2026-09-06 21:09:30,workforce_center,25-34,en,tablet,in_progress,7,2026-09-06 21:46:54,2026-09-14 09:54:00,,2026-09-15 05:20:48,2026-09-13 14:59:47,205,137,yes,2026-09-06 21:49:30,7.0,Mon|Tue|Wed|Fri|Sat,morning,3.5,2026-10-23,unsure,yes,0,1,,,0,7,True,False,NYC,False
u_101002,NYC,2026-09-06 21:15:57,paid_social,45-54,en,phone,in_progress,1,2026-09-12 07:32:00,2026-09-12 07:32:00,,2026-09-15 01:19:00,2026-09-12 08:33:46,20,12,no,,,,,,,,no,0,1,,,0,1,True,False,NYC,False
u_104856,Sacramento,2026-09-07 04:22:59,reentry_org,45-54,en,phone,in_progress,2,2026-09-08 23:55:00,2026-09-10 22:01:00,,2026-09-13 05:51:09,2026-09-07 04:22:59,52,11,yes,2026-09-07 05:06:59,7.0,Wed|Thu|Fri|Sat|Sun,late_night,3.0,2026-10-25,yes,no,0,1,,,0,2,True,False,Sacramento,False
u_101458,NYC,2026-09-07 09:09:41,workforce_center,25-34,en,phone,in_progress,2,2026-09-13 21:01:00,2026-09-13 20:24:00,,2026-09-14 23:40:00,2026-09-13 05:27:02,43,36,yes,2026-09-07 09:38:41,5.0,Mon|Thu|Sun,evening,3.4,2026-10-30,unsure,no,0,0,,,0,2,True,False,NYC,False
u_103730,NYC,2026-09-07 09:10:01,workforce_center,35-44,en,phone,in_progress,2,2026-09-07 09:22:23,2026-09-11 07:54:00,,2026-09-11 20:02:24,2026-09-07 09:10:01,37,0,yes,2026-09-07 09:21:01,5.0,Wed|Sat|Sun,morning,2.4,2026-10-16,no,no,0,1,,,0,2,True,False,NYC,False
u_100472,NYC,2026-09-07 11:56:52,parole_probation_officer,25-34,en,phone,in_progress,3,2026-09-07 14:39:34,2026-09-13 18:31:00,,2026-09-15 05:39:00,2026-09-09 11:28:45,76,55,yes,2026-09-07 12:24:52,3.0,Tue|Thu,evening,2.0,,no,yes,3,2,,,0,3,True,False,NYC,False
u_101782,NYC,2026-09-07 12:20:13,paid_social,35-44,en,phone,not_started,0,,,,2026-09-10 04:30:02,2026-09-07 12:20:13,11,0,yes,2026-09-07 13:17:13,3.0,Sat|Sun,late_night,1.3,,yes,yes,0,0,,,0,0,False,False,NYC,False
u_101694,NYC,2026-09-07 14:53:44,reentry_org,18-24,en,phone,not_started,0,,,,2026-09-07 15:23:01,2026-09-07 14:53:44,0,0,yes,2026-09-07 15:44:44,5.0,Tue|Thu|Sat,morning,2.9,2026-11-02,yes,yes,0,0,,,0,0,False,False,NYC,False
u_101845,NYC,2026-09-07 15:57:25,reentry_org,35-44,en,laptop,in_progress,3,2026-09-13 23:58:00,2026-09-14 22:08:00,,2026-09-15 02:36:00,2026-09-07 15:57:25,99,135,yes,2026-09-07 16:42:25,7.0,Tue|Wed|Thu|Fri|Sun,late_night,2.9,2026-10-24,unsure,no,0,0,,,0,3,True,False,NYC,True
u_105593,Boston,2026-09-07 16:28:27,paid_social,25-34,es,phone,not_started,0,,,,2026-09-09 06:36:29,2026-09-07 21:41:55,9,0,yes,2026-09-07 16:52:27,5.0,Mon|Wed|Sun,morning,2.3,,yes,no,0,0,,,0,0,False,False,Boston,False
u_101843,NYC,2026-09-07 16:55:36,parole_probation_officer,35-44,en,phone,not_started,0,,,,2026-09-07 20:15:12,2026-09-07 16:55:36,0,0,yes,2026-09-07 17:28:36,3.0,Mon|Sat,evening,1.7,2026-11-02,yes,no,0,0,,,0,0,False,False,NYC,False
u_101900,NYC,2026-09-07 17:13:26,reentry_org,45-54,es,phone,not_started,0,,,,2026-09-08 16:20:14,2026-09-07 17:13:26,11,0,yes,2026-09-07 17:27:26,3.0,Mon|Wed,evening,2.7,,no,no,0,0,,,0,0,False,False,NYC,False
u_105763,Boston,2026-09-07 17:35:05,paid_social,25-34,en,laptop,in_progress,5,2026-09-07 17:51:39,2026-09-12 06:27:00,,2026-09-13 13:19:21,2026-09-13 03:39:26,166,43,no,,,,,,,,no,0,1,,,0,5,True,False,Boston,False
u_102514,NYC,2026-09-07 17:54:40,paid_social,35-44,en,laptop,not_started,0,,,,2026-09-09 15:46:03,2026-09-07 17:54:40,9,0,yes,2026-09-07 19:21:40,7.0,Mon|Tue|Wed|Thu|Sat,evening,3.2,,unsure,no,0,0,,,0,0,False,False,NYC,False
u_103816,NYC,2026-09-07 18:04:48,friend_family,55+,en,laptop,not_started,0,,,,2026-09-08 07:36:18,2026-09-07 18:04:48,3,0,yes,2026-09-07 18:13:48,10.0,Mon|Tue|Wed|Thu|Fri|Sat|Sun,evening,5.7,2026-10-07,yes,yes,0,0,,,0,0,False,False,NYC,False
u_105322,Sacramento,2026-09-07 19:35:47,paid_social,25-34,en,phone,in_progress,3,2026-09-07 20:10:38,2026-09-09 21:11:00,,2026-09-14 23:50:04,2026-09-12 00:09:22,96,2,yes,2026-09-07 20:41:47,7.0,Mon|Tue|Wed|Sat|Sun,evening,3.2,2026-10-10,no,no,0,0,,,0,3,True,False,Sacramento,False
u_104189,Sacramento,2026-09-07 21:22:05,paid_social,18-24,es,laptop,in_progress,1,2026-09-09 22:16:00,2026-09-09 22:16:00,,2026-09-14 23:21:00,2026-09-14 03:35:45,12,2,no,,,,,,,,no,0,0,,,0,1,True,False,Sacramento,False
u_100508,NYC,2026-09-07 22:01:45,friend_family,18-24,en,phone,not_started,0,,,,2026-09-10 05:29:06,2026-09-09 09:22:49,4,0,no,,,,,,,,yes,0,0,,,0,0,False,False,NYC,False
u_101649,NYC,2026-09-07 23:10:10,paid_social,25-34,en,laptop,in_progress,1,2026-09-07 23:26:04,2026-09-07 23:26:04,,2026-09-14 04:46:45,2026-09-07 23:10:10,3,3,no,,,,,,,,no,0,1,,,0,1,True,False,NYC,False
u_103513,NYC,2026-09-08 00:38:14,workforce_center,35-44,en,phone,in_progress,2,2026-09-09 10:15:00,2026-09-10 08:39:00,,2026-09-11 04:14:06,2026-09-08 22:08:36,49,0,no,,,,,,,,yes,6,0,,,0,2,True,False,NYC,False
u_103662,NYC,2026-09-08 01:00:21,paid_social,35-44,en,laptop,in_progress,3,2026-09-08 01:41:27,2026-09-13 20:42:00,,2026-09-15 04:01:00,2026-09-14 14:04:47,92,66,yes,2026-09-08 02:30:21,3.0,Tue|Fri,evening,2.2,2026-11-10,no,no,0,0,,,0,3,True,False,NYC,False
u_105394,Sacramento,2026-09-08 01:45:39,workforce_center,45-54,en,tablet,in_progress,9,2026-09-08 02:13:11,2026-09-14 13:30:00,,2026-09-15 00:36:00,2026-09-11 06:10:16,236,37,no,,,,,,,,yes,0,1,,,0,9,True,False,Sacramento,False
u_104441,Sacramento,2026-09-08 02:07:57,paid_social,25-34,en,phone,in_progress,2,2026-09-08 04:42:32,2026-09-09 23:11:00,,2026-09-12 19:51:49,2026-09-08 06:29:55,46,7,no,,,,,,,,no,0,1,,,0,2,True,False,Sacramento,False
u_101958,NYC,2026-09-08 02:45:34,parole_probation_officer,35-44,es,phone,not_started,0,,,,2026-09-08 16:07:11,2026-09-08 02:45:34,12,0,yes,2026-09-08 03:20:34,7.0,Mon|Tue|Thu|Fri|Sun,afternoon,4.6,,yes,no,0,0,,,0,0,False,False,NYC,False
u_104319,Sacramento,2026-09-08 02:57:07,reentry_org,25-34,en,phone,in_progress,3,2026-09-08 05:26:45,2026-09-13 14:38:00,,2026-09-14 17:37:17,2026-09-10 21:59:36,84,48,yes,2026-09-08 04:00:07,7.0,Mon|Tue|Wed|Fri|Sat,afternoon,3.2,2026-10-07,yes,no,0,0,,,0,3,True,False,Sacramento,False
u_102001,NYC,2026-09-08 04:01:34,friend_family,35-44,en,phone,not_started,0,,,,2026-09-09 19:00:21,2026-09-09 08:47:20,10,0,yes,2026-09-08 04:48:34,3.0,Fri|Sat,morning,2.2,,yes,yes,0,0,,,0,0,False,False,NYC,False
u_102748,NYC,2026-09-08 04:40:25,reentry_org,25-34,es,phone,in_progress,4,2026-09-09 15:03:00,2026-09-14 12:17:00,,2026-09-14 15:48:24,2026-09-13 14:13:12,150,56,no,,,,,,,,yes,1,1,,,0,4,True,False,NYC,False
u_101141,NYC,2026-09-08 07:56:38,paid_social,55+,en,phone,in_progress,2,2026-09-08 22:03:45,2026-09-14 23:36:00,,2026-09-15 02:13:00,2026-09-12 19:54:32,43,43,yes,2026-09-08 08:08:38,5.0,Wed|Thu|Fri,late_night,1.8,2026-10-25,unsure,no,0,0,,,0,2,True,False,NYC,False
u_100341,NYC,2026-09-08 09:05:36,parole_probation_officer,25-34,en,laptop,in_progress,1,2026-09-09 17:36:00,2026-09-09 17:36:00,,2026-09-11 15:54:13,2026-09-10 06:52:59,17,0,yes,2026-09-08 09:27:36,10.0,Mon|Tue|Wed|Thu|Fri|Sat|Sun,evening,5.2,2026-10-10,yes,no,0,1,,,0,1,True,False,NYC,False
u_104197,Sacramento,2026-09-08 10:00:18,reentry_org,55+,en,phone,not_started,0,,,,2026-09-09 15:06:12,2026-09-08 10:00:18,6,0,yes,2026-09-08 11:12:18,3.0,Mon|Sun,afternoon,1.1,,no,yes,0,0,,,0,0,False,False,Sacramento,False
u_102874,NYC,2026-09-08 10:51:03,friend_family,25-34,es,laptop,in_progress,1,2026-09-13 17:38:00,2026-09-13 17:38:00,,2026-09-14 23:50:00,2026-09-13 06:15:00,13,13,yes,2026-09-08 11:24:03,10.0,Mon|Tue|Wed|Thu|Fri|Sat|Sun,evening,5.1,2026-10-02,unsure,no,0,2,,,0,1,True,False,NYC,False
u_100369,NYC,2026-09-08 13:44:04,reentry_org,25-34,en,phone,not_started,0,,,,2026-09-14 04:18:22,2026-09-08 13:44:04,4,4,no,,,,,,,,yes,0,0,,,0,0,False,False,NYC,False
u_104220,Sacramento,2026-09-08 17:00:18,parole_probation_officer,35-44,en,laptop,in_progress,3,2026-09-09 17:46:00,2026-09-14 18:47:00,,2026-09-14 20:10:00,2026-09-08 17:00:18,88,102,yes,2026-09-08 18:06:18,3.0,Tue|Wed,evening,1.5,,no,no,0,1,,,0,3,True,False,Sacramento,True
u_105788,Boston,2026-09-08 23:19:04,paid_social,25-34,en,laptop,not_started,0,,,,2026-09-09 08:33:52,2026-09-09 00:55:32,6,0,no,,,,,,,,no,0,0,,,0,0,False,False,Boston,False
u_103691,NYC,2026-09-09 00:14:29,paid_social,35-44,es,shared_computer,not_started,0,,,,2026-09-09 08:55:22,2026-09-09 00:14:29,4,0,yes,2026-09-09 01:43:29,5.0,Mon|Tue|Sat,late_night,2.4,,yes,no,0,0,,,0,0,False,False,NYC,False
u_103535,NYC,2026-09-09 00:15:43,reentry_org,35-44,en,phone,not_started,0,,,,2026-09-10 12:51:40,2026-09-09 00:15:43,8,0,yes,2026-09-09 00:34:43,7.0,Mon|Tue|Wed|Fri|Sun,late_night,4.5,2026-10-24,yes,yes,0,0,,,0,0,False,False,NYC,False
u_100355,NYC,2026-09-09 02:39:06,friend_family,25-34,en,phone,in_progress,3,2026-09-09 02:47:22,2026-09-14 11:14:00,,2026-09-15 01:32:00,2026-09-09 02:39:06,114,99,yes,2026-09-09 03:00:06,7.0,Mon|Wed|Thu|Fri|Sat,morning,2.8,,no,yes,1,0,,,0,3,True,False,NYC,False
u_100480,NYC,2026-09-09 03:19:41,paid_social,25-34,en,phone,in_progress,2,2026-09-09 03:57:18,2026-09-11 22:02:00,,2026-09-14 12:18:19,2026-09-12 22:06:34,50,2,no,,,,,,,,no,0,0,,,0,2,True,False,NYC,False
u_100850,NYC,2026-09-09 04:46:11,workforce_center,25-34,en,phone,in_progress,2,2026-09-10 23:58:00,2026-09-13 23:25:00,,2026-09-14 21:56:00,2026-09-12 06:05:02,39,34,no,,,,,,,,yes,0,1,,,0,2,True,False,NYC,False
u_102821,NYC,2026-09-09 05:05:39,friend_family,35-44,es,phone,in_progress,1,2026-09-10 11:01:00,2026-09-10 11:01:00,,2026-09-15 01:30:00,2026-09-12 16:18:29,20,2,yes,2026-09-09 06:34:39,3.0,Mon|Tue,morning,2.7,2026-11-18,yes,no,0,1,,,0,1,True,False,NYC,False
u_102126,NYC,2026-09-09 05:10:03,paid_social,25-34,en,phone,in_progress,6,2026-09-09 05:20:23,2026-09-13 20:31:00,,2026-09-14 20:54:00,2026-09-09 05:10:03,185,110,no,,,,,,,,yes,6,1,,,0,6,True,False,NYC,False
u_103472,NYC,2026-09-09 06:19:55,reentry_org,18-24,en,phone,in_progress,1,2026-09-11 22:13:00,2026-09-11 22:13:00,,2026-09-15 05:36:00,2026-09-14 04:53:33,18,4,no,,,,,,,,no,0,1,,,0,1,True,False,NYC,False
u_103275,NYC,2026-09-09 08:03:01,paid_social,35-44,en,phone,in_progress,1,2026-09-14 20:59:00,2026-09-14 20:59:00,,2026-09-14 21:40:39,2026-09-11 07:19:42,16,16,yes,2026-09-09 08:29:01,3.0,Thu|Sun,evening,1.9,2026-11-17,yes,no,0,1,,,0,1,True,False,NYC,False
u_103033,NYC,2026-09-09 09:24:38,reentry_org,18-24,en,laptop,not_started,0,,,,2026-09-10 07:43:45,2026-09-09 09:24:38,2,0,yes,2026-09-09 10:22:38,3.0,Wed|Sat,evening,2.3,2026-11-09,no,no,0,0,,,0,0,False,False,NYC,False
u_103132,NYC,2026-09-09 14:26:23,parole_probation_officer,25-34,en,laptop,in_progress,2,2026-09-09 14:41:35,2026-09-10 15:05:00,,2026-09-15 01:08:00,2026-09-14 22:49:45,54,12,yes,2026-09-09 15:28:23,5.0,Thu|Fri|Sun,afternoon,3.5,,unsure,no,0,0,,,0,2,True,False,NYC,False
u_101897,NYC,2026-09-09 19:55:50,friend_family,35-44,en,laptop,in_progress,1,2026-09-09 22:44:57,2026-09-09 22:44:57,,2026-09-15 03:49:00,2026-09-13 19:34:29,16,4,no,,,,,,,,no,0,0,,,0,1,True,False,NYC,False
u_104729,Sacramento,2026-09-09 20:26:16,paid_social,25-34,en,phone,not_started,0,,,,2026-09-15 00:27:00,2026-09-13 20:36:56,8,8,no,,,,,,,,no,0,0,,,0,0,False,False,Sacramento,False
u_100302,NYC,2026-09-09 21:16:43,paid_social,35-44,en,phone,not_started,0,,,,2026-09-10 12:39:33,2026-09-09 21:16:43,10,0,yes,2026-09-09 22:18:43,10.0,Mon|Tue|Wed|Thu|Fri|Sat|Sun,late_night,5.2,2026-09-30,no,yes,0,0,,,0,0,False,False,NYC,False
u_102302,NYC,2026-09-09 23:53:52,paid_social,45-54,en,laptop,in_progress,2,2026-09-12 14:45:00,2026-09-12 15:17:00,,2026-09-13 16:41:52,2026-09-09 23:53:52,58,58,yes,2026-09-10 00:15:52,3.0,Wed|Thu,afternoon,1.1,,no,no,0,1,,,0,2,True,False,NYC,False
u_101324,NYC,2026-09-10 00:20:30,paid_social,25-34,en,phone,in_progress,1,2026-09-11 09:43:00,2026-09-11 09:43:00,,2026-09-15 03:15:00,2026-09-10 00:20:30,20,10,yes,2026-09-10 00:30:30,5.0,Tue|Wed|Sun,morning,2.1,,yes,no,0,1,,,0,1,True,False,NYC,False
u_102015,NYC,2026-09-10 02:14:16,parole_probation_officer,25-34,en,phone,in_progress,2,2026-09-12 22:27:00,2026-09-14 22:18:00,,2026-09-15 01:12:17,2026-09-14 03:41:46,47,46,no,,,,,,,,no,0,2,,,0,2,True,False,NYC,False
u_104344,Sacramento,2026-09-10 02:46:28,parole_probation_officer,25-34,en,laptop,in_progress,3,2026-09-12 21:27:00,2026-09-13 20:47:00,,2026-09-14 01:24:25,2026-09-13 23:44:03,105,105,no,,,,,,,,no,0,0,,,0,3,True,False,Sacramento,False
u_104171,Sacramento,2026-09-10 02:59:26,friend_family,45-54,es,phone,in_progress,1,2026-09-11 18:12:00,2026-09-11 18:12:00,,2026-09-13 05:53:02,2026-09-11 05:00:59,14,9,yes,2026-09-10 03:47:26,5.0,Mon|Thu|Sat,evening,2.3,2026-10-24,yes,yes,0,1,,,0,1,True,False,Sacramento,False
u_104980,Sacramento,2026-09-10 06:56:52,paid_social,35-44,en,laptop,in_progress,2,2026-09-10 07:33:19,2026-09-10 16:16:00,,2026-09-11 08:33:08,2026-09-10 06:56:52,47,0,no,,,,,,,,no,0,1,,,0,2,True,False,Sacramento,False
u_105929,Boston,2026-09-10 08:03:49,workforce_center,25-34,en,phone,not_started,0,,,,2026-09-10 21:05:40,2026-09-10 08:03:49,4,0,yes,2026-09-10 09:06:49,10.0,Mon|Tue|Wed|Thu|Fri|Sat|Sun,evening,5.0,2026-10-19,no,yes,0,0,,,0,0,False,False,Boston,False
u_101032,NYC,2026-09-10 15:15:37,workforce_center,25-34,en,phone,not_started,0,,,,2026-09-11 23:55:52,2026-09-10 15:15:37,8,0,no,,,,,,,,no,0,0,,,0,0,False,False,NYC,False
u_100551,NYC,2026-09-10 18:24:13,parole_probation_officer,18-24,en,phone,in_progress,4,2026-09-10 20:37:23,2026-09-14 22:32:00,,2026-09-15 00:51:00,2026-09-13 21:46:48,153,112,yes,2026-09-10 18:44:13,5.0,Mon|Thu|Sun,late_night,2.0,,yes,yes,6,0,,,0,4,True,False,NYC,False
u_104473,Sacramento,2026-09-11 00:26:44,reentry_org,25-34,en,phone,in_progress,4,2026-09-11 00:56:13,2026-09-14 21:11:00,,2026-09-15 05:50:00,2026-09-13 15:21:25,134,96,yes,2026-09-11 01:01:44,3.0,Tue|Sat,evening,2.6,2026-11-07,no,no,0,2,,,0,4,True,False,Sacramento,False
u_104906,Sacramento,2026-09-11 01:13:53,reentry_org,25-34,en,phone,not_started,0,,,,2026-09-11 04:46:32,2026-09-11 01:13:53,5,0,yes,2026-09-11 01:17:53,10.0,Mon|Tue|Wed|Thu|Fri|Sat|Sun,morning,4.4,2026-10-23,unsure,no,0,0,,,0,0,False,False,Sacramento,False
u_105383,Sacramento,2026-09-11 04:25:23,reentry_org,25-34,en,phone,not_started,0,,,,2026-09-15 03:47:00,2026-09-14 00:59:27,10,4,yes,2026-09-11 05:49:23,5.0,Mon|Thu|Sun,morning,2.0,,yes,no,0,0,,,0,0,False,False,Sacramento,False
u_102391,NYC,2026-09-11 05:00:23,parole_probation_officer,35-44,en,phone,in_progress,1,2026-09-11 05:44:12,2026-09-11 05:44:12,,2026-09-13 04:21:38,2026-09-11 05:00:23,17,9,no,,,,,,,,yes,3,0,,,0,1,True,False,NYC,False
u_101290,NYC,2026-09-11 05:45:12,workforce_center,35-44,en,shared_computer,not_started,0,,,,2026-09-11 16:53:03,2026-09-11 05:45:12,5,0,yes,2026-09-11 06:22:12,10.0,Mon|Tue|Wed|Thu|Fri|Sat|Sun,afternoon,4.8,2026-10-22,yes,no,0,0,,,0,0,False,False,NYC,False
u_102670,NYC,2026-09-11 06:04:36,reentry_org,25-34,en,phone,not_started,0,,,,2026-09-11 21:12:32,2026-09-11 20:05:07,6,0,yes,2026-09-11 06:26:36,3.0,Wed|Fri,evening,1.7,2026-11-09,unsure,yes,0,0,,,0,0,False,False,NYC,False
u_101182,NYC,2026-09-11 07:29:50,parole_probation_officer,18-24,en,phone,not_started,0,,,,2026-09-11 13:22:46,2026-09-11 07:29:50,10,0,yes,2026-09-11 08:07:50,3.0,Fri|Sat,evening,1.1,,yes,no,0,0,,,0,0,False,False,NYC,False
u_102837,NYC,2026-09-11 07:51:11,paid_social,18-24,en,tablet,in_progress,1,2026-09-11 08:34:04,2026-09-11 08:34:04,,2026-09-12 06:42:15,2026-09-11 07:51:11,12,1,yes,2026-09-11 08:31:11,5.0,Tue|Thu|Fri,morning,2.2,2026-11-03,yes,no,0,1,,,0,1,True,False,NYC,False
u_103619,NYC,2026-09-11 09:33:14,reentry_org,45-54,es,phone,in_progress,1,2026-09-11 09:43:39,2026-09-11 09:43:39,,2026-09-12 04:49:10,2026-09-11 09:33:14,20,0,yes,2026-09-11 10:38:14,5.0,Mon|Fri|Sat,afternoon,3.4,2026-11-06,unsure,no,0,1,,,0,1,True,False,NYC,False
u_105881,Boston,2026-09-11 09:34:39,parole_probation_officer,18-24,en,phone,not_started,0,,,,2026-09-15 01:50:00,2026-09-12 07:57:05,2,2,yes,2026-09-11 10:53:39,5.0,Tue|Wed|Fri,morning,3.4,2026-10-29,no,no,0,0,,,0,0,False,False,Boston,False
u_101299,NYC,2026-09-11 10:55:22,workforce_center,25-34,en,phone,not_started,0,,,,2026-09-12 10:40:16,2026-09-11 10:55:22,2,2,yes,2026-09-11 11:36:22,10.0,Mon|Tue|Wed|Thu|Fri|Sat|Sun,evening,4.3,2026-10-23,yes,no,0,0,,,0,0,False,False,NYC,False
u_102871,NYC,2026-09-11 11:49:39,friend_family,35-44,en,phone,not_started,0,,,,2026-09-11 12:19:42,2026-09-11 11:49:39,2,0,no,,,,,,,,no,0,0,,,0,0,False,False,NYC,False
u_101346,NYC,2026-09-11 14:27:50,paid_social,25-34,en,laptop,not_started,0,,,,2026-09-14 21:48:00,2026-09-12 17:48:12,7,7,yes,2026-09-11 15:38:50,7.0,Tue|Wed|Thu|Fri|Sat,evening,4.3,2026-10-16,yes,no,0,0,,,0,0,False,False,NYC,False
u_104118,Sacramento,2026-09-11 15:21:39,workforce_center,18-24,en,phone,not_started,0,,,,2026-09-11 21:05:21,2026-09-11 15:21:39,5,0,yes,2026-09-11 16:23:39,7.0,Mon|Tue|Wed|Thu|Sun,late_night,4.3,2026-10-09,yes,no,0,0,,,0,0,False,False,Sacramento,False
u_103077,NYC,2026-09-11 15:33:54,paid_social,25-34,es,laptop,in_progress,1,2026-09-12 12:01:00,2026-09-12 12:01:00,,2026-09-12 17:41:36,2026-09-12 16:47:36,11,11,no,,,,,,,,yes,4,1,,,0,1,True,False,NYC,False
u_102563,NYC,2026-09-11 15:55:58,paid_social,25-34,en,phone,in_progress,1,2026-09-12 20:18:00,2026-09-12 20:18:00,,2026-09-13 09:54:58,2026-09-11 15:55:58,10,10,yes,2026-09-11 16:00:58,10.0,Mon|Tue|Wed|Thu|Fri|Sat|Sun,evening,5.6,2026-10-06,yes,no,0,1,,,0,1,True,False,NYC,False
u_101175,NYC,2026-09-11 23:55:22,paid_social,18-24,en,phone,in_progress,2,2026-09-12 10:25:00,2026-09-12 08:32:00,,2026-09-12 23:59:41,2026-09-11 23:55:22,59,48,no,,,,,,,,no,0,0,,,0,2,True,False,NYC,False
